gene,label
Cab39,1
Slc45a3,1
Smyd2,0
Man1b1,0
Itga6,0
1110051M20Rik,0
Ambra1,1
Trp53i11,0
Chp1,1
Nelfcd,0
Cables2,1
Skil,0
4930593A02Rik,0
Sh3d19,1
Mab21l2,0
Lamtor2,0
Dbt,0
St6galnac3,0
Kdm4c,0
Usp1,0
Eri3,0
Pum1,1
Sema3c,0
Cnpy1,0
Bloc1s4,0
Grsf1,0
Brdt,0
Gak,0
Oas2,0
Oas1a,0
Dnajc30,0
Zfp655,0
Aoc1,0
Suclg2,0
Foxp1,1
Bcl2l14,0
Pafah1b3,0
Ltbp4,0
Gramd1a,0
Rhpn2,0
Iqgap1,0
Ino80e,0
Cnn1,1
Rexo2,0
Tmod3,1
Cdv3,0
Dock3,0
Cmtm7,0
Sash1,0
Ptprk,0
Pdss2,0
Ggt5,0
Ptprr,0
Llph,1
Tsfm,0
Tekt1,0
Tlcd2,1
Myo1c,0
Ddx42,0
Rbfox3,1
Dgkb,0
Dnajb9,0
Ylpm1,1
Ahsa1,1
Meg3,0
Dync1h1,0
Dsp,0
Ipo11,0
Bap1,1
Samd12,0
Slc39a4,0
Josd1,0
Zfp740,1
Sult1c2,0
Paip2,1
Mbd2,0
Ctdp1,0
Ovol1,0
Kat5,1
Fen1,0
Insl6,0
Atp6ap2,0
Abcb7,0
Zdhhc15,0
Rragb,0
Pdha1,0
