gene,label
2610203C22Rik,0
Vcpip1,1
Arfgef1,0
Ncoa2,0
Rpl7,0
Stau2,0
Ube2w,0
Lmbrd1,0
Hs6st1,0
Cox5b,1
Pdcl3,0
Rpl31,0
Nck2,1
Col5a2,0
Stat1,0
Gls,0
Nab1,1
Inpp1,0
Spats2l,0
Sumo1,1
Raph1,0
Nrp2,0
Creb1,0
Erbb4,0
Bard1,0
Rpl37a,0
Arpc2,0
Stk16,0
Acsl3,0
Serpine2,0
Pid1,1
Trip12,0
C130026I21Rik,0
Atg16l1,0
Mlph,0
Ramp1,0
Asb1,0
Farp2,1
Pam,0
Cntnap5b,0
Gli2,0
Dbi,1
Ccnt2,0
Dars,0
Prelp,0
Kdm5b,0
Ppp1r12b,0
Phlda3,1
Ptprc,0
Smg7,0
Xpr1,0
Qsox1,1
Slc19a2,0
Atp1b1,1
Pou2f1,0
Mgst3,0
Rgs5,0
Sdhc,0
Ndufs2,0
Alyref2,0
Cox20,0
Psen2,0
Capn2,0
Ppp2r5a,0
Kcnh1,0
Cd34,0
Stam,0
Pip4k2a,1
Etl4,0
Arhgap21,0
Apbb1ip,1
Abi1,1
Mrpl41,0
Ssna1,0
Surf6,0
Surf1,0
Surf4,0
Ralgds,0
Gle1,0
Sh3glb2,0
Fnbp1,0
Fam102a,0
St6galnac6,0
Cdk9,0
Angptl2,0
Psmd5,0
Cutal,0
Gsn,0
Dab2ip,0
Ndufa8,0
Pdcl,0
Ppp6c,0
Ssb,0
Gorasp2,0
Cdca7,0
Ola1,1
Rbm45,0
Ttn,0
Cwc22,0
Itgav,0
Ctnnd1,1
Serping1,1
Ube2l6,0
Ssrp1,0
Madd,0
Cry2,1
Cd82,0
Pamr1,0
Ehf,0
Hipk3,1
Qser1,0
Ccdc73,0
Arl14ep,0
Nop10,0
Emc7,0
Fam98b,1
Mga,1
Slc30a4,0
Itpripl1,0
Mall,0
Tmem87b,0
Chchd5,0
Snrpb,0
Adam33,0
9630028H03Rik,0
Ndufaf5,0
Macrod2,0
Naa20,0
Cst3,0
Entpd6,0
Fkbp1a,1
H13,0
Ccm2l,1
Pofut1,0
Efcab8,0
Chmp4b,0
Eif2s2,0
Ahcy,0
Dynlrb1,1
Trpc4ap,0
Procr,0
Romo1,0
Blcap,0
Fam83d,1
Pkig,0
Ctsa,0
Pltp,0
Zfp64,1
Zfp217,0
Bcas1,0
Pck1,1
Vapb,0
Atp5e,0
Psma7,0
Tpd52,0
Prkci,0
Zfp639,0
Dnajc19,0
Mfsd8,0
Supt20,0
Alg5,0
Nbea,0
Eif2a,0
Ccnl1,1
Mfsd1,0
Lrba,0
Pear1,0
Hdgf,0
Ubqln4,1
Ssr2,0
Rit1,0
Scamp3,0
Adar,0
Tpm3,0
Rps27,0
Ilf2,0
S100a13,1
S100a14,0
S100a4,1
Setdb1,0
Ctss,0
Mcl1,0
Mrps21,0
Plekho1,0
Otud7b,1
Pex11b,0
Pias3,0
Hmgcs2,0
Hao2,0
Atp1a1,1
Trim33,0
Capza1,0
Rap1a,0
Gstm1,0
Gnai3,0
Gpsm2,0
Vcam1,1
Cnn3,0
Fnbp1l,0
Papss1,0
Cisd2,0
Nfkb1,0
Dnajb14,0
Gbp3,0
Gbp2,0
Lmo4,0
Ddah1,0
Pigk,0
Acadm,0
Slc44a5,0
Slc35a1,0
Mob3b,1
Lingo2,1
Ndufb6,0
B4galt1,0
Dcaf12,0
Ubap1,0
Ccl21a,0
Rnf38,1
Zcchc7,0
Xpa,0
Grin3a,0
Slc44a1,0
Klf4,0
Ptpn3,0
Lpar1,0
Alad,0
Atp6v1g1,0
Cdk5rap2,0
Acer2,0
Cyp2j6,0
Tm2d1,0
Insl5,0
Acot11,0
Tmem59,0
Nrd1,0
Osbpl9,0
Eps15,0
Agbl4,1
Skint3,0
Faah,0
Pomgnt1,0
Tspan1,1
Pik3r3,0
Hectd3,0
Ybx1,1
Scmh1,1
Macf1,0
Meaf6,0
Zc3h12a,0
Map7d1,0
5730409E04Rik,0
Khdrbs1,1
Mecr,0
Trnau1ap,0
Rpa2,0
Tmem222,0
Wdtc1,1
Zdhhc18,0
Pigv,1
Rcan3,0
C1qc,0
Epha8,0
Hspg2,0
Hp1bp3,1
Rnf186,0
Hspb7,0
Mfn2,1
Plod1,0
Mtor,0
Srm,0
Ube4b,0
Rpl22,0
Cdk11b,0
Ube2j2,0
Sdf4,0
Krit1,0
Magi2,0
Fgl2,0
Armc10,1
Reln,0
Agap3,0
Chpf2,0
Hadha,0
Ost4,0
Ppm1g,0
Mrpl33,0
Spon2,1
Hgfac,0
Clnk,1
Pcdh7,0
Pgm2,0
Rbm47,0
Limch1,1
Slain2,1
Chic2,0
G3bp2,1
Stbd1,0
Ccni,0
Fras1,1
Hnrnpd,1
Sec31a,0
Coq2,0
Tgfbr3,0
Gak,0
Dgkq,1
Noc4l,0
Ep400,0
2900026A02Rik,0
Tmem119,1
Coro1c,1
Ube3b,0
Sppl3,1
Pop5,0
Pxn,0
BC051077,0
Ddx54,0
Ptpn11,1
Trafd1,0
Aldh2,0
Psmd9,0
Zcchc8,0
Vps37b,1
Eif2b1,0
Tmem248,0
Tyw1,0
Auts2,0
Gtf2ird1,0
Rfc2,0
Cldn3,0
Ywhag,1
Rasa4,0
Polr2j,0
Ephb4,0
Ppp1r35,1
Lamtor4,1
Zfp68,0
Pdgfa,0
Eif3b,0
Chst12,1
Gna12,1
Foxk1,1
Arpc1b,0
Bud31,1
Zkscan5,1
Lnx2,0
Polr1d,0
Katnal1,0
Col1a2,0
Casd1,0
Ndufa4,0
2610001J05Rik,0
Tfec,0
Tspan12,1
Arf5,0
Irf5,0
Smo,0
Zc3hc1,0
Podxl,0
9330158H04Rik,0
Creb3l2,0
1700074P13Rik,0
Zfp956,0
Rarres2,0
Gimap8,0
Malsu1,1
Igf2bp3,0
Wipf3,0
Znrf2,0
Nt5c3,0
Vopp1,0
Fam13a,1
Atoh1,1
Gng12,0
Serbp1,0
Rpia,0
Rnf181,0
Ggcx,0
Kcmf1,0
Suclg1,0
Tet3,1
Dysf,0
Exoc6b,0
Spr,0
Snrpg,0
Rpn1,0
Mcm2,0
Tpra1,1
Xpc,0
Mrps25,0
Edem1,1
Srgap3,1
Thumpd3,0
Gt(ROSA)26Sor,0
Tada3,0
Atg7,0
Mbd4,0
Tmcc1,0
Zfp422,1
Cxcl12,0
Fbxl14,0
Rad52,0
Wnk1,0
Pex26,0
Mfap5,0
Apobec1,0
Foxj2,1
C3ar1,0
Lpcat3,0
Emg1,0
Phb2,1
Atn1,0
Usp5,0
Gapdh,1
Ccnd2,0
Tspan9,1
Clec2d,0
Klra7,0
Gprc5a,0
Mgp,0
Cmas,0
Sspn,0
Ndufa3,0
Prpf31,0
Ppp6r1,0
Epn1,0
Sae1,0
Calm3,1
Opa3,0
Vasp,0
Clptm1,1
Ceacam20,1
Ceacam10,0
Cyp2s1,0
Ltbp4,0
Shkbp1,1
Fbl,0
Rps16,0
Zfp36,1
Sycn,0
Zfp568,1
Polr2i,0
Tmem147,0
Usf2,0
Lrp3,1
Rhpn2,0
Tshz3,1
2310002F09Rik,0
Tbc1d17,0
Scaf1,0
Rras,0
Prrg2,1
Rps11,0
Rpl13a,0
Nucb1,1
Ppp1r15a,0
Fut1,0
Ldha,0
Atp10a,0
Mcee,0
Tm2d3,0
Slco3a1,1
Pde8a,0
Whamm,1
Homer2,0
Zfand6,1
Crebzf,1
Rab30,0
Prcp,0
Rps3,0
Spcs2,0
Lipt2,0
Ucp2,0
Arhgef17,0
Numa1,0
Rhog,1
Trim21,0
Mrpl17,0
Eif3f,0
Rnf141,0
Lyve1,0
Spon1,1
1110004F10Rik,0
Tmem159,0
Dctn5,0
Coro1a,1
Ppp4c,1
Aldoa,0
Zfp768,0
Prr14,0
Fus,1
Trim72,1
Dock1,0
Clrn3,0
Ptpre,1
Ppp2r2d,0
Mtg1,1
Nlrp6,1
Lrrc56,0
Tspan4,1
Chid1,1
Mrpl23,0
Cdkn1c,0
Ccnd1,0
Pet100,0
Ing1,0
Tubgcp3,0
Fbxo25,0
Angpt2,0
Vps36,0
Ikbkb,0
Sfrp1,0
Ash2l,1
Rab11fip1,0
Mak16,0
Asah1,0
Ing2,0
Dctd,0
4930555F03Rik,0
Aga,0
Mfap3l,0
Sh3rf1,0
Csgalnact1,0
Upf1,0
Nr2f6,1
Dda1,0
B3gnt3,0
Zfp961,0
Rab8a,0
Sin3b,1
Arhgap10,1
Smad1,1
Ndufb7,0
Prkaca,0
Dcaf15,1
Nfix,0
Farsa,0
Man2b1,0
Vps35,0
N4bp1,1
Mt2,0
Mt1,0
Nup93,0
Arl2bp,0
Dok4,1
Got2,0
Bean1,0
Dync1li2,0
Nfatc3,1
Cdh1,0
Nfat5,0
Aars,0
Pdpr,0
Mlkl,0
Cmc2,0
Cmip,0
Cog2,0
Tomm20,0
Rbm34,0
Birc2,0
Arhgap42,0
Cntn5,0
Cep57,0
Pin1,1
Eif3g,0
Icam1,0
Prkcsh,0
Thyn1,0
Vps26b,0
Opcml,0
St14,0
Stt3a,0
Arhgef12,0
Dpagt1,0
Phldb1,1
Tagln,0
Rexo2,0
Dlat,0
Idh3a,0
Ireb2,0
Ube2q2,0
Cspg4,0
Scamp2,0
Stoml1,1
Nptn,0
Neo1,0
Arih1,0
Rplp1,0
Cln6,0
Smad3,0
Rpl4,0
Snapc5,0
Spg21,0
Dapk2,0
Usp3,1
Tpm1,0
Rora,1
Anxa2,1
Tcf12,0
Rab27a,1
Rsl24d1,0
Elovl5,0
Hmgn3,0
Mthfs,0
Slc9a9,0
Stag1,0
Pccb,0
Anapc13,0
Amotl2,0
Ryk,1
Rpl29,0
Manf,0
Apeh,0
Rhoa,1
Qars,0
Ip6k2,0
Shisa5,0
Ccdc51,0
Dhx30,0
Ubp1,1
Cnot10,1
Dync1li1,0
Cmtm6,0
Rpsa,1
Ctnnb1,0
Snrk,0
Lars2,0
Xcr1,0
Ccr2,0
Ccr5,0
Stxbp5,0
Utrn,0
Bclaf1,0
Myb,1
Stx7,0
Med23,0
Arg1,0
Akap7,0
Hint3,0
Sesn1,0
Nus1,0
Slc35f1,0
Smpdl3a,0
Pcbd1,0
Sar1a,0
Ctnna3,0
Nrbf2,0
Ccdc6,0
Bicc1,0
Col6a2,0
Itgb2,0
Rrp1,0
Med16,1
Tmem259,1
Rps15,0
Tcf3,0
Mknk2,1
Sgta,0
Map2k2,1
Zbtb7a,1
Nfyb,0
Ckap4,0
Rtcb,0
Timp3,0
Gnptab,0
Socs2,1
Atxn7l3b,1
Ptprr,0
Lyz2,0
Mdm2,0
Rap1b,0
Grip1,0
Tmbim4,1
Tbc1d30,1
Gns,0
Cnpy2,0
Xbp1,0
Nudcd3,0
Ppia,0
Upp1,0
4930554G24Rik,0
C1d,0
Ugp2,0
Xpo1,0
Usp34,1
Rtn4,0
Bod1,1
Cpeb4,1
Stk10,0
Slit3,0
Rars,0
Hmmr,0
Mgat1,0
Canx,0
Clk4,1
Col23a1,0
Sar1b,0
Ppp2ca,0
Uqcrq,0
P4ha2,0
Slc36a1,0
Atox1,0
Mfap3,0
Sap30l,1
2310033P09Rik,0
Mprip,0
Mfap4,0
Ubb,1
2410006H16Rik,0
Trim16,0
Vamp2,0
Naa38,1
Tnk1,1
Acadvl,0
Eno3,0
Ggt6,0
Ube2g1,0
Ovca2,0
Inpp5k,0
Cpd,0
Blmh,0
Traf4,1
Rpl23a,0
Slc13a2,0
Ift20,0
Lgals9,0
Nf1,1
Zfp207,0
Slfn4,0
Ap2b1,0
Ccl9,0
Vmp1,0
Rnf43,0
Srsf1,0
Eme1,0
Mrpl27,0
Slc35b1,0
Kpnb1,0
Mrpl45,0
Ppp1r1b,1
Stard3,0
Mien1,1
Jup,0
Acly,0
Cnp,0
Rab5c,0
Psme3,0
Etv4,1
Ppy,1
Pyy,1
Ubtf,0
Fzd2,0
Eftud2,0
Dcakd,0
Hexim1,0
Cdc27,0
Efcab3,0
Ace,1
Ftsj3,0
Psmc5,1
Ddx5,1
Slc39a11,0
Slc16a5,0
Mrps7,0
Grb2,1
Smim6,1
Galk1,0
Wbp2,0
Fbf1,0
Ten1,0
Prpsap1,0
Tmc8,0
Pgs1,0
Engase,0
Cbx4,1
Slc38a10,0
Hgs,0
Arhgdia,1
Anapc11,0
Gps1,1
Hexdc,0
Ddx1,0
Pdia6,0
Rps7,0
Agr2,0
Tspan13,1
Dgkb,0
Arl4a,0
Sptssa,0
Mipol1,0
Arf6,0
Mnat1,0
Slc38a6,0
Snapc1,0
Wdr89,0
Fntb,0
Gpx2,0
Plek2,0
Pigh,0
Vti1b,1
Srsf5,0
Pcnx,0
Rbm25,1
Psen1,0
Dlst,0
Nek9,0
Tmed10,0
Nrxn3,0
4930544I03Rik,0
Calm1,0
Fbln5,0
Ifi27l2b,0
Meg3,0
Hsp90aa1,0
Zfp839,0
Tecpr2,0
Amn,0
Mark3,0
Zfyve21,0
Mta1,0
Net1,0
Vps41,0
Stard3nl,0
Epdr1,0
Acot13,0
Gpld1,0
Dusp22,1
Irf4,1
Serpinb9,0
Serpinb6a,0
Ripk1,1
Tubb2a,0
Prpf4b,1
Ssr1,0
Ippk,0
4833439L19Rik,0
Prelid1,0
Grk6,0
Ddx41,0
Fam193b,0
Caml,1
Pcbd2,1
2210016F16Rik,0
Dapk1,0
Mtrr,0
Nsun2,0
Med10,0
Exoc3,0
Hapln1,0
Tmem167,0
Thbs4,0
Ap3b1,0
F2r,1
Sv2c,0
Fcho2,0
Tnpo1,0
Ptcd2,1
Naip5,0
Naip6,0
Naip1,0
Itga1,0
Nnt,0
Hmgcs1,0
Ube2e2,1
Anxa7,0
Camk2g,0
Kcnma1,0
Zmiz1,0
Zcchc24,0
Chdh,0
Stab1,0
Bap1,1
Sh3bp5,1
Tspan14,1
Bmp4,0
Ttc5,1
Parp2,0
Mettl3,0
Dad1,0
Slc7a7,0
Dcaf11,0
Psme1,0
Tinf2,0
Mipep,0
Trim13,0
Ctsb,0
Msra,0
Ints9,0
Ptk2b,1
Adamdec1,0
Ccar2,1
Sorbs3,0
Reep4,0
Rcbtb2,0
Lrch1,0
Tsc22d1,0
Klf5,0
Tbc1d4,0
Lmo7,0
Gpc5,1
Gpr180,1
Dnajc3,0
Lifr,0
Prlr,0
C1qtnf3,1
Adamts12,1
Tars,0
Zfr,0
Golph3,0
Zfp622,0
Sdc2,0
Cpq,0
Vps13b,0
Rims2,0
Tmem65,1
Mtss1,1
Trib1,1
Gsdmc4,0
Kcnq3,1
Gpr20,1
Ly6c1,0
Ly6c2,0
Zc3h3,1
Gsdmd,1
Eef1d,0
Sharpin,1
Adck5,0
Slc39a4,0
Ppp1r16a,0
Rbfox2,0
Txn2,1
Sh3bp1,0
H1f0,0
Polr2f,0
Rpl3,0
Tnrc6b,1
Ep300,1
Ndufa6,0
Cyb5r3,0
A4galt,0
Atxn10,0
Trabd,0
Lmf2,0
Chkb,0
Rabl2,0
Twf1,0
Arid2,1
Slc38a2,1
Slc48a1,0
Senp1,0
Kansl2,0
Prkag1,0
Tuba1b,0
Tuba1a,0
Fmnl3,0
Acvrl1,0
Krt7,0
Eif4b,0
Mfsd5,0
Tarbp2,0
Calcoco1,1
Copz1,0
Zfp263,0
Glyr1,1
Ubn1,0
Pla2g10,0
Mcm4,0
Pkp2,0
Sdf2l1,0
Aifm3,0
Klhl22,0
Slc25a1,0
Ranbp1,1
Mrpl40,0
Eif2b5,0
Ap2m1,0
Abcf3,0
Alg3,0
Psmd2,0
2510009E07Rik,0
Tra2b,0
Ostn,1
Ppp1r2,0
Fam162a,1
Ndufb4,0
Tfg,0
St3gal6,0
Gbe1,0
App,0
Adamts5,0
Ltn1,0
Usp16,0
Scaf4,0
Paxbp1,1
Gart,0
Son,0
Cbr3,0
Hmgn1,0
Scaf8,1
Tiam2,0
Slc22a1,0
Pkmyt1,0
Atp6v0c,0
Traf7,0
Snhg9,0
Mapk8ip3,0
Ube2i,0
Stub1,0
Rab11fip3,0
Nme4,0
Axin1,1
Ergic1,0
Atp6v0e,0
Bak1,0
Rps10,0
Snrpc,0
Rpl10a,0
Srpk1,1
Srsf3,0
Mtch1,0
Ndufv3,0
U2af1,0
Hnrnpm,0
Ndufa7,0
Brd2,0
Tap1,0
Tap2,0
H2-Aa,0
Agpat1,1
C4b,0
Slc44a4,0
Abhd16a,0
Csnk2b,1
2310061I04Rik,0
Trim26,0
Tnfrsf21,1
Cyp39a1,0
Cdc5l,0
Slc35b2,0
Hsp90ab1,1
F630040K05Rik,0
Mad2l1bp,0
Klc4,0
Ubr2,1
Nfya,1
Kcnh8,0
Sh3gl1,0
Plin3,0
Ndufa11,0
Acer1,0
C3,0
Twsg1,1
Rab12,0
Ptprm,0
Lama1,0
Smchd1,0
Ndc80,0
Lclat1,0
Galnt14,0
Xdh,0
Yipf4,0
Strn,1
Map4k3,0
Ppm1b,0
Epc1,0
Wac,0
Ccny,0
Mep1b,0
Mapre2,0
Wdr33,1
Map3k2,0
Srp19,0
Sil1,0
Ube2d2a,0
Cystm1,0
Hars,0
Pcdhb12,0
Gnpda1,0
Spry4,0
Yipf5,1
Lars,0
Myot,0
Lmnb1,0
Cdx1,0
Hmgxb3,0
Csnk1a1,1
Pcyox1l,0
Txnl1,0
Wdr7,1
Lman1,0
Ccbe1,0
Afg3l2,0
Rnmt,0
Myo5b,0
Atp5a1,0
Dok6,0
Cdk2ap2,0
Aip,0
Ppp1ca,1
Kdm2a,0
Yif1a,0
Sf3b2,0
Banf1,0
Fibp,0
Cfl1,0
Kat5,1
Men1,1
Sf1,0
Dnajc4,0
Stip1,0
Cox8a,0
Naa40,0
Atl3,0
Chrm1,0
Ttc9c,0
1810009A15Rik,0
Tmem258,0
Syt7,1
Sdhaf2,0
Tmem109,1
Prpf19,0
Zfand5,0
Pten,0
Slc16a12,0
Exoc6,0
Ffar4,0
Aldh18a1,0
Tm9sf3,0
Mms19,1
Marveld1,0
R3hcc1l,0
Nkx2-3,0
Erlin1,0
Chuk,0
Scd1,0
Mrpl43,0
Btrc,0
Nolc1,1
Cuedc2,1
Trim8,1
Neurl1a,1
Sfr1,1
Sorcs1,0
Tcf7l2,0
Casp7,0
Gripap1,1
Otud5,0
Timm17b,0
Glod5,0
Tbc1d25,0
Dynlt3,0
Cask,0
Maoa,0
Slc9a7,0
Il13ra1,0
Pgrmc1,0
Slc25a5,0
Aifm1,0
Hprt,0
Arhgef6,0
Ids,0
Ssr4,0
Emd,0
Gdi1,0
Lage3,0
Pls3,0
Rps4x,0
Nox1,0
Hnrnph2,0
Cldn2,0
Tsr2,0
Smc1a,0
Sat1,1
Rps6ka3,0
Sh3kbp1,1
Rbbp7,1
Pir,1
Ddx3y,0
mt-Co2,1
mt-Atp6,0
