gene,label
Vcpip1,1
Cops5,0
Sulf1,0
Ncoa2,0
Tram1,0
Rpl7,0
Ube2w,0
Smap1,0
Fam135a,0
Col9a1,0
Ptp4a1,0
Dst,0
Imp4,0
Mgat4a,0
Mfsd9,0
Tgfbrap1,0
Slc39a10,0
Osgepl1,0
Dnah7a,0
Sf3b1,0
Mob4,0
9130024F11Rik,0
Orc2,0
Casp8,0
Nop58,0
Cyp20a1,0
Cd28,0
Ino80d,0
Adam23,0
Acadl,0
Bard1,0
Rpl37a,0
Aamp,0
Zfand2b,0
Ankzf1,0
Resp18,0
Sgpp2,0
Cul3,0
Sp110,1
2810459M11Rik,0
Ptma,1
Eif4e2,1
Col6a3,0
Rbm44,0
Ilkap,0
Asb1,0
Ndufa10,0
Rnpepl1,0
Hdlbp,0
Rnf152,1
Zcchc2,0
Phlpp1,0
Serpinb5,1
Slc35f5,0
Klhdc8a,0
Mdm4,0
Ppp1r15b,0
Snrpe,0
Zc3h11a,0
Optc,0
Adipor1,0
Arl8a,0
Pkp1,0
Ptprc,0
Aspm,1
1700025G04Rik,0
Smg7,0
Dhx9,0
Rnasel,0
Ier5,0
Qsox1,1
Abl2,0
Mrps14,0
Gorab,0
Sft2d2,0
Mpc2,1
Gpa33,0
Aldh9a1,0
Pbx1,1
Uhmk1,0
Nos1ap,0
Tomm40l,0
Pfdn2,0
Tstd1,0
Ncstn,0
Copa,0
Kcnj10,0
Aim2,0
Ifi205,0
Hnrnpu,0
Smyd3,0
Parp1,1
Acbd3,1
Sde2,0
Tmem63a,0
Nvl,0
Wdr26,1
Srp9,0
Fbxo28,0
Disp1,0
Brox,0
Bpnt1,0
Lyplal1,1
Smyd2,0
Kcnh1,0
Prpf18,0
Mcm10,0
Cdc123,1
Sec61a2,0
Rsu1,1
Vim,0
Stam,0
Ehmt1,0
Arrdc1,1
Tubb4b,0
Pmpca,0
Sardh,0
Mrps2,0
Ttf1,1
Med27,0
Rapgef1,1
Urm1,0
Set,0
Nup188,0
Dolpp1,0
Crat,0
Tor1b,0
Ass1,0
Exosc2,1
Pomt1,0
Swi5,0
Ralgps1,1
Rabepk,0
Gsn,0
Ttll11,0
Ndufa8,0
Ppp6c,0
Zeb2,0
Mbd5,0
Mmadhc,0
Rbm43,0
Prpf40a,1
Upp2,0
Ly75,0
Phospho2,0
Hat1,0
Pdk1,1
Ola1,1
Hoxd8,0
Hnrnpa3,0
Nfe2l2,0
Rbm45,0
Prkra,0
Plekha3,0
Tfpi,0
Ube2l6,0
Ndufs3,0
Ptpmt1,1
Celf1,0
Acp2,0
Arfgap2,0
Trp53i11,0
Ttc17,0
Api5,0
Pdhx,0
Abtb2,0
Fbxo3,0
Cstf3,0
Tcp11l1,1
Ccdc73,0
Eif3m,0
Kif18a,0
Nop10,0
Emc4,0
Arhgap11a,0
Aqr,0
Zfp770,0
3110099E03Rik,0
Eif2ak4,0
Rad51,0
Spint1,1
Nusap1,0
Serf2,0
Slc30a4,0
Dut,0
Usp8,0
Trpm7,0
Snrnp200,0
Stard7,0
Bub1,0
Tmem87b,0
Ptpra,1
Mrps26,0
Lzts3,1
Gfra4,0
Pank2,1
Slc23a2,0
Tmem230,0
Chgb,0
Tasp1,0
Ovol2,0
Foxa2,1
Sdcbp2,0
Tbc1d20,0
Rbck1,1
Id1,0
Pdrg1,0
Commd7,1
Zfp341,0
Dynlrb1,1
Pigu,0
Gss,0
Edem2,0
Procr,0
Eif6,0
Blcap,0
Plcg1,0
Oser1,0
Fitm2,0
Hnf4a,0
Ncoa5,0
Slc35c2,0
Slc2a10,1
Stau1,0
B4galt5,0
Rnf114,0
Ptpn1,0
Zbp1,0
Stx16,0
Npepl1,0
Ctsz,0
Cdh26,0
Adrm1,1
Dido1,0
Ythdf1,1
Ppdpf,0
Gmeb2,0
Polr3k,0
Mrps28,0
Zfp704,0
Impa1,1
E2f5,0
Zmat3,0
Mrpl47,0
Fxr1,0
Dnajc19,0
Sox2ot,0
Mccc1,0
Acad9,0
Ccna2,0
Ankrd50,0
Hspa4l,0
Postn,0
Supt20,0
Exosc8,0
Dclk1,0
Arhgef26,0
Tiparp,0
Lxn,0
Mfsd1,0
Smc4,0
Ppm1l,0
Bche,0
Glrb,0
Plrg1,0
Mnd1,0
Dclk2,0
Mrpl24,0
Lmna,0
Rab25,0
Lamtor2,0
Ubqln4,1
Ssr2,0
Dap3,0
Fdps,0
Mtx1,0
Slc50a1,0
Zbtb7b,0
Cks1b,0
4933434E20Rik,0
Tpm3,0
Nup210l,0
Jtb,1
Slc39a1,0
Lor,0
S100a11,1
Them4,0
Pogz,0
Rfx5,0
Scnm1,0
Ensa,0
Rprd2,0
Plekho1,0
Rnf115,1
Hao2,0
Ttf2,0
Sike1,0
Csde1,0
Nras,0
Syt6,0
Mov10,1
Cept1,0
Strip1,0
Gstm5,0
Gstm2,0
Gstm1,0
Gstm4,0
Ampd2,0
Amigo1,1
Psma5,0
Sort1,0
Dph5,0
Slc30a7,0
Rtca,0
Dbt,0
Gclm,0
Pde5a,1
1810037I17Rik,0
Gar1,0
Ostc,0
Bank1,0
Adh5,0
Unc5c,0
Pdlim5,0
Gbp2,0
Pkn2,1
Lmo4,0
Bcl10,1
Ssx2ip,0
Fubp1,1
Acadm,0
Cryz,0
Lyn,1
Nsmaf,0
Esrp1,0
Cdh17,0
Cpne3,0
Ggh,0
Ccnc,0
Usp45,0
Map3k7,1
Zfp292,0
Aco1,0
B4galt1,0
Spink4,1
Chmp5,1
Nol6,0
Ube2r2,0
Rpp25l,0
Cd72,0
Tln1,0
Gba2,0
Exosc3,0
Slc25a51,0
Ncbp1,0
Anp32b,1
Stx17,0
Aldob,0
Nipsnap3b,0
Ptpn3,0
D630039A03Rik,0
Fkbp15,0
Cdc26,0
C630043F03Rik,0
Rasef,1
Ttc39b,1
Rps6,0
Focad,0
Mtap,0
Tusc1,0
Caap1,1
Jun,0
Prkaa2,0
Ttc4,0
Mrpl37,0
Dio1,0
Yipf1,0
Echdc2,0
Prpf38a,0
Skint6,0
Nsun4,0
Rad54l,0
Tmem69,0
Prdx1,0
Toe1,0
Hpdl,0
Tmem53,0
Dmap1,0
Atp6v0b,0
Slc2a1,0
Kcnq4,1
Smap2,1
Zmpste24,0
Trit1,0
Akirin1,1
9930104L06Rik,0
Trappc3,1
Psmb2,0
A630031M04Rik,0
Phc2,0
Zfp362,0
Zbtb8os,0
Zbtb8a,1
Eif3i,0
Kpna6,0
Khdrbs1,1
Pef1,0
Trnau1ap,0
Nudc,0
Sfn,0
Pigv,1
Hmgn2,0
Mtfr1l,0
Tmem50a,0
Srsf10,0
Hmgcl,0
Camk2n1,1
Akr7a5,0
Crocc,1
Necap2,0
Zbtb17,1
Fblim1,0
Ddi2,1
Vps13d,0
2510039O18Rik,0
Pex14,0
Kif1b,0
Nol9,0
Acot7,0
Ssu72,0
Atad3a,0
Ube2j2,0
Gatad1,0
Lrrd1,1
Dmtf1,0
Fgl2,0
Fam185a,0
Psmc2,1
Reln,0
Kmt2e,0
Tomm7,0
Abcb8,0
Rheb,1
Paxip1,0
Rbm33,0
Dnajb6,0
Cenpa,0
Cgref1,1
Preb,0
Krtcap3,0
Slc4a1ap,0
Slc5a1,0
Ctbp1,1
Letm1,0
Nelfa,1
Rnf4,0
Fam193a,0
Afap1,0
Tada2b,0
Lyar,1
Clnk,1
Lap3,0
Pi4k2b,0
Stim2,0
Rell1,1
Tlr1,0
Uchl1os,0
Cnga1,0
Kdr,0
Srp72,0
Hopx,0
Noa1,1
Polr2b,0
Ugt2b5,0
Sult1d1,0
Ankrd17,0
Cxcl9,0
Ccni,0
Fras1,1
Sec31a,0
5430416N02Rik,0
Cops4,0
Helq,0
Aff1,0
Tgfbr3,0
Rpl5,1
Pigg,0
A630023P12Rik,0
Pitpnb,0
Ube3b,0
Tchp,1
Git2,0
Triap1,1
Suds3,0
Taok3,0
Aldh2,0
Vps29,0
Tmem120b,0
Mlxip,1
Diablo,0
Vps33a,0
Arl6ip4,0
Sfswap,0
Gusb,0
Rabgef1,0
Sbds,0
Abhd11,0
Tbl2,0
Ywhag,1
Lrwd1,0
Ephb4,0
Zan,0
Agfg2,0
Mcm7,0
Cnpy4,1
Nxpe5,0
Pdgfa,0
6330403L08Rik,0
Sun1,0
Get4,0
Cox19,0
Eif3b,0
Chst12,1
Brat1,0
Sdk1,0
E130309D02Rik,0
Kdelr2,0
Eif2ak1,0
Bud31,1
Atp5j2,0
Mtus2,0
Uspl1,0
Hsph1,0
N4bp2l1,0
Pds5b,0
Stard13,1
Hepacam2,0
Gng11,0
Casd1,0
Slc25a13,0
Ica1,0
Ndufa4,0
1110019D14Rik,0
Tes,0
Met,0
Kcnd2,0
Fam3c,0
Impdh1,0
Calu,0
Klhdc10,0
Mkln1,0
Cald1,1
1700111E14Rik,0
Trim24,0
Luc7l2,0
Sval3,0
Gstk1,0
Ezh2,0
Repin1,1
Cycs,0
Lsm5,0
Fam13a,1
Snca,0
Gadd45a,0
Igkc,0
0610030E20Rik,0
Suclg1,0
Lrrtm4,1
Tex261,1
Sfxn5,0
Snrpg,0
Tia1,0
Pcbp1,0
1600020E01Rik,0
Antxr1,0
Rab43,0
Rpn1,0
Chst13,1
Hdac11,0
Lsm3,0
Foxp1,1
Gxylt2,0
Crbn,0
Bhlhe40,0
Gt(ROSA)26Sor,0
Tada3,0
Il17re,0
Emc3,0
Fancd2,0
Tamm41,0
D830050J10Rik,0
Cxcl12,0
Kdm5a,1
Atp6v1e1,0
Bcl2l13,0
Bid,0
Klrg1,0
M6pr,0
Clec4a1,0
C1ra,0
Emg1,0
Phb2,1
Tpi1,0
Usp5,0
Cdca3,0
Acrbp,0
Gapdh,1
Tapbpl,0
Tnfrsf1a,0
Ndufa9,0
Foxm1,0
Fkbp4,1
Clec2h,0
Clec2d,0
Klrd1,1
Klra17,0
Klra7,0
Magohb,0
Ybx3,1
Bcl2l14,0
Plbd1,0
Gucy2c,0
Mgp,0
Strap,1
Golt1b,1
C2cd5,1
Etnk1,0
Itpr2,0
Tm7sf3,1
Mrps35,0
Ergic2,0
Dennd5b,1
Cnot3,1
Tmc4,0
Ppp6r1,0
U2af2,0
Zfp954,0
Trim28,0
Lig1,0
Strn4,0
Ccdc61,0
Apoc2,0
Zfp111,0
Zfp94,0
Pafah1b3,0
Bckdha,0
Akt2,0
Psmc4,0
Sycn,0
Mrps12,0
Sirt2,0
Map4k1,0
Fam98c,0
Ggn,0
Psmd8,0
2200002D01Rik,0
Spint2,0
Zfp84,0
Zfp568,1
Capns1,0
Tmem147,0
Ccne1,0
Klk1,0
Vrk3,0
Akt1s1,0
Pnkp,0
Irf3,0
Scaf1,0
Rps11,0
Pih1d1,1
Tead2,1
Ruvbl2,0
Bax,0
Dbp,1
Fam83e,1
Kcnj14,0
Zdhhc13,1
E2f8,0
A230006K03Rik,0
Snrpa1,0
Asb7,0
Lysmd4,0
Rgma,0
Mrps11,0
Aen,0
Idh2,0
Prc1,0
Wdr73,0
2900076A07Rik,0
Ctsc,0
Crebzf,1
Tmem126b,0
Ccdc90b,0
Alg8,0
Clns1a,1
Pak1,0
Rab6a,0
Fchsd2,1
Rpl27a,0
Akip1,0
Tmem41b,0
Copb1,0
Psma1,0
Rps15a,0
Arl6ip1,0
Knop1,0
Polr3e,0
Mettl9,0
Plk1,0
Tnrc6a,0
Hs3st4,0
Nsmce1,1
Gsg1l,1
Rabep2,1
Ypel3,1
Ppp4c,1
Mvp,0
Ctf1,0
Stx4a,1
Fus,1
Tial1,0
Bag3,0
Wdr11,1
Htra1,0
Pstk,0
Uros,0
Dock1,0
9430038I01Rik,0
Glrx3,0
Mapk1ip1,0
Inpp5a,0
Zfp511,1
Ano9,0
Hras,1
Deaf1,1
Pnpla2,0
Tollip,0
Mob2,1
Ctsd,0
Dhcr7,0
Shank2,0
Pex11g,0
Camsap3,1
Cers4,0
Cars2,0
Ing1,0
Ankrd10,0
Mcf2l,0
Coprs,0
Mcph1,0
Alg11,0
Slc25a15,0
Vdac3,0
Zmat4,0
Hgsnat,0
Pomk,0
Rab11fip1,0
Unc5d,0
Gtf2e2,0
AI429214,0
Tlr3,0
Snx25,1
Trappc11,0
Rwdd4a,0
Aga,0
Sap30,1
Ints10,0
Lpl,0
Sugp1,0
Fkbp8,1
Isyna1,0
Pik3r2,0
Ccdc124,0
Map1s,1
Dda1,0
Gtpbp3,0
Bst2,0
Colgalt1,0
B3gnt3,0
Rab8a,0
Fam32a,0
Klf2,0
Eps15l1,0
Smim7,0
Rbmxl1,0
Mmaa,0
Smad1,1
Otud4,0
Pkn1,1
Nfix,0
Syce2,0
Dnaja2,0
Adcy7,0
Lpcat2,0
Ces1g,0
Gnao1,0
Amfr,0
Nup93,0
Ciapin1,0
Slc38a7,0
Got2,0
A330008L17Rik,0
Cdh5,0
Bean1,0
Nae1,0
Tmem208,0
Atp6v0d1,0
Edc4,0
Ctrl,0
1810019D21Rik,0
Cdh1,0
Zfhx3,0
Aars,0
Glg1,1
Mlkl,0
Nudt7,0
Gcsh,0
Mlycd,0
Atp2c2,1
Zdhhc7,1
Fbxo31,0
Rnf166,0
Galns,0
Ttc13,0
Tomm20,0
Nrp1,0
Cntn5,0
Cep57,0
Cwc15,0
Amotl1,0
Chordc1,1
Zfp266,0
Ubl5,0
Ppan,0
Eif3g,0
Dnmt1,1
Yipf2,0
Ldlr,0
Dock6,0
Rab3d,1
Ecsit,1
Elof1,0
Pigyl,0
Acad8,0
St14,0
Nfrkb,0
Tmem45b,0
Fli1,0
Stt3a,0
Ei24,0
Ccdc15,0
Sc5d,0
Arhgef12,0
Pou2f3,0
Oaf,0
Thy1,0
Rnf26,0
Cbl,1
Hmbs,0
Rps25,0
Arcn1,0
Sidt2,0
Pafah1b2,0
Rexo2,0
Idh3a,0
Psma4,0
Cspg4,0
Ptpn9,0
Man2c1,0
Neo1,0
Arih1,0
Kif23,0
Fem1b,0
Cln6,0
Smad6,1
Rpl4,0
Map2k1,1
Dis3l,0
Igdcc4,0
Zfp609,0
Car12,0
Rps27l,0
C2cd4b,1
Anxa2,1
Adam10,0
Aldh1a2,0
Rsl24d1,0
Arpp19,0
Mapk6,0
Eef1a1,0
Ttk,0
Ibtk,0
Pgm3,0
Me1,1
Zfp949,0
Tmed3,0
Morf4l1,0
U2surp,0
Trpc1,0
Atr,0
Zbtb38,0
Slc25a36,1
Dnajc13,0
Wdr82,0
Ppm1m,0
Twf2,0
Manf,0
Sema3b,0
Rbm6,0
Gmppb,0
Apeh,0
Rhoa,1
Ccdc51,0
Nme6,0
Cdc25a,0
Smarcc1,0
Lrrfip2,0
Epm2aip1,0
Cnot10,1
Acaa1a,0
Rpsa,1
Rpl14,0
Vipr1,0
Abhd5,0
Tmem158,0
Plekhg1,1
Mthfd1l,0
Rmnd1,0
Katna1,0
Tab2,1
Pex3,0
Slc35d3,1
Map3k5,0
Tcf21,0
Rps12,0
Enpp1,0
Rnf217,1
Rwdd1,1
Frk,0
Prep,0
Ascc3,0
Gopc,0
Lims1,0
Sh3rf3,1
Psap,0
Sar1a,0
Tspan15,1
Dna2,0
Hnrnph3,0
Herc4,0
Ank3,0
Zwint,0
Susd2,1
Ddt,0
Gstt2,0
Mif,1
Smarcb1,0
Zfp280b,0
Icosl,1
Pwp2,0
Cstb,0
Tpgs1,0
Misp,0
Midn,1
Sppl2b,0
Zbtb7a,1
Ncln,1
1700028I16Rik,0
Prdm4,0
Nr1h4,0
Slc25a3,0
Cdk17,0
Lta4h,0
Fgd6,1
Kitl,0
Tspan8,1
Mdm2,0
Slc35e3,0
Helb,0
Tbk1,0
Srgap1,0
Avpr1a,0
Ctdsp2,0
Cdk4,0
Tspan31,1
Os9,0
Pip4k2c,1
Ddit3,0
R3hdm2,0
Smarcc2,0
Esyt1,0
Rpl41,0
Suox,0
Mmp19,0
Ormdl2,1
Cd63,1
Hormad2,0
Uqcr10,0
Pold2,0
Nudcd3,0
Tbrg4,1
Adcy1,0
Ddc,0
Egfr,0
Spred2,0
Actr2,0
Ugp2,0
Mdh1,0
Tmem17,0
Cct4,0
Xpo1,0
0610010F05Rik,0
Pex13,0
Rtn4,0
Bod1,1
Rhbdf1,1
Nprl3,1
Fbxw11,0
Mat2b,0
Ccng1,0
Pwwp2a,0
Adam19,1
Med7,0
Mgat1,0
Hnrnph1,0
Rmnd5b,0
0610009B22Rik,0
Sec24a,0
Sar1b,0
Cdkn2aipnl,0
Aff4,0
Gpx3,1
Anxa6,0
Slc36a1,0
Galnt10,0
Cnot8,1
Snap47,0
Flcn,0
Nt5m,0
Srebf1,0
Drg2,1
Llgl1,0
Top3a,1
Shmt1,0
Usp22,1
Aldh3a2,0
Ttc19,0
Tvp23b,0
Ndel1,1
Trappc1,0
Fxr2,0
Polr2a,0
Tmem256,0
Eif5a,1
Elp5,1
Pelp1,0
Cxcl16,1
Psmb6,0
Derl2,0
Mis12,0
Prpf8,0
Inpp5k,0
Rph3al,0
Traf4,1
Supt6,0
2610507B11Rik,0
Pigs,0
Unc119,0
Myo1d,0
Tmem98,0
Lig3,0
Slfn2,0
AI662270,0
Taf15,0
Ccl6,0
Hnf1b,0
Znhit3,0
Ska2,1
Lpo,0
Dynll2,0
Vezf1,0
Mrps23,0
Tom1l1,1
Luc7l3,0
Xylt2,0
Pdk2,0
Spop,0
Ttll6,1
Hoxb13,0
Snx11,0
Cdk5rap3,1
Osbpl7,0
Kpnb1,0
Socs7,0
Rpl23,0
Rpl19,0
Med24,0
Smarce1,0
Krt28,0
Rab5c,0
Psme3,0
Ccdc43,0
Eftud2,0
Dcakd,0
Gosr2,0
Kansl1,1
Efcab3,0
Cyb561,0
Ace,1
Dcaf7,0
Taco1,0
Limd2,0
Psmc5,1
Ern1,0
Pitpnc1,0
Psmd12,0
Prkca,0
Gna13,1
Slc9a3r1,0
Hid1,0
Cdr2l,0
Sumo2,1
Llgl2,0
Myo15b,0
Itgb4,0
H3f3b,0
Wbp2,0
Mrpl38,0
Prpsap1,0
Mettl23,0
Sec14l1,0
Tbc1d16,1
Eif4a3,0
Rnf213,0
Chmp6,0
Slc38a10,0
Bahcc1,0
Alyref,0
Rfng,1
Tbcd,0
Itsn2,0
Rhob,1
Pum2,0
Rock2,0
Cpsf3,0
Adam17,0
Rps7,0
Adi1,0
Acp1,0
Prkar2b,0
Sypl,0
Agr2,0
Ankmy2,0
G2e3,1
Strn3,1
Akap6,0
Eapp,0
Baz1a,0
Gemin2,0
Lrfn5,0
Fkbp3,1
Rps29,0
Mgat2,0
Nemf,0
Rtn1,0
Trmt5,0
Sgpp1,0
Tex21,0
Rab15,1
Mpp5,0
Eif2s1,0
Dcaf5,0
Exd2,0
Srsf5,0
Sipa1l1,1
Ptgr2,0
Coq6,0
Ylpm1,1
Dlst,0
Nek9,0
Ahsa1,1
Sptlc2,0
Zc3h14,0
Nrde2,1
Atxn3,0
Chga,0
Unc79,0
Ifi27l2a,0
Bcl11b,0
Wars,0
Zfp839,0
Tecpr2,0
Eif5,0
Inf2,0
Brf1,0
Crip1,0
Igha,0
Ighg2b,0
Esyt2,0
Pitrm1,0
Larp4b,0
Lgals8,1
Tbce,0
Aoah,0
Zscan26,1
Abt1,0
A330102I10Rik,0
Exoc2,0
Gmds,0
Mylk4,0
Tubb2b,0
Cdyl,0
Lyrm4,0
Ly86,1
Ofcc1,0
Jarid2,0
Mylip,0
Nup153,0
4931429P17Rik,0
Ogn,0
Diras2,0
4833439L19Rik,0
Nop16,0
Faf2,0
Cdhr2,0
Fgfr4,1
Nsd1,0
Hnrnpk,0
Naa35,1
Isca1,0
Zfp367,0
Rsl1,0
Nsun2,0
Med10,0
Mrpl36,0
Cast,0
Glrx,0
Cox7c,1
Tmem167,0
Ssbp2,0
Rasgrf2,0
Arsb,0
Zbed3,0
F2r,1
Gfm2,1
Hexb,0
Utp15,1
Mrps27,0
Smn1,0
Naip5,0
Pik3r1,0
Cd180,0
Cwc27,0
Elovl7,0
Il6st,0
Nnt,0
Hmgcs1,0
Ube2e1,0
Slc4a7,1
Thoc7,0
Oit1,1
Pxk,0
Nudt13,0
Ecd,1
Fam149b,0
Vdac2,1
Comtd1,0
Kcnma1,0
Rps24,0
Zmiz1,0
Mustn1,1
Spcs1,0
Capn7,0
Ankrd28,0
Mapk8,1
Glud1,0
Ccser2,0
Ghitm,1
Gnpnat1,0
Gch1,0
Osgep,0
Pnp,0
Zfp219,0
Supt16,0
Chd8,1
Tox4,1
Mettl3,0
Mrpl52,0
Prmt5,1
Psmb5,0
1700123O20Rik,0
Psme1,0
Irf9,0
Ipo4,0
Nedd8,0
Tinf2,0
Khnyn,0
Sdr39u1,0
Atp12a,0
Pspc1,0
Ift88,0
Sap18,1
Zdhhc20,0
Cdadc1,0
Spata13,1
Kpna3,0
Ctsb,0
Ints9,0
Esco2,0
Cdca2,1
Dock5,1
Reep4,0
Rcbtb2,0
Lcp1,0
Cog3,0
Lacc1,0
Dgkh,0
Kbtbd7,0
Dach1,0
Mzt1,0
Klf5,0
Mycbp2,0
Mir17hg,0
Gpc5,1
Gpc6,0
Gpr180,1
Dnajc3,0
Ccdc152,0
C6,0
Golph3,0
Zfp622,0
Cct5,0
Mtdh,1
Rpl30,0
Nipal2,0
Cox6c,1
Polr2k,0
Pabpc1,0
Ywhaz,1
Rims2,0
Sybu,0
Med30,0
Samd12,0
Mtss1,1
Gsdmc4,0
Phf20l1,1
Them6,0
Eef1d,0
Puf60,1
Smpd5,0
Exosc4,1
Bop1,1
Hsf1,1
Recql4,0
Lrrc14,0
Rac2,0
Sh3bp1,0
Lgals1,0
Nol12,0
Polr2f,0
Baiap2l2,0
Tmem184b,0
Ddx17,0
Josd1,0
Apobec3,0
Pdgfb,0
Rpl3,0
Sgsm3,1
St13,0
Rbx1,0
Xrcc6,0
Desi1,1
Ccdc134,0
Poldip3,1
Pacsin2,0
Mcat,0
Nup50,0
Ttc38,0
Creld2,0
Pim3,1
Trabd,0
Sbf1,0
Arsa,0
Zcrb1,0
Nell2,0
Rpap3,1
Cacnb3,1
Ddx23,0
Prkag1,0
Tmbim6,1
Gpd1,0
Larp4,1
Dip2b,0
Slc11a2,0
Smagp,0
Hnrnpa1,1
Cluap1,0
Dnaja3,1
Cdip1,0
Alg1,0
Tmem186,0
Nubp1,0
Litaf,0
Zc3h7a,0
Cpped1,0
Mzt2,0
Sdf2l1,0
Ydjc,0
Ube2l3,0
Iglc2,0
Eif2b5,0
Alg3,0
Clcn2,0
Polr2h,0
Vps8,0
Tmem41a,0
Lsg1,0
Dlg1,1
Pigx,0
Heg1,1
Sec22a,0
Pdia5,0
Parp9,1
Ildr1,0
Slc15a2,0
Lrrc58,0
Nr1i2,0
Adprh,0
Spice1,1
Gtpbp8,0
Retnlb,0
Cd47,1
Alcam,0
Pcnp,0
Trmt10c,0
Cmss1,0
Cpox,0
Arl6,1
4930453N24Rik,0
App,0
Urb1,0
Son,0
Mrps6,0
Hmgn1,0
Sh3bgr,0
Tiam2,0
Snx9,0
Gtf2h5,0
Tulp4,0
Slc22a1,0
Igf2r,0
Mrpl18,0
Tcp1,0
Pdcd2,0
Rgmb,0
Zfp54,0
Zfp53,0
Zfp760,0
Zfp943,0
Thoc6,0
Pkmyt1,0
Srrm2,0
Atp6v0c,0
Eci1,0
E4f1,0
Pkd1,0
Tsc2,0
Telo2,0
Ube2i,0
Stub1,0
Dusp1,1
Bnip1,0
Bak1,0
AI413582,0
Tead3,0
Mapk14,1
Mapk13,1
Stk38,0
BC004004,0
Mdga1,0
Zfand3,0
Tff3,0
Slc37a1,0
Pknox1,1
U2af1,0
Brd4,0
Akap8,0
Wiz,1
Zfp871,0
Zfp870,0
Ndufa7,0
Kifc1,0
Tapbp,0
Vps52,0
H2-K1,0
Brd2,0
H2-DMb1,0
Psmb9,0
Dxo,0
Hspa1b,0
Prrc2a,0
Nfkbil1,0
Ddx39b,0
H2-Q7,0
Tcf19,0
Cchcr1,0
Flot1,0
Nrm,0
Dhx16,0
2310061I04Rik,0
H2-T23,0
Rpp21,0
Trim26,0
Gabbr1,0
Cd2ap,0
Tnfrsf21,1
Hsp90ab1,1
Zfp318,1
Srf,1
Rpl7l1,0
Tbcc,0
Usp49,0
Satb1,0
Mpnd,1
Sh3gl1,0
Dpp9,1
Rpl36,0
Ranbp3,0
Fer,0
Ralbp1,0
Zbtb14,1
Smchd1,0
Nlrc4,0
Birc6,0
Fam98a,1
Strn,1
Atl2,0
Prepl,0
Epcam,0
Msh2,0
Mtpap,0
Kif5b,1
Ccny,0
Usp14,0
Rock1,0
Npc1,0
Ss18,1
Ttr,0
Slc39a6,0
Tpgs2,0
Wdr33,1
Gypc,0
Brd8,0
Ube2d2a,0
Cystm1,0
Sra1,1
Slc35a4,1
Cd14,0
Ik,0
Wdr55,0
Hars,0
Zmat2,0
Pcdhb12,0
Pcdhga9,1
Nr3c1,0
Dcp2,0
Trim36,0
Eif1a,0
Aldh7a1,0
Rps14,0
Csf1r,0
Txnl1,0
Sec11c,0
Seh1l,0
Rnmt,0
Mbd2,0
Dcc,0
Rpl17,0
BC031181,0
Dym,0
Pias2,0
Nfatc1,0
Zfp516,0
Socs6,0
Tcirg1,0
Coro1b,0
Ptprcap,0
Ccs,0
Dpp3,0
Mrpl11,0
AI837181,0
Cfl1,0
Ovol1,0
Rnaseh2c,0
Malat1,1
Pola2,0
Cdc42bpg,0
Ppp1r14b,0
Stip1,0
Otub1,0
Snhg1,0
Polr2g,0
Asrgl1,0
Incenp,0
Fads1,0
Ddb1,0
Tmem109,1
Mrpl16,0
Osbp,0
Fam111a,0
Cep78,1
Apba1,1
Pgm5,0
Smarca2,0
Rcl1,0
9930021J03Rik,0
Minpp1,0
Pank1,0
Ide,0
Kif11,0
Fra10ac1,0
Hells,0
Frat2,0
Pgam1,0
Cuedc2,1
Sufu,0
Pdcd11,0
Neurl1a,1
Sorcs3,0
Mxi1,0
Bbip1,0
Tcf7l2,0
Fam160b1,0
Pcsk1n,0
Tbc1d25,0
Slc9a7,0
Slc6a14,0
C330007P06Rik,0
Ndufa1,0
C1galt1c1,0
Stag2,0
Xpnpep2,0
Phf6,1
Hprt,0
Htatsf1,0
Cetn2,0
Nsdhl,0
Xlr4b,0
Zfp275,0
Bcap31,0
Ssr4,0
Pdzd4,0
Mecp2,0
Rpl10,0
Dnase1l1,0
Ikbkg,0
Brcc3,0
Pls3,0
Il1rapl1,0
Maged1,0
Dlg3,0
Gjb1,0
Cxcr3,0
Ercc6l,0
2610002M06Rik,0
Hmgn5,0
Hnrnph2,0
Armcx6,0
Tceal8,0
Prps1,0
Nxt2,0
Tmem164,0
Smc1a,0
Zrsr2,0
Piga,0
Tmsb4x,1
Frmpd4,0
mt-Cytb,0
