gene,label
Cops5,0
Cspp1,0
A830018L16Rik,0
Ncoa2,0
Smap1,0
Col19a1,0
Fam168b,0
Zap70,1
Inpp4a,0
Aff3,0
Pdcl3,0
Rpl31,0
Tmeff2,0
Myo1b,0
Stat1,0
Pgap1,0
Ankrd44,0
Hspd1,0
Hspe1,0
Plcl1,1
Bzw1,0
Ppil3,0
Orc2,0
Mpp4,0
Fzd7,0
Sumo1,1
Fam117b,0
Ctla4,0
Pard3b,0
Nrp2,0
Creb1,0
Fn1,0
Bcs1l,0
Glb1l,0
Mrpl44,0
Serpine2,0
Pid1,1
Cab39,1
2810459M11Rik,0
Atg16l1,0
Usp40,0
Ackr3,0
Ramp1,0
Ube2f,0
Ilkap,0
Gpc1,1
Capn10,0
Stk25,1
Zcchc2,0
Dsel,0
Ccdc93,0
Ccnt2,0
C4bp,0
Yod1,1
Mapkapk2,1
Ikbke,0
Slc45a3,1
Elk4,0
Tmcc2,0
Mdm4,0
Sox13,1
Snrpe,0
Klhl12,0
Ppp1r12b,0
Csrp1,1
Camsap2,1
Ptprc,0
Cdc73,0
Ivns1abp,1
Cep350,1
Dpt,0
Tada1,0
Hsd17b7,0
Atf6,0
Fcgr2b,1
Fcgr4,0
Ndufs2,0
Ppox,0
Ufc1,0
Pfdn2,0
Usf1,0
Vangl2,1
Mptx1,0
Acbd3,1
Tmem63a,0
Wdr26,1
Degs1,0
Trp53bp2,0
Mia3,1
Dusp10,0
C130074G19Rik,0
Smyd2,0
Tatdn3,0
Nenf,0
Lpgat1,0
Rcor3,1
Traf3ip3,1
Fam171a1,1
Ccdc3,1
Camk1d,1
Rsu1,1
Vim,0
Stam,0
Mrc1,0
Plxdc2,0
Commd3,0
Etl4,0
Abi1,1
Acbd5,0
Noxa1,0
Tubb4b,0
Ssna1,0
Man1b1,0
Sapcd2,1
Inpp5e,0
Sec16a,0
Wdr5,1
Endog,0
Ptges,0
BC005624,0
Pomt1,0
Ptges2,0
Angptl2,0
Ndufa8,0
Rbm18,0
Pdcl,0
Rc3h2,0
Rpl35,0
Golga1,0
Arhgap15,0
Orc4,0
Arl5a,0
Prpf40a,1
Gpd2,0
Cd302,0
Rbms1,0
Tank,0
Dpp4,1
Kcnh7,0
Cobll1,0
Scn1a,0
Stk39,0
Ubr3,0
Hat1,0
Cdca7,0
Ola1,1
Itga4,0
Tfpi,0
Serping1,1
Ube2l6,0
Ptprj,1
Madd,0
Ddb2,0
Creb3l1,0
Cry2,1
Chst1,0
Cd82,0
Commd9,0
Ehf,0
Elf5,0
Caprin1,1
Nop10,0
Katnbl1,1
Ryr3,0
Dph6,0
Spred1,0
Fam98b,1
Rasgrp1,0
Phgr1,0
Itpka,0
Snap23,0
Adal,0
Hypk,1
Eif3j1,0
Sord,0
Secisbp2l,0
1810024B03Rik,0
Mrps5,0
Bub1,0
Fbln7,1
Chchd5,0
Tgm6,0
4930402H24Rik,0
Slc23a2,0
Pcna,0
Trmt6,0
Crls1,0
Jag1,0
Rrbp1,0
Sec23b,0
Rin2,0
Crnkl1,0
Cst3,0
Apmap,0
Entpd6,0
Csnk2a1,0
Tpx2,1
Pdrg1,0
Ccm2l,1
Mapre1,1
Snta1,0
Cbfa2t2,0
Dynlrb1,1
Ncoa6,0
Edem2,0
Ergic3,0
Phf20,0
Myl9,0
Ctnnbl1,0
Rprd1b,1
Mafb,1
Zhx3,0
Ift52,0
Ttpal,0
Serinc3,0
Ywhab,1
Tomm34,0
Ctsa,0
Zmynd8,0
Ncoa3,0
Sulf2,0
Slc9a8,1
Rbm38,1
Vapb,0
Gnas,1
Ctsz,0
Phactr3,0
Osbpl2,0
Gid8,1
Prpf6,0
Rgs19,0
Polr3k,0
Hey1,1
Car13,0
Ythdf3,0
Nceh1,1
Tnfsf10,0
Mecom,0
Zfp639,0
Ndufb5,0
Mccc1,0
Mgst2,0
Foxo1,0
Supt20,0
Exosc8,0
Rfxap,0
Dclk1,0
Commd2,0
4930593A02Rik,0
Arhgef26,0
Dhx36,0
Gmps,0
Tiparp,0
B3galnt1,0
Fstl5,0
Mnd1,0
Dclk2,0
Mef2d,0
Pmf1,0
Lmna,0
Rab25,0
Ssr2,0
Arhgef2,0
Clk2,1
Dpm3,0
Adar,0
Ubap2l,0
Rps27,0
Jtb,1
Dennd4b,1
Chtop,1
S100a13,1
S100a14,0
Mrpl9,0
Snx27,0
Pogz,0
Cdc42se1,1
Ecm1,0
Prpf3,0
Plekho1,0
Sf3b4,0
Fcgr1,0
Polr3c,1
Rnf115,1
Gpr89,0
Sec22b,0
Wdr3,1
Cd2,0
Sycp1,0
Sike1,0
Nras,0
Ptpn22,0
Magi3,1
St7l,0
Wdr77,0
Cept1,0
Dram2,0
Strip1,0
Csf1,0
Sars,0
Prpf38b,0
Vcam1,1
Sass6,0
Agl,0
Arhgap29,0
Bcar3,1
Fnbp1l,0
Fabp2,0
Synpo2,1
Ank2,0
Gar1,0
Sec24b,0
Col25a1,0
Ostc,0
Sgms2,0
Cisd2,0
Ppp3ca,0
Metap1,0
Rap1gds1,0
Gbp3,0
Gbp2,0
Ifi44,0
Nexn,0
Rabggtb,0
Acadm,0
Lyn,1
Penk,0
Nsmaf,0
Rab2a,0
Plekhf2,0
Trp53inp1,0
Otud6b,0
Lyrm2,0
Ankrd6,1
4933421O10Rik,0
Smu1,0
Bag1,0
Ubap2,0
Ubap1,0
Ccl21a,0
Tesk1,0
Galnt12,0
Sec61b,0
Stx17,0
Tmeff1,0
Nipsnap3b,0
Abca1,0
Txn1,0
Ptbp3,0
Cdk5rap2,0
C630043F03Rik,0
Ttc39b,1
Acer2,0
Mtap,0
Fggy,0
Cyp2j6,0
Lepr,1
Insl5,0
Dhcr24,0
Acot11,0
Yipf1,0
Cpt2,0
Cc2d1b,1
Zfyve9,0
Eps15,0
Ttc39a,0
Cdkn2c,0
Skint1,0
Skint3,0
Skint6,0
Foxd2,0
Stil,1
Faah,0
Uqcrh,0
Tspan1,1
Mast2,1
Rnf220,1
Dmap1,0
Ptprf,1
Foxj3,1
Guca2b,0
Trit1,0
Mycbp,0
Snip1,0
Map7d1,0
Ago1,0
Clspn,0
Ak2,0
Yars,0
Zbtb8os,0
Hdac1,1
Khdrbs1,1
Pef1,0
Snrnp40,0
Laptm5,0
Ptpru,0
Srsf4,1
Taf12,0
Wdtc1,1
Slc9a1,0
Gpn2,0
Lin28a,0
Cd52,1
Ubxn11,0
Stmn1,1
Man1c1,0
Tmem50a,0
Srsf10,0
Pnrc2,0
Fuca1,0
E2f2,0
Hnrnpr,0
C1qc,0
Epha8,0
Hspg2,0
Hp1bp3,1
Pla2g2f,0
Tmco4,0
Crocc,1
Fbxo42,0
Zbtb17,1
Spen,0
Fblim1,0
Pdpn,0
Miip,0
Plod1,0
Pex14,0
Gpr157,1
Chd5,0
Lrrc47,0
Prdm16,0
Ski,0
Gnb1,1
Slc35e2,0
Mmp23,0
Mib2,0
Atad3a,0
Aurkaip1,1
Agrn,0
Ankib1,1
Cyp51,0
Sri,0
Abcb1a,0
Magi2,0
Phtf2,0
Ptpn12,0
Fgl2,0
Dnajc2,0
Reln,0
Fastk,0
Chpf2,0
Rheb,1
Paxip1,0
Rbm33,0
Dnajb6,0
Hadha,0
Slc35f6,1
Tmem214,0
Gtf3c2,0
Yes1,0
Slbp,0
Tmem129,0
Nelfa,1
Mfsd10,0
Htra3,0
Sh3tc1,0
Grpel1,0
C1qtnf7,0
Fbxl5,0
Pi4k2b,0
Stim2,0
Pcdh7,0
Rpl9,0
Smim14,0
Fryl,0
Ociad1,1
Ociad2,1
Usp46,0
Scfd2,0
Chic2,0
Kdr,0
Noa1,1
Polr2b,0
Grsf1,0
Ankrd17,0
Alb,1
Pf4,0
Rchy1,0
Sdad1,0
Hnrnpdl,0
5430416N02Rik,0
Helq,0
Tgfbr3,0
Rpl5,1
Dr1,0
Atp5k,0
Fgfrl1,0
Pgam5,0
Fbrsl1,0
Ep400,0
Hscb,0
Ttc28,1
Iscu,0
Ssh1,0
Kctd10,0
Mvk,0
Gltp,0
Hspb8,1
Taok3,0
Tesc,1
Oas1a,0
Erp29,0
Aldh2,0
Kdm2b,0
Setd1b,0
Psmd9,0
Zcchc8,0
Vps37b,1
Scarb1,0
Sfswap,0
Gtf2ird1,0
Ywhag,1
Rasa4,0
Lrwd1,0
Trim56,1
Agfg2,0
Cops6,1
Cnpy4,1
Pdgfa,0
Get4,0
Gna12,1
Zfp316,0
Kdelr2,0
Pms2,0
Trrap,1
Bud31,1
Zkscan14,0
Cdx2,0
Hsph1,0
N4bp2l2,1
Hepacam2,0
Asns,0
Ndufa4,0
Mdfic,1
Cav1,0
Tspan12,1
Cped1,0
Ndufa5,0
Atp6v1f,0
Irf5,0
Tnpo3,0
Zc3hc1,0
Klhdc10,0
Mkln1,0
Lrguk,0
Slc35b4,0
Akr1b8,0
Cald1,1
Ptn,0
Trim24,0
Zc3hav1,0
Adck2,0
Arhgef5,0
Rarres2,0
Gimap8,0
Gimap4,0
Gimap6,1
Aoc1,0
Malsu1,1
Igf2bp3,0
Tra2a,1
Hibadh,0
Aqp1,0
Vopp1,0
Fam13a,1
Tigd2,0
Mmrn1,0
Atoh1,1
Igkv4-72,0
Igkc,0
Thnsl2,0
Immt,0
Usp39,0
Rnf181,0
Mat2a,0
Capg,0
Pole4,0
Aup1,0
Wbp1,0
Actg2,0
Tex261,1
Snrpg,0
1600020E01Rik,0
Gmcl1,0
Anxa4,0
Arhgap25,0
Isy1,0
Cnbp,1
Copg1,0
Hmces,0
Rab7,0
Sec61a1,0
Chchd4,0
Xpc,0
Lsm3,0
Nr2c2,0
Mrps25,0
9530026P05Rik,0
Slc25a26,0
Arl8b,0
Thumpd3,0
Gt(ROSA)26Sor,0
Rpusd3,0
Irak2,1
Sec13,0
Slc6a11,0
Syn2,0
Mbd4,0
Rassf4,0
Rasgef1a,1
Csgalnact2,0
Bms1,0
Rad52,0
Pex26,0
Klrg1,0
Clec4a1,0
Clec4a3,0
C1ra,0
Emg1,0
Ptpn6,0
Tpi1,0
Cops7a,0
Acrbp,0
Chd4,0
Nop2,1
Vamp1,0
Scnn1a,0
Ccnd2,0
Fkbp4,1
Clec2d,0
Klrk1,1
Ybx3,1
Ddx47,0
Plbd1,0
Gucy2c,0
Mgst1,0
Aebp2,1
Golt1b,1
D6Ertd474e,0
Ppfibp1,0
Dennd5b,1
Myadm,1
Cacng6,0
Prpf31,0
Tmc4,0
Ncr1,1
U2af2,0
Zfp954,0
Rps5,0
Lig1,0
Ehd2,0
Napa,0
Tmem160,0
Slc1a5,0
Dmpk,0
Snrpd2,0
Trappc6a,0
Relb,1
Apoe,0
Tomm40,0
Nlrp4e,0
Kcnn4,0
Cd177,0
Ceacam10,0
Rps19,0
Gsk3a,0
Ccdc97,0
Cyp2s1,0
Zfp60,0
Fcgbp,0
Fbl,0
Zfp36,1
Hnrnpl,0
Ech1,0
Ppp1r14a,0
Polr2i,0
U2af1l4,0
Tmem147,0
Sbsn,0
Fxyd5,1
Fxyd3,0
Gramd1a,0
Wtip,1
Lsm14a,0
Tshz3,1
Zfp788,0
Etfb,0
2310002F09Rik,0
Josd2,0
Emc10,1
Med25,0
Rras,0
Rps11,0
Rpl13a,0
Pih1d1,1
Ruvbl2,0
Ftl1,0
Rpl18,0
Cyth2,1
E2f8,0
Ano5,0
Nipa2,0
4930554H23Rik,0
Mcee,0
Snrpa1,0
Chsy1,0
Lysmd4,0
Slco3a1,1
Mrps11,0
Aen,0
Isg20,1
Mfge8,0
Idh2,0
Crtc3,0
Wdr73,0
Rps17,0
Crebzf,1
Dlg2,0
Prcp,0
Clns1a,1
Pak1,0
Myo7a,0
Capn5,1
Uvrag,0
Dgat2,0
Serpinh1,0
Rps3,0
Coa4,0
Mrpl48,0
Fam168a,1
Fchsd2,1
Arap1,0
Trpc2,0
Rrm1,0
Trim12a,0
Smpd1,0
Dchs1,0
Eif3f,0
Akip1,0
Tmem9b,1
Rnf141,0
Lyve1,0
Dkk3,0
Copb1,0
Tmc5,0
Thumpd1,0
Cdr2,0
Mettl9,0
Palb2,0
Plk1,0
Tnrc6a,0
Slc5a11,0
Gtf3c1,0
Il27,0
Nupr1,1
Coro1a,1
Mapk3,0
Ppp4c,1
Aldoa,0
AI467606,0
Spn,0
Cd2bp2,0
Zfp771,0
Dctpp1,0
Fbrs,0
Ctf1,0
Stx4a,1
Kat8,0
Trim72,1
Itgam,0
Tial1,0
Bag3,0
Htra1,0
Ptpre,1
9430038I01Rik,0
Ppp2r2d,0
Ifitm1,0
Lrrc56,0
Rplp2,0
Ap2a2,0
Tollip,0
Lsp1,0
Tspan32,0
Cttn,1
Ccnd1,0
Evi5l,1
Snapc2,0
Elavl1,0
Cers4,0
Arglu1,0
Col4a2,0
Tubgcp3,0
Lamp1,0
Gas6,0
Champ1,0
Dlgap2,0
Kbtbd11,0
Angpt2,0
Vdac3,0
Ank1,0
Sfrp1,0
Rab11fip1,0
Chrnb3,0
Unc5d,0
Mak16,0
Rbpms,0
Eri1,0
Zdhhc2,1
Fam149a,0
Tlr3,0
Cdkn2aip,0
Scrg1,0
Sap30,1
Galnt7,0
Sh3rf1,0
Ddx60,0
Atp6v1b2,0
Atp13a1,0
Sugp1,0
Sugp2,0
Cope,0
Fkbp8,1
Isyna1,0
Ssbp4,1
Lsm4,0
Ifi30,0
Pik3r2,0
Mast3,1
Haus8,0
Myo9b,0
Dda1,0
Mvb12a,1
Zfp961,0
Fam32a,0
Klf2,0
Eps15l1,0
Mcm5,1
Nr3c2,0
Hhip,1
Il15,0
Gipc1,0
Dcaf15,1
Nacc1,1
Trmt1,0
Calr,1
Wdr83,0
Adcy7,0
Rbl2,1
Ces1f,0
Herpud1,0
Cpne2,0
Zfp319,1
Got2,0
A330008L17Rik,0
Dync1li2,0
Cbfb,0
E2f4,0
Enkd1,0
Nutf2,0
Ddx28,0
Slc7a6os,0
Prmt7,1
Chtf8,0
Wwp2,1
Zfhx3,0
Il34,0
Cog4,0
Tmem170,0
Syce1l,0
4933408N05Rik,0
Gcsh,0
Mphosph6,0
Hsbp1,0
Slc7a5,0
Mvd,0
Galns,0
Cog2,0
Gnpat,0
Exoc8,0
Tsnax,0
Coa6,0
Itgb1,0
Tmem123,0
Yap1,0
Arhgap42,0
Cep57,0
Fam76b,0
Cwc15,0
Fbxl12,0
Pin1,1
Icam4,0
Tyk2,0
Atg4d,0
Smarca4,0
Prkcsh,0
Ecsit,1
Acp5,0
Zfp810,0
Rp9,0
Dpy19l1,0
Vps26b,0
St14,0
Fli1,0
Fam118b,0
Stt3a,0
Hspa8,0
Sorl1,0
Sc5d,0
Dpagt1,0
Arcn1,0
Cd3d,1
Cd3e,0
Rexo2,0
Zw10,0
Drd2,0
Sdhd,0
Alg9,0
Pou2af1,1
Rdx,0
Wdr61,1
Psma4,0
Etfa,0
Cspg4,0
Ptpn9,0
Ppcdc,0
Stoml1,1
Nptn,0
Hexa,0
Lrrc49,0
Uaca,1
Paqr5,0
Fem1b,0
Cln6,0
Aagab,0
Rpl4,0
Map2k1,1
Pdcd7,0
Spg21,0
Car12,0
Gcnt3,0
Nedd4,1
Rsl24d1,0
Mto1,0
Phip,0
Sh3bgrl2,0
Ibtk,0
Tmed3,0
U2surp,0
Pls1,0
Rasa2,0
Copb2,0
Pccb,0
Srprb,0
Cdv3,0
Uba5,0
Nudt16,1
Wdr82,0
Alas1,0
Parp3,1
Manf,0
Rassf1,0
Tusc2,1
Sema3b,0
Rbm6,0
Apeh,0
Rhoa,1
Uqcrc1,0
Pdcd6ip,0
Ubp1,1
Crtap,0
Dync1li1,0
Tgfbr2,0
Azi2,0
Ctdspl,1
Acaa1a,0
Wdr48,0
Rpsa,1
Rpl14,0
Nktr,0
Kif15,0
Clec3b,0
Lars2,0
Limd1,1
Xcr1,0
Ccr2,0
Plekhg1,1
Esr1,0
Tab2,1
Pex3,0
Aig1,0
Cited2,0
Ifngr1,0
Map7,0
Hbs1l,0
Sgk1,1
Rps12,0
Arg1,0
Akap7,0
Arhgap18,1
Rev3l,0
Gtf3c6,0
Sesn1,0
Snx3,0
Grik2,0
Ascc3,0
Ranbp2,0
Mcu,1
Psap,0
Pcbd1,0
Tysnd1,0
Aifm2,0
Vps26a,0
Ddx50,0
Reep3,0
Nrbf2,0
Arid5b,0
Bicc1,0
Ddt,0
Smarcb1,0
Chchd10,0
Lss,0
Fam207a,0
Itgb2,0
Icosl,1
Rrp1,0
Pdxk,0
Bsg,0
Polrmt,0
Misp,0
Abca7,0
Stk11,0
Atp5d,0
Cirbp,1
Uqcr11,0
Rexo1,0
Mknk2,1
Mob3a,0
Lsm7,0
Pias4,1
Mrpl54,0
Fzr1,1
1190007I07Rik,0
Chst11,1
Ckap4,0
Mybpc1,0
Nr1h4,0
Elk3,0
Metap2,0
Lum,0
4930430F08Rik,0
Tmtc2,0
Ppfia2,0
Glipr1,0
Atxn7l3b,1
Tbc1d15,0
Ptprr,0
Mdm2,0
Usp15,0
Tsfm,0
Cdk4,0
Tspan31,1
Dctn2,0
Arhgap9,0
Ptges3,0
Cnpy2,0
Cs,0
Esyt1,0
Cd63,1
Drg1,1
Eif4enif1,0
Pik3ip1,1
Limk2,0
Tcn2,0
Ccdc157,0
Tbc1d10a,0
Ap1b1,0
Gas2l1,0
Ewsr1,0
Znrf3,1
Xbp1,0
Dbnl,1
Pold2,0
Nudcd3,0
Ddx56,0
Purb,0
Ddc,0
Grb10,0
Cobl,0
C1d,0
Cct4,0
Xpo1,0
Ccdc88a,0
Erlec1,0
Snrnp25,0
Rhbdf1,1
Mpg,0
Lcp2,1
Dock2,0
Wwc1,0
Ublcp1,0
Cyfip2,0
Med7,0
Irgm1,0
Mgat1,0
Flt4,0
Maml1,0
Canx,0
Clk4,1
Hnrnpab,0
Nhp2,0
Sar1b,0
Slc22a21,0
Fnip1,1
Cdc42se2,1
Gpx3,1
Anxa6,0
Ccdc69,0
G3bp1,1
Mfap3,0
Zfp672,0
2310033P09Rik,0
Snap47,0
Tom1l2,0
Drg2,1
Shmt1,0
Map2k3,0
Usp22,1
Mfap4,0
Grap,0
Akap10,0
Ncor1,0
Ubb,1
Tvp23b,0
Cdrt4,0
Gas7,0
Ntn1,0
Rangrf,0
Fxr2,0
Senp3,0
Zbtb4,1
Tnk1,1
Acap1,1
Eif5a,1
Cldn7,1
Med11,0
Slc25a11,0
Camta2,0
C1qbp,0
Txndc17,0
Tekt1,0
Cluh,0
Srr,0
Inpp5k,0
Glod4,0
Timm22,0
Blmh,0
Slc6a4,0
Sdf2,0
Aldoc,0
Tmem97,0
Ksr1,1
Utp6,0
Tmem98,0
Asic2,0
Ccl8,0
Ap2b1,0
Ccl6,0
Wfdc17,0
Hnf1b,0
Znhit3,0
Ypel2,0
Msi2,1
Mbtd1,1
Mrpl27,0
Col1a1,0
Sgca,0
Ppp1r9b,0
Kat7,0
Cdk5rap3,1
Mrpl10,0
Kpnb1,0
Fbxl20,0
Erbb2,0
Mien1,1
Grb7,0
Psmd3,0
Thra,0
Smarce1,0
Nt5c3b,0
Mlx,0
Ccr10,0
Ezh1,0
Rundc1,0
Vat1,0
Brca1,0
Pyy,1
Fzd2,0
Dcakd,0
Cdc27,0
Cd79b,0
Prkca,0
Abca8b,0
Sox9,0
2610035D17Rik,0
Slc39a11,0
Ttyh2,0
Atp5h,0
Slc16a5,0
H3f3b,0
Wbp2,0
Ten1,0
Exoc7,0
Mxra7,0
Jmjd6,0
Mfsd11,0
Sec14l1,0
Tmc8,0
Lgals3bp,0
Eif4a3,0
Baiap2,0
P4hb,0
Rfng,1
Hexdc,0
Pum2,0
Ddx1,0
Rock2,0
Hpcal1,1
Asap2,1
Rrm2,0
Mboat2,0
Id2,0
Pxdn,0
Sntg2,0
Dld,0
Agr2,0
Nubpl,0
Arhgap5,0
Psma6,0
Nemf,0
Psma3,0
Tex21,0
Max,1
Fut8,0
Mpp5,0
Atp6v1d,0
Eif2s1,0
Actn1,0
Pcnx,0
Sipa1l1,1
Rbm25,1
Acot1,0
Ptgr2,0
Entpd5,0
Isca2,0
Fcf1,0
Nek9,0
Tmed10,0
Gstz1,0
Itpk1,0
Tmem251,0
Unc79,0
Otub2,0
Evl,1
Zfp839,0
Amn,0
Tnfaip2,0
Klc1,0
Zfyve21,0
Zbtb42,0
Crip2,0
Crip1,0
Igha,0
Ighg2b,0
Ighg1,1
Ighv9-2,0
Gdi2,0
Akr1e1,0
Pitrm1,0
Dip2c,0
Vps41,0
Epdr1,0
Slc17a4,0
9330162012Rik,0
Gpld1,0
Irf4,1
Foxq1,1
Mylk4,0
Serpinb9,0
Tubb2b,0
Eci2,0
Ly86,1
Snrnp48,0
Ranbp9,0
Cd83,1
Dtnbp1,0
Atxn1,0
Dek,0
Fam120a,0
Susd3,0
Iars,0
Diras2,0
Sptlc1,0
Thoc3,0
Simc1,1
Faf2,0
Nsd1,0
Grk6,0
B4galt7,0
Tgfbi,0
Spock1,0
Hnrnpk,0
Naa35,1
Fbp2,0
Uqcrb,0
Med10,0
Ndufs6,0
Exoc3,0
Sdha,0
Cast,0
Glrx,0
Ccnh,1
Rps23,0
Dhfr,0
Scamp1,0
Zbed3,0
Gfm2,1
Ptcd2,1
Mrps27,0
Map1b,0
Naip5,0
Naip1,0
Cwc27,0
Smim15,0
Map3k1,1
Slc38a9,1
Ndufs4,0
Mrps30,0
Nnt,0
4833420G17Rik,0
Ube2e2,1
Ube2e1,0
Nr1d2,0
Oxsm,0
B230110C06Rik,0
Rpp14,0
Sec24c,0
Fut11,0
Dlg5,0
Polr3a,0
Zmiz1,0
Dennd6a,1
Erc2,0
Cacna2d3,0
Smim4,0
Stab1,0
Capn7,0
Btd,0
Ankrd28,0
Arhgap22,1
Anxa8,0
Ccser2,0
Nrg3,0
Tspan14,1
Txndc16,0
Fermt2,1
Lgals3,1
Ktn1,0
Pnp,0
Rnase4,0
Zfp219,0
Tox4,1
Dad1,0
Psmb5,0
Acin1,0
Dhrs4,1
Pck2,0
Tinf2,0
Ripk3,0
Pspc1,0
Ska3,0
Micu2,1
Mipep,0
Ctsb,0
Trim35,0
Ppp2r2a,0
Cdca2,1
Adamdec1,0
Sorbs3,0
Slc39a14,0
Reep4,0
Dok2,0
Itm2b,0
Tpt1,0
Gtf2f2,0
Gpalpp1,0
Tsc22d1,0
Rgcc,0
Sugt1,0
Tdrd3,1
Slitrk5,0
Mir17hg,0
Gpc6,0
Gpr180,1
Dnajc3,0
Stk24,0
Gpr18,1
Tm9sf2,0
Ggact,0
Fgf14,0
Dab2,0
Sub1,1
Zfr,0
6030458C11Rik,0
C030047K22Rik,0
Sdc2,0
Rpl30,0
Polr2k,0
Zfp706,0
Grhl2,0
Zfpm2,0
Nudcd1,0
Csmd3,1
Ext1,0
Zhx2,0
Wdyhv1,0
Tatdn1,0
Ndufb9,0
Gsdmc2,0
Sla,0
Chrac1,0
Ly6e,1
Ly6a,0
Zc3h3,1
Eef1d,0
Gpaa1,0
Sharpin,1
Mroh1,0
Hsf1,1
Zfp7,0
Rpl8,0
Rbfox2,0
Ncf4,0
Rac2,0
Sh3bp1,0
H1f0,0
Ankrd54,1
Kdelr3,0
Apobec3,0
Mgat3,0
Tnrc6b,1
St13,0
Rangap1,1
Ccdc134,0
Rrp7a,0
A4galt,0
Arfgap3,0
Nup50,0
Ppara,0
Brd1,0
Creld2,0
Tubgcp6,0
Sbf1,0
Shank3,0
Cntn1,0
Zcrb1,0
Ano6,0
Pced1b,0
Rpap3,1
Endou,0
Rapgef3,1
Slc48a1,0
Ccnt1,0
Cacnb3,1
Prkag1,0
Kmt2d,0
Tuba1b,0
Tuba1a,0
Fmnl3,0
Racgap1,1
Gpd1,0
Cox14,0
Larp4,1
Tfcp2,0
Pou6f1,1
Smagp,0
Acvrl1,0
Eif4b,0
Aaas,0
Pcbp2,0
Tarbp2,0
Mgrn1,1
Glyr1,1
Mcm4,0
Mzt2,0
Pkp2,0
Ppm1f,0
Mapk1,1
Tmem191c,0
Ranbp1,1
Trmt2a,0
Dgcr8,0
Comt,0
2510002D24Rik,0
Mrpl40,0
Iglc2,0
Igf2bp2,0
Tbccd1,1
Sst,0
Ostn,1
Ccdc50,0
Hes1,0
Lsg1,0
Fam43a,0
Muc4,0
Muc13,0
Mylk,0
Parp9,1
Rabl3,1
Ndufb4,0
Fstl1,0
Gpr156,0
Naa50,0
Ccdc80,1
Tmem45a,0
Nit2,0
Filip1l,0
Dcbld2,1
Cpox,0
4930453N24Rik,0
Gbe1,0
Hspa13,0
Usp25,1
Atp5j,0
Adamts5,0
Ltn1,0
Mis18a,1
Paxbp1,1
Smim11,0
Rcan1,0
Morc3,0
Chaf1b,0
Bace2,0
Tmprss2,0
Scaf8,1
Rsph3b,0
Pde10a,1
1700010I14Rik,0
Slc22a1,0
Mrpl18,0
Ermard,0
Pdcd2,0
Rgmb,0
Zfp948,0
Zfp943,0
Zfp944,0
Thoc6,0
Paqr4,0
Srrm2,0
Amdhd2,0
Ccnf,0
Eci1,0
Pkd1,0
Tsc2,0
Gfer,0
Noxo1,0
Ube2i,0
Stub1,0
Rab40c,0
Nme4,0
Rgs11,1
Atp6v0e,0
Phf1,0
Cuta,0
Nudt3,0
Fkbp5,1
Srpk1,1
Mapk13,1
Kctd20,1
BC004004,0
Btbd9,0
Zfp952,0
Zfp763,0
Rab11b,0
Rgl2,1
Vps52,0
H2-K1,0
Brd2,0
Tap2,0
Rnf5,0
C4b,0
Dxo,0
Slc44a4,0
Gpank1,0
Prrc2a,0
H2-Q6,0
H2-Q7,0
H2-T22,0
Rpp21,0
Trim31,0
Cd2ap,0
Tnfrsf21,1
Pla2g7,0
Clic5,0
Mrps18a,0
Klc4,0
Ppp2r5d,0
Rpl7l1,0
Nfya,1
Stap2,1
Sh3gl1,0
Safb,1
Ranbp3,0
Man2a1,0
Vapa,0
Ndufv2,0
Rab12,0
Zbtb14,1
Ndc80,0
Xdh,0
Eif2ak2,0
Prkd3,1
Srsf7,0
Plekhh2,1
Lrpprc,1
Rhoq,1
Calm2,0
Msh6,0
Map3k8,0
Svil,0
Zfp438,0
Zeb1,0
Wac,0
Ccny,0
Mib1,0
Rbbp8,1
Rprd1a,1
Elp2,0
Pik3c3,1
Sap130,0
Wdr33,1
Map3k2,0
Reep5,1
Cdc23,0
Ctnna1,0
Sil1,0
Mzb1,1
Ube2d2a,0
Psd2,1
Ankhd1,1
Tmco6,0
Ik,0
Wdr55,0
Hars2,1
Hdac3,1
Pcdh1,0
Rnf14,0
Yipf5,1
Lars,0
Tcerg1,0
Ythdc2,0
Eif1a,0
Hsd17b4,0
Phax,0
C330018D20Rik,0
Slc12a2,0
Isoc1,0
Csf1r,0
Arhgef37,1
Fbxo38,0
Fech,0
Sec11c,0
Cep192,0
Mbd2,0
Me2,0
Mbd1,0
Pias2,0
Atp5a1,0
Atp9b,0
Zfp516,0
Zfp407,0
Cndp2,0
Timm21,0
Tmx3,0
Ppp6r3,0
Chka,0
Aldh3b1,0
Ndufv1,0
Aip,0
Rhod,0
Zdhhc24,0
Dpp3,0
Mrpl11,0
Rab1b,0
Pacs1,1
Drap1,0
Fibp,0
Snx32,0
Kat5,1
Frmd8,1
Dpf2,0
Capn1,0
Znhit2,0
Snx15,0
Sf1,0
Gpr137,1
Plcb3,1
Slc22a27,0
Chrm1,0
Wdr74,0
Nxf1,0
Bscl2,0
1810009A15Rik,0
Ints5,0
Ganab,0
Ahnak,1
Incenp,0
Fads3,0
Cpsf7,0
Ddb1,0
Vps37c,0
Tmem109,1
Prpf19,0
AW112010,0
Ms4a6c,0
Osbp,0
Tle4,1
Nmrk1,0
Apba1,1
Smarca2,0
Rfx3,0
9930021J03Rik,0
Ranbp6,0
Asah2,0
Rpl9-ps6,0
Minpp1,0
Atad1,0
Lipo1,0
Slc16a12,0
Myof,0
Rbp4,0
Pdlim1,0
Aldh18a1,0
Zfp518a,0
Frat2,0
Exosc1,0
Mms19,1
Morn4,0
Marveld1,0
Sfrp5,0
Entpd7,0
Erlin1,0
Chuk,0
Scd2,0
Ldb1,1
Sfr1,1
Sorcs3,0
4833407H14Rik,0
Tcf7l2,0
Suv39h1,0
Ftsj1,0
Cask,0
Gpr34,0
Maob,0
Araf,1
Uxt,0
Il13ra1,0
Slc25a5,0
C330007P06Rik,0
Ndufa1,0
Mcts1,0
C1galt1c1,0
6030498E09Rik,0
Xiap,0
Utp14a,0
Gpc3,1
Mmgt1,0
Fhl1,0
Htatsf1,0
Arhgef6,0
Atp11c,1
Cd99l2,0
Xlr3a,0
Idh3g,0
Ssr4,0
Flna,0
Rpl10,0
Taz,0
Gab3,0
Pls3,0
Tab3,1
Hsf3,0
Ophn1,1
Efnb1,0
Gjb1,0
Ercc6l,0
Rps4x,0
Cox7b,1
Itm2a,0
2610002M06Rik,0
Rpl36a,0
Armcx2,0
Slc25a53,0
Cldn2,0
Tmem164,0
Apex2,0
Smc1a,0
Prdx4,0
Sms,0
Sh3kbp1,1
Cdkl5,0
Reps2,0
Zrsr2,0
Pir,1
Piga,0
Erdr1,0
mt-Co2,1
