gene,label
Zfp451,0
Fam168b,0
Uggt1,0
Neurl3,0
Pdcl3,0
Fhl2,0
Hspd1,0
Spats2l,0
Idh1,0
Fn1,0
Bcs1l,0
Cyp27a1,0
Cnppd1,1
Sgpp2,0
Cul3,0
Eif4e2,1
Arl4c,0
Agap1,0
Ilkap,0
Asb1,0
Ndufa10,0
Rnf152,1
Dbi,1
Ccdc93,0
Actr3,0
Nckap5,0
Ccnt2,0
Dars,0
Pigr,0
Plekha6,0
Sox13,1
Prelp,0
Ptprc,0
Dennd1b,0
Smg7,0
Qsox1,1
Prrc2c,0
Atp1b1,1
Fcgr2b,1
Ndufs2,0
Alyref2,0
Dcaf8,0
Tagln2,0
Fh1,0
Hnrnpu,0
Pycr2,0
Tmem63a,0
Lbr,0
Capn2,0
Brox,0
Camk1d,1
Celf2,0
Atp5c1,0
Mrc1,0
Myo3a,0
Psd4,1
Sapcd2,1
Ubac1,0
Sec16a,0
Rpl7a,0
Surf4,0
Fnbp1,0
Swi5,0
Fpgs,0
Cdk9,0
Gapvd1,1
Psmd5,0
Ndufa8,0
Rbm43,0
Gpd2,0
Baz2b,0
Ly75,0
Kcnh7,0
Gorasp2,0
Itgav,0
Serping1,1
Prg2,0
Madd,0
Acp2,0
Dgkz,1
Slc35c1,0
Ehf,0
Cat,0
Nop10,0
Srp14,0
Ppp1r14d,0
Chp1,1
Snap23,0
Tgm5,0
Duox2,0
Slc30a4,0
Fbn1,0
Snrnp200,0
Zc3h8,1
Slc20a1,1
Dtd1,0
Acss1,0
Fkbp1a,1
H13,0
Tpx2,1
Snta1,0
Chmp4b,0
Dynlrb1,1
Edem2,0
Procr,0
Romo1,0
Scand1,0
Dlgap4,0
Samhd1,1
Rpn2,0
Top1,0
Srsf6,0
Slpi,0
Pltp,0
Stau1,0
Rnf114,0
Zfp64,1
Tshz2,0
Vapb,0
Ctsz,0
Arfgap1,0
Tpd52,0
Impa1,1
Mecom,0
Supt20,0
Rfxap,0
Ccnl1,1
Lxn,0
Schip1,1
Smc4,0
Fstl5,0
Plrg1,0
Trim2,0
Lrba,0
Rab25,0
Rit1,0
Scamp3,0
Adam15,0
Adar,0
4933434E20Rik,0
Rps27,0
Slc39a1,0
Chtop,1
S100a13,1
S100a6,1
Pogz,0
Psmd4,0
Mrps21,0
Plekho1,0
Otud7b,1
Hsd3b3,0
Hao2,0
Atp1a1,1
Sike1,0
Dram2,0
Lamtor5,0
Gnai3,0
Prpf38b,0
Slc30a7,0
Vcam1,1
Cnn3,0
Slc44a3,0
Arhgap29,0
Dkk2,0
Tbck,1
Gstcd,0
Lmo4,0
Ddah1,0
Prkacb,0
Pigk,0
Zranb2,0
Penk,0
Trp53inp1,0
Esrp1,0
Rngtt,0
Spink4,1
Bag1,0
Nfx1,0
Sigmar1,0
Arhgef39,1
Tpm2,0
Tln1,0
Gne,1
Exosc3,0
Trim14,0
Coro2a,1
Ptpn3,0
Ptbp3,0
Kdm4c,0
Nfib,1
Plin2,0
Rps6,0
Acer2,0
Plaa,1
Osbpl9,0
Skint5,0
Akr1a1,0
Toe1,0
Hectd3,0
Rnf220,1
Atp6v0b,0
Smap2,1
Macf1,0
Sf3a3,0
1110065P20Rik,0
Meaf6,0
Psmb2,0
Eif3i,0
Khdrbs1,1
Rpa2,0
Wdtc1,1
Nudc,0
Sfn,0
Pnrc2,0
Id3,0
C1qb,0
Alpl,0
Capzb,0
Zbtb17,1
Spen,0
Efhd2,0
Rpl22,0
Chd5,0
Pex10,0
Rer1,0
Cdk11b,0
Atad3a,0
Aurkaip1,1
Sdf4,0
Armc10,1
Fam126a,0
9530036O11Rik,0
Eif2b4,0
Snx17,0
Fosl2,0
Tnip2,0
Hgfac,0
Grpel1,0
Lyar,1
Med28,1
Ncapg,0
Kcnip4,0
0610040J01Rik,0
Rpl9,0
Ube2k,0
Usp46,0
Kit,0
Srd5a3,0
Srp72,0
Noa1,1
Igfbp7,0
Slc4a4,1
Coq2,0
Mrps18c,0
Ptpn13,0
Gfi1,0
Atp5k,0
Chfr,0
Golga3,0
2900026A02Rik,0
Coro1c,1
Acads,0
Triap1,1
Cox6a1,1
Pxn,0
Rplp0,0
Prkab1,0
Wsb2,0
Ddx54,0
Arpc3,0
Rsrc2,0
Gtf2i,0
Hip1,0
Mdh2,0
Ywhag,1
Rasa4,0
Polr2j,0
Ephb4,0
Eif3b,0
Lfng,0
Eif2ak1,0
Baiap2l1,1
Bud31,1
Zkscan14,0
Cdk8,0
Polr1d,0
Stard13,1
Samd9l,0
Pon2,0
Ica1,0
Mdfic,1
Cav1,0
Cped1,0
Pot1a,0
Mkln1,0
Wdr91,1
Mtpn,0
Tmem213,0
Mgam,0
1700074P13Rik,0
Rarres2,0
Tra2a,1
Cycs,0
Snx10,0
Skap2,0
Hibadh,0
Tax1bp1,0
Nt5c3,0
Grid2,0
Igkc,0
Rpia,0
Thnsl2,0
Tgoln1,0
Suclg1,0
Pole4,0
Wbp1,0
Snrpg,0
Anxa4,0
Antxr1,0
Hmces,0
Rpn1,0
Mcm2,0
Fbln2,0
Cntn3,0
Edem1,1
Srgap3,1
Camk1,0
Pparg,0
Wnk1,0
Kdm5a,1
M6pr,0
Clec4a1,0
Atn1,0
Cops7a,0
Zfp384,0
Scnn1a,0
Tspan9,1
2310001H17Rik,0
Klrd1,1
Klra7,0
Mansc1,0
Cdc42ep5,0
Ppp6r1,0
U2af2,0
Epn1,0
Ccdc9,0
Bbc3,0
Pglyrp1,0
Vasp,0
Apoe,0
Irgq,0
Ethe1,0
Cd177,0
Ceacam10,0
Supt5,0
Zfp36,1
Nfkbib,0
Sirt2,0
Psmd8,0
Capns1,0
Psenen,0
Fxyd3,0
Gramd1a,0
Gpi1,0
Pepd,0
Lrp3,1
Rhpn2,0
Uri1,0
Ccne1,0
Klk1,0
Tbc1d17,0
Prmt1,0
Rras,0
Fcgrt,0
Rpl13a,0
Nucb1,1
Rpl18,0
Kcnj14,0
Herc2,0
Aldh1a3,0
Ntrk3,0
Cib1,0
Ngrn,1
Iqgap1,0
Whamm,1
Homer2,0
Rps3,0
C2cd3,0
Arhgef17,0
P2ry6,0
Fchsd2,1
Stard10,1
Clpb,0
Rhog,1
Dkk3,0
Parva,0
Acsm3,0
Tmem159,0
Anks4b,0
Coro1a,1
Aldoa,0
Mvp,0
B130055M24Rik,0
Itgam,0
9430038I01Rik,0
Echs1,0
Ifitm1,0
Ifitm3,0
Taldo1,0
Mob2,1
Kcnq1,0
Snapc2,0
Arglu1,0
Ing1,0
Tubgcp3,0
Lamp1,0
Grtp1,0
Chrnb3,0
Unc5d,0
Mak16,0
Asah1,0
Sorbs2,0
Sh3rf1,0
Lsm4,0
B3gnt3,0
Arhgap10,1
Farsa,0
Vps35,0
Tox3,0
Mmp2,1
Mt2,0
Mt1,0
Herpud1,0
Zfp319,1
Cnot1,1
Bean1,0
Nae1,0
Slc7a6os,0
Prmt7,1
Nip7,0
Chst4,0
Rfwd3,1
4933408N05Rik,0
Plcg2,1
Atp2c2,1
Zdhhc7,1
Ttc13,0
Ntpcr,0
Itgb1,0
Casp1,0
Arhgap42,0
Endod1,0
Cwc15,0
Mrpl4,0
Icam1,0
Smarca4,0
Cnn1,1
Anln,0
St14,0
Tmem45b,0
Gramd1b,0
Thy1,0
Rps25,0
Rdx,0
Idh3a,0
Dnaja4,1
Hmg20a,1
Ppcdc,0
Scamp2,0
Nptn,0
Neo1,0
Tipin,1
Spg21,0
Zfp609,0
Rps27l,0
Tpm1,0
Tinag,0
Fbxo9,0
Sh3bgrl2,0
Slc25a36,1
Stag1,0
Anapc13,0
Ryk,1
Dusp7,0
Rpl29,0
Acy1,0
Gnai2,1
Gpx1,1
Impdh2,0
Ccdc51,0
Map4,0
Smarcc1,0
Cnot10,1
Wdr48,0
Abhd5,0
Kif15,0
Cdcp1,1
Akap12,1
Utrn,0
Nhsl1,0
Slc35d3,1
Map7,0
Bclaf1,0
Rps12,0
Gtf3c6,0
Pdss2,0
Nus1,0
Mcu,1
Ppa1,0
Ccar1,1
Nrbf2,0
Bicc1,0
Specc1l,0
Smarcb1,0
Rrp1,0
Polrmt,0
Fstl3,0
Misp,0
Uqcr11,0
Rexo1,0
Csnk1g2,0
Izumo4,0
Ap3d1,0
Lsm7,0
Timm13,0
Sgta,0
Map2k2,1
Gna11,0
Nfyb,0
Chst11,1
Cdk17,0
Elk3,0
Nudt4,0
Dcn,0
Mgat4c,0
Pawr,0
Nav3,0
Lyz2,0
Rap1b,0
Grip1,0
Tmbim4,0
Msrb3,0
Ctdsp2,0
Ptges3,0
Cnpy2,0
Pa2g4,0
Suox,0
Pik3ip1,0
Xbp1,0
Ykt6,0
Nudcd3,0
Ddc,0
C1d,0
Ugp2,0
Cct4,0
Ahsa2,1
Rtn4,0
Bod1,1
Snrnp25,0
Irgm1,0
Cnot6,1
Mgat4b,0
Maml1,0
Clk4,1
Sar1b,0
Ppp2ca,0
Vdac1,0
Sparc,0
G3bp1,1
2410006H16Rik,0
Trim16,0
Cox10,1
Elac2,0
Rangrf,0
Tnk1,1
Slc2a4,0
Slc25a11,0
Pfn1,0
Kif1c,0
Nup88,0
Mnt,0
Ovca2,0
Prpf8,0
Myo1c,0
Blmh,0
Pigs,0
Tmem97,0
Psmd11,0
Myo1d,0
Ccl8,0
Mtmr4,1
Srsf1,0
Col1a1,0
Spop,0
Hoxb13,0
Snx11,0
Nfe2l1,0
Pnpo,0
Osbpl7,0
Stac2,0
Cdk12,1
Grb7,0
Med24,0
Jup,0
Ghdc,0
Ccr10,0
Psme3,0
Pyy,1
Atxn7l3,1
Gpatch8,0
Eftud2,0
Efcab3,0
Ftsj3,0
Kpna2,0
Pitpnc1,0
Arsg,0
Ttyh2,0
Nt5c,0
Sumo2,1
Fbf1,0
Ubald2,0
Mettl23,0
Pgs1,0
Eif4a3,0
Rnf213,0
Slc25a10,0
P4hb,0
Alyref,0
Gps1,1
Pum2,0
Sdc1,0
Ddx1,0
Kidins220,0
Adi1,0
Dgkb,0
Arhgap5,0
Npas3,0
Sptssa,0
Nfkbia,0
Ralgapa1,0
Pnn,0
Rps29,0
Rpl36al,0
Nemf,0
Arf6,0
Mnat1,0
Wdr89,0
Syne2,0
Mpp5,0
Plek2,0
Vti1b,1
Zfyve26,0
Srsf5,0
Calm1,0
Catsperb,0
Trip11,0
Wars,0
Zfp839,0
Rcor1,0
Klc1,0
Cep170b,0
Crip1,0
Gdi2,0
Adarb2,0
Dip2c,0
Stard3nl,0
Zkscan3,1
Abt1,0
Acot13,0
Dusp22,1
Irf4,1
Serpinb1a,0
Tubb2a,0
Prpf4b,1
Riok1,0
Dsp,0
Mcur1,1
Jarid2,0
Atxn1,0
Sptlc1,0
4833439L19Rik,0
Higd2a,0
Prelid1,0
Ddx41,0
Fam193b,0
Spock1,0
Hnrnpa0,0
2210016F16Rik,0
Golm1,0
Rsl1,0
Nsun2,0
Rps23,0
Atg10,0
Msh3,0
Lhfpl2,0
Hexb,0
Elovl7,0
4833420G17Rik,0
Thrb,0
Oit1,1
Sec24c,0
Adk,0
Dlg5,0
Appl1,1
Mustn1,1
Pbrm1,0
Bap1,1
Sh3bp5,1
Glud1,0
Bmp4,0
Lgals3,1
Tep1,0
Ndrg2,0
Slc7a7,0
Mrpl52,0
Dhrs4,1
Mdp1,0
Pspc1,0
Cryl1,0
Mtmr6,0
Dleu2,0
Fdft1,0
Ccdc25,1
Ptk2b,1
Ppp2r2a,0
4930438E09Rik,0
Adamdec1,0
Reep4,0
Lpar6,0
Esd,0
Klf5,0
Lmo7,0
Slitrk5,0
Gpr180,1
Ggact,0
Oxct1,0
Plcxd3,1
Lifr,0
Egflam,1
Prlr,0
Tars,0
Sub1,0
Zfr,0
Cdh12,0
Zfp622,0
Cpq,0
Laptm4b,0
Matn2,0
Polr2k,0
Pabpc1,0
Zfp706,0
Grhl2,0
Ncald,1
Rims2,0
Zfpm2,0
Eif3e,1
Trps1,0
Tnfrsf11b,0
Tmem65,1
Khdrbs3,1
Ly6a,0
Ly6c2,0
Fam83h,0
Scrib,0
Grina,1
Gpaa1,0
Txn2,1
Eif3d,0
Cyth4,0
Sh3bp1,0
Nol12,0
Polr2f,0
Kdelr3,0
Tomm22,0
Sun2,0
Rpl3,0
Slc25a17,0
St13,0
Ndufa6,0
Serhl,0
Poldip3,1
Cdpf1,0
Plxnb2,0
Arsa,0
Cpne8,0
Tmem117,0
Senp1,0
Kansl2,0
Tuba1b,0
Tuba1a,0
Nckap5l,0
Gpd1,0
Cox14,0
Pou6f1,1
Cela1,0
Acvr1b,0
Eif4b,0
Igfbp6,1
Calcoco1,1
Copz1,0
Cluap1,0
Parn,0
Pdxdc1,0
Mcm4,0
Mapk1,1
Aifm3,0
Parl,0
Eif2b5,0
2510009E07Rik,0
Pigx,0
Cep19,0
Slc12a8,0
Fam162a,1
Golgb1,0
Gsk3b,0
Lsamp,0
Sidt1,0
Cd200,1
Tfg,0
St3gal6,0
Cpox,0
Pros1,0
Nrip1,0
Usp25,1
Atp5j,0
App,0
Usp16,0
Map3k7cl,0
Scaf4,0
Son,0
Clic6,0
Cbr1,0
Chaf1b,0
Dyrk1a,0
Hmgn1,0
1700010I14Rik,0
Acat2,0
Zfp53,0
Zfp948,0
Paqr4,0
Prss32,0
Tsc2,0
Gfer,0
Snhg9,0
Mapk8ip3,0
Rab40c,0
Rgs11,0
Phf1,0
Cuta,0
Bak1,0
Spdef,0
BC004004,0
Tff3,0
Slc37a1,0
Ndufa7,0
Tapbp,0
H2-K1,0
Tap2,0
Rnf5,0
Hspa1b,0
Vars,0
Tubb5,0
2310061I04Rik,0
Rpp21,0
Trim26,0
Vegfa,0
Klc4,0
Ubr2,1
Stap2,1
Plin3,0
Cntnap5c,0
Lbh,1
Yipf4,0
Birc6,0
Crim1,0
Srsf7,0
Map4k3,0
Cox7a2l,1
Ppm1b,0
Cript,0
Epcam,0
Zfp438,0
Zeb1,0
Epc1,0
Usp14,0
Snrpd1,0
Mib1,0
Riok3,0
Dtna,0
Srp19,0
Reep5,1
Ctnna1,0
Ankhd1,1
Pcdhga9,1
Myot,0
Ppic,0
Rbm22,0
Hmgxb3,0
Csnk1a1,1
Wdr7,1
Lman1,0
Afg3l2,0
Seh1l,0
Rnmt,0
Smad4,1
Lipg,0
Rpl17,0
Txnl4a,0
Dok6,0
Cdk2ap2,0
Coro1b,0
Ppp1ca,1
Drap1,0
Fibp,0
Cfl1,0
Ehbp1l1,0
Scyl1,0
Malat1,1
Neat1,0
Otub1,0
Slc22a27,0
Snhg1,0
Stx5a,0
Nxf1,0
Mta2,1
Incenp,0
Fth1,0
Ddb1,0
Tmem109,1
AW112010,0
Ms4a8a,0
Ms4a6c,0
Cep78,1
Pcsk5,0
Smarca2,0
Jak2,1
Papss2,0
Pten,0
Ankrd22,0
Tnks2,1
Mms19,1
Pi4k2a,0
Sfr1,0
Casp7,0
Trub1,0
Atrnl1,0
Tbc1d25,0
Dynlt3,0
Gpr34,0
Maoa,0
Timp1,0
Pgrmc1,0
Slc25a5,0
Hs6st2,0
Cd99l2,0
Flna,0
Atp6ap1,0
G6pdx,0
Zc3h12b,0
Hsf3,0
Cox7b,1
2610002M06Rik,0
Nox1,0
Slc25a53,0
Cldn2,0
Tmem164,0
Kdm5c,1
Rbbp7,1
Trappc2,0
Arhgap6,1
Ddx3y,0
mt-Co2,1
mt-Atp6,0
mt-Co3,0
mt-Nd3,0
mt-Nd4,0
mt-Cytb,0
