gene,label
2610203C22Rik,0
Sgk3,0
Sulf1,0
Col9a1,0
Ccdc115,0
Eif5b,0
Pdcl3,0
Fhl2,0
Tpp2,0
Col5a2,0
Slc39a10,0
Gls,0
Inpp1,0
Asnsd1,0
Sf3b1,0
Mob4,0
9130024F11Rik,0
Ppil3,0
Orc2,0
Ndufb3,0
Bmpr2,0
Fam117b,0
Abi2,1
Cd28,0
Rpl37a,0
Ttll4,1
Glb1l,0
Ap1s3,0
Wdfy1,0
Sp110,1
Inpp5d,0
Atg16l1,0
Col6a3,0
Mlph,0
Pask,1
Hdlbp,0
Ing5,1
Rnf152,1
Tsn,0
Slc35f5,0
R3hdm1,0
Mapkapk2,1
Nucks1,0
Klhdc8a,0
Mdm4,0
Ppp1r15b,0
Zc3h11a,0
Timm17a,0
Pkp1,0
Camsap2,1
Kif14,0
B3galt2,0
Pla2g4a,0
Tpr,0
Qsox1,1
Tor1aip2,0
Soat1,0
Mrps14,0
Cenpl,0
Dpt,0
Xcl1,0
Mpzl1,1
Creg1,0
Pou2f1,0
Gpa33,0
Fcgr2b,1
Fcgr4,0
Tomm40l,0
Fcer1g,0
B4galt3,0
Alyref2,0
Ly9,0
Cd84,0
Igsf8,0
Kcnj10,0
Tagln2,0
Dusp23,0
Mndal,0
Mptx1,0
Fh1,0
Akt3,0
Zbtb18,0
Hnrnpu,0
Ahctf1,1
Parp1,1
Capn2,0
Disp1,0
Brox,0
Kctd3,0
Smyd2,0
Rcor3,1
Fam171a1,1
Hspa14,0
Bend7,0
Cdc123,1
Nudt5,0
Sec61a2,0
Dnajc1,0
Acbd5,0
Yme1l1,0
Hnmt,0
Pnpla7,1
Nsmf,0
Sapcd2,1
Rxra,0
Rapgef1,1
Set,0
Dolpp1,0
Exosc2,1
Pomt1,0
Fpgs,0
Stxbp1,1
Rpl12,0
Ralgps1,1
Psmd5,0
Mrrf,0
Pdcl,0
Ppp6c,0
Orc4,0
Rbm43,0
A430018G15Rik,0
Upp2,0
Ly75,0
Galnt3,0
Stk39,0
Ssb,0
Hoxd8,0
Ttc30a1,0
Plekha3,0
Pde1a,1
Dnajc10,0
Zc3h15,1
Itgav,0
Ube2l6,0
Mtch2,0
Ndufs3,0
Ptpmt1,1
Psmc3,0
Madd,0
Acp2,0
Arfgap2,0
Ext2,0
Commd9,0
Cd44,0
Ehf,0
Hipk3,1
Tcp11l1,1
Qser1,0
Eif3m,0
Kif18a,0
Nop10,0
Emc4,0
Fam98b,1
Bub1b,0
Knstrn,1
Haus2,0
Tgm5,0
Adal,0
Eif3j1,0
Sord,0
Trpm7,0
Itpripl1,0
1810024B03Rik,0
Snrnp200,0
Bub1,0
Tgm6,0
Vps16,0
Cdc25b,0
Mavs,0
Pank2,1
Smox,1
Crls1,0
Rrbp1,0
Dtd1,0
Gzf1,1
Zfp120,0
Tbc1d20,0
Id1,0
Plagl2,0
Commd7,1
Snta1,0
Pxmp4,0
a,0
Trpc4ap,0
Aar2,0
Ndrg3,1
Samhd1,1
Blcap,0
Rprd1b,1
Hnf4a,0
Serinc3,0
Ube2c,0
Snx21,0
B4galt5,0
Slc9a8,1
Zfp64,1
Tshz2,0
Mrgbp,1
Arfgap1,0
Hnf4g,1
Il7,0
Fabp5,0
Impa1,1
Ythdf3,0
Mtfr1,0
Gyg,0
Pld1,1
Pik3ca,0
Exosc9,0
Ccna2,0
Ankrd50,0
Elf2,1
Rab33b,0
Foxo1,0
Ufm1,0
Postn,0
Supt20,0
Dclk1,0
Commd2,0
Igsf10,1
Aadac,0
Mbnl1,0
Arhgef26,0
Dhx36,0
Lxn,0
Mfsd1,0
Ppm1l,0
Fnip2,0
Glrb,0
Plrg1,0
Mnd1,0
Rrnad1,0
Rab25,0
Arhgef2,0
Syt11,1
Dap3,0
Gba,0
Efna4,0
Shc1,1
Ubap2l,0
4933434E20Rik,0
Tpm3,0
Rps27,0
Ilf2,0
Snapin,0
S100a4,1
Mrpl9,0
Snx27,0
Pogz,0
Psmb4,0
Scnm1,0
Cdc42se1,1
Setdb1,0
Tars2,0
Rprd2,0
Plekho1,0
Otud7b,1
Mtmr11,0
Phgdh,0
Syt6,0
Mov10,1
Rap1a,0
Wdr77,0
Strip1,0
Ahcyl1,0
Csf1,0
Gstm2,0
Gstm1,0
Gstm4,0
Amigo1,1
Vcam1,1
Sass6,0
Frrs1,0
Rwdd3,1
Papss1,0
Dnajb14,0
Unc5c,0
Gbp3,0
Gbp2,0
Pkn2,1
Samd13,1
Zzz3,0
Cryz,0
Srsf11,0
Chchd7,0
Nsmaf,0
Plekhf2,0
Ndufaf6,1
Otud6b,0
Decr1,0
Nbn,0
Ripk2,0
Cpne3,0
Klhl32,0
Ufl1,1
Casp8ap2,0
Ankrd6,1
4933421O10Rik,0
Ube2j1,0
Zfp292,0
Aco1,0
Smu1,0
B4galt1,0
Spink4,1
Chmp5,1
Dcaf12,0
Ubap1,0
Pigo,0
Tesk1,0
Tln1,0
Gne,1
Pax5,1
Polr1e,0
Exosc3,0
Tmeff1,0
Baat,0
Rad23b,0
E130308A19Rik,0
Bnc2,0
Rps6,0
Mllt3,1
Klhl9,0
Tm2d1,0
Itgb3bp,0
Pgm1,0
Cachd1,0
Jak1,1
Leprot,0
Mier1,0
Ttc4,0
Dio1,0
Cpt2,0
Echdc2,0
Zyg11b,1
Btf3l4,0
Ttc39a,0
Skint1,0
Akr1a1,0
Prdx1,0
Toe1,0
Hpdl,0
Urod,0
Eif2b3,0
Atp6v0b,0
Zfp691,1
Ybx1,1
Scmh1,1
Kcnq4,1
Smap2,1
Trit1,0
Macf1,0
Akirin1,1
Mycbp,0
Fhl3,0
9930104L06Rik,0
Meaf6,0
Mrps15,0
Thrap3,1
Map7d1,0
Trappc3,1
Clspn,0
Zmym1,0
Ak2,0
Tmem234,0
Pum1,1
Sdc3,0
Ptpru,0
Mecr,0
Phactr4,0
Dnajc8,0
Rpa2,0
Tmem222,0
Wdtc1,1
Sfn,0
Pigv,1
Ubxn11,0
Nipal3,0
Ephb2,0
Alpl,0
Rnf186,0
Akr7a5,0
Crocc,1
Efhd2,0
Pdpn,0
Vps13d,0
Zfp933,0
Miip,0
2510039O18Rik,0
Ctnnbip1,0
Gpr157,1
Rere,0
A430005L14Rik,0
Wrap73,1
Pank4,1
Prkcz,0
Slc35e2,0
Atad3a,0
Sdf4,0
Krit1,0
Dmtf1,0
Fgl2,0
Armc10,1
Psmc2,1
Orc5,0
Pus7,1
Tomm7,0
Prkag2,0
Insig1,0
Lmbr1,0
Mapre3,0
Cad,0
Eif2b4,0
Gpn1,0
Slc4a1ap,0
Mrpl33,0
Rnf4,0
Nop14,1
Htt,0
Dok7,0
Sh3tc1,0
Afap1,0
Evc2,0
C1qtnf7,0
Fbxl5,0
Ncapg,0
Dhx15,0
Anapc4,0
Pgm2,0
Tlr1,0
Rpl9,0
Smim14,0
Ube2k,0
Limch1,1
Tmem33,1
Gabrb1,0
Slain2,1
Lnx1,1
Clock,1
Sult1d1,0
Grsf1,0
Slc4a4,1
Ankrd17,0
Rassf6,0
Mrpl1,0
Hnrnpdl,0
Mrps18c,0
Lrrc8d,0
Tgfbr3,0
Gfi1,0
Rpl5,1
Fgfrl1,0
A630023P12Rik,0
Noc4l,0
Pus1,0
Chek2,0
Pitpnb,0
Tpst2,0
2900026A02Rik,0
Sgsm1,1
Sart3,1
Usp30,0
Mmab,0
Mvk,0
Unc119b,0
Pop5,0
Triap1,1
Cit,0
Hspb8,1
BC051077,0
Rph3a,0
Rpl6,0
Trafd1,0
Ccdc63,0
Pptc7,1
Vps29,0
Gpn3,0
Atp2a2,1
Mlxip,1
Eif2b1,0
Atp6v0a2,0
Ran,0
Mrps17,0
Gtf2i,0
Mlxipl,0
Tbl2,0
Pom121,0
Ywhag,1
Polr2j,0
Alkbh4,0
Zan,0
Ppp1r35,1
Mepce,1
Cops6,1
Ap4m1,0
Taf6,0
Cnpy4,1
Zfp68,0
Micall2,1
Ints1,0
Snx8,0
Chst12,1
Gna12,1
Sdk1,0
Rac1,0
Eif2ak1,0
Trrap,1
Smurf1,1
Zkscan14,0
Rnf6,1
Rpl21,0
Lnx2,0
Slc46a3,0
N4bp2l1,0
Pon3,0
Ndufa4,0
Tmem106b,0
Tfec,0
Tspan12,1
Ptprz1,1
Ndufa5,0
Gcc1,0
Calu,0
Smo,0
Agbl3,0
Wdr91,1
1810058I24Rik,0
Creb3l2,0
Trim24,0
Ubn2,0
Adck2,0
1700074P13Rik,0
Trbc1,0
Sval1,0
Sval3,0
Pdia4,0
Zfp956,0
Zfp777,0
Tmem176a,1
Malsu1,1
Snx10,0
Hoxa11os,0
Hibadh,0
Ppm1k,1
Herc6,0
Fam13a,1
Tigd2,0
Tnip3,1
0610030E20Rik,0
Tgoln1,0
Pole4,0
Exoc6b,0
Fam136a,0
Snrpg,0
Pcbp1,0
1600020E01Rik,0
Arhgap25,0
Aplf,1
Hmces,0
Rpn1,0
Nup210,0
Mrps25,0
9530026P05Rik,0
Magi1,0
Gxylt2,0
Pdzrn3,0
Cntn3,0
Crbn,0
Grm7,1
Rpusd3,0
Brk1,1
Sec13,0
Slc6a11,0
Zfp422,1
Cxcl12,0
Hnrnpf,0
Csgalnact2,0
Bms1,0
Kdm5a,1
Atp6v1e1,0
Mfap5,0
C3ar1,0
Clec4a3,0
Tpi1,0
Usp5,0
Ptms,0
Cops7a,0
Zfp384,0
Nop2,1
Ncapd2,0
Tapbpl,0
Tnfrsf1a,0
D6Wsu163e,0
Ccnd2,0
Fkbp4,1
Klrb1c,0
Clec2d,0
Tmem52b,0
Klra17,0
Ddx47,0
Gucy2c,0
Wbp11,0
Golt1b,1
Kcnj8,0
C2cd5,1
Stk38l,1
Rep15,0
Myadm,1
Tmc4,0
U2af2,0
Zfp444,0
Vmn2r52,0
Lig1,0
Napa,0
Bbc3,0
Zc3h4,1
Npas1,0
Foxa3,1
Opa3,0
Ercc1,0
Apoc2,0
Tomm40,0
Zfp180,0
Rabac1,0
Erf,1
Ltbp4,0
Shkbp1,1
Akt2,0
Zfp60,0
Dll3,0
Sycn,0
Nfkbib,0
Sirt2,0
Psmd8,0
Spint2,0
Zfp84,0
Zfp568,1
Nfkbid,1
Arhgap33,0
U2af1l4,0
Ffar2,0
Lsm14a,0
Pepd,0
Lrp3,1
Cep89,0
Ccne1,0
Zfp788,0
2410002F23Rik,0
Tbc1d17,0
Akt1s1,0
Fuz,0
Irf3,0
Rras,0
Rps11,0
Rpl13a,0
Tead2,1
Gys1,0
Ftl1,0
Ppp1r15a,0
Dbp,1
Kcnj14,0
Grwd1,0
Nomo1,0
Nav2,0
Svip,1
Tm2d3,0
Snrpa1,0
Chsy1,0
Asb7,0
Adamts17,0
Klhl25,1
Ticrr,1
Ap3s2,0
Ngrn,1
Wdr73,0
Sec11a,0
2310010J17Rik,0
Sytl2,0
Tmem126b,0
Rab30,0
Ints4,0
Aamdc,1
Clns1a,1
Acer3,1
Uvrag,0
Rps3,0
Lipt2,0
Pgm2l1,0
Coa4,0
Arhgef17,0
Rrm1,0
Dchs1,0
Spon1,1
Pde3b,1
Gde1,0
Knop1,0
Uqcrc2,0
Ubfd1,0
Ndufab1,0
Nsmce1,1
Il4ra,1
Il27,0
Ypel3,1
Ppp4c,1
Hirip3,0
Cdipt,0
Kif22,0
Spn,0
B130055M24Rik,0
Kat8,0
Sec23ip,0
Htra1,0
Dmbt1,0
Dhx32,0
Dock1,0
Ptpre,1
Mapk1ip1,0
Zfp511,1
Echs1,0
Phrf1,0
Ap2a2,0
Tollip,0
Mob2,1
Osbpl5,0
Ccnd1,0
Arhgef18,0
Pnpla6,0
Camsap3,1
Snapc2,0
Ing1,0
Tubgcp3,0
Cln8,0
Golga7,0
Ash2l,1
Unc5d,0
Leprotl1,1
Micu3,0
Cnot7,0
Trappc11,0
Ing2,0
Dctd,0
Aga,0
Neil3,0
Vegfc,0
Scrg1,0
Sh3rf1,0
Cbr4,0
Tll1,0
Atp13a1,0
Mau2,0
Cope,0
Isyna1,0
Ccdc124,0
Myo9b,0
Plvap,1
Slc27a1,0
Colgalt1,0
Rab8a,0
Rbmxl1,0
Hhip,1
Zfp330,0
Scoc,0
Dnajb1,0
Pkn1,1
Rfx1,0
Syce2,0
Lonp2,0
Cnep1r1,0
Heatr3,0
Adcy7,0
Mmp2,1
Ces1h,0
Amfr,0
Cpne2,0
D230025D16Rik,0
Enkd1,0
Edc4,0
Slc7a6os,0
Nob1,0
Atxn1l,1
Chst4,0
Il34,0
Aars,0
Pdpr,0
Mlkl,0
Cfdp1,1
Nudt7,0
Gcsh,0
Mphosph6,0
Mlycd,0
Taf1c,0
Atp2c2,1
Cotl1,0
Fbxo31,0
2810004N23Rik,0
Tsnax,0
Coa6,0
Tmem123,0
Arhgap42,0
Cep57,0
Cwc15,0
Amotl1,0
Chordc1,1
Ubl5,0
Angptl6,0
Mrpl4,0
Icam1,0
Cdkn2d,1
Ilf3,0
Carm1,1
Yipf2,0
Rab3d,1
Zfp653,0
Elof1,0
St14,0
Fam118b,0
Ei24,0
Ccdc15,0
Vwa5a,0
Gramd1b,0
Arhgef12,0
Pdzd3,0
C2cd2l,1
Slc37a4,0
Rps25,0
Ift46,0
Dscaml1,0
Bace1,0
Sidt2,0
Zw10,0
Pts,0
Bco2,0
2310030G06Rik,0
Dmxl2,1
Wdr61,1
Ireb2,0
Chrnb4,0
Ube2q2,0
Etfa,0
Cspg4,0
Edc3,0
Uaca,1
Glce,0
Itga11,0
Cln6,0
2300009A05Rik,0
Aagab,0
Dpp8,0
Igdcc4,0
Zfp609,0
Car12,0
Gtf2a2,0
Tinag,0
Gsta4,0
Slc17a5,0
Ibtk,0
Me1,1
Cyb5r4,0
Snhg5,0
Zfp949,0
Mthfs,0
Ctsh,0
Morf4l1,0
Plscr1,1
Trpc1,0
Slc25a36,1
Amotl2,0
Uba5,0
Acpp,1
Mrpl3,0
Ppm1m,0
Twf2,0
Rpl29,0
Tusc2,1
Rbm5,0
Ccdc51,0
Nme6,0
Cdc25a,0
Ccdc12,0
Epm2aip1,0
Crtap,0
Cnot10,1
Slc22a14,0
Acaa1a,0
Xylb,0
Vipr1,0
Cdcp1,1
Plekhg1,1
Rmnd1,0
Tab2,1
Stxbp5,0
Grm1,0
Pex3,0
Aig1,0
Slc35d3,1
Tbpl1,0
Tcf21,0
Ncoa7,1
Tpd52l1,0
Dse,0
Marcks,0
Lama4,1
Traf3ip2,0
Snx3,0
Sec63,0
Dcbld1,0
Hsf2,0
Lims1,0
Pald1,0
Ppa1,0
Col13a1,0
Vps26a,0
Ctnna3,0
Lrrtm3,1
Reep3,0
Bicc1,0
Ggt5,0
Ddt,0
Gstt1,0
Mif,1
Sumo3,1
Rrp1,0
Tpgs1,0
Cnn2,0
Tcf3,0
Ap3d1,0
Pias4,1
Mrpl54,0
Hmg20b,1
Nfyb,0
Ckap4,0
Cry1,1
Rtcb,0
1700113H08Rik,0
Nup37,0
Dram1,0
Cdk17,0
Socs2,1
Lum,0
Epyc,0
Atxn7l3b,1
Tbc1d15,0
Zfc3h1,0
Yeats4,0
Lyz2,0
Mdm2,0
Helb,0
Lemd3,0
Ppm1h,0
Tspan31,1
Shmt2,0
Esyt1,0
Erbb3,0
Suox,0
Cdk2,1
Mmp19,0
Ormdl2,1
Limk2,0
Rnf185,1
Hormad2,0
Purb,0
Ccm2,0
Tbrg4,1
Adcy1,0
Grb10,0
4930554G24Rik,0
Lgalsl,0
Tmem17,0
Cct4,0
Fam161a,0
Xpo1,0
Pnpt1,0
Rps27a,0
Acyp2,0
Bod1,1
Cpeb4,1
Fbxw11,0
Ranbp17,0
Lcp2,1
Rars,0
Mat2b,0
Med7,0
Mgat1,0
Maml1,0
Hnrnph1,0
Clk4,1
Hnrnpab,0
Nhp2,0
0610009B22Rik,0
9530068E07Rik,0
Slc22a21,0
Pdlim4,0
Anxa6,0
Ccdc69,0
Slc36a1,0
Sap30l,1
Zfp672,0
Snap47,0
Llgl1,0
Top3a,1
Tmem11,0
Akap10,0
Trim16,0
Cdrt4,0
Hs3st3a1,0
Elac2,0
Ndel1,1
Slc25a35,0
Ctc1,0
Vamp2,0
Tnk1,1
Acap1,1
Slc2a4,0
Pelp1,0
Pfn1,0
Mis12,0
Nlrp1b,0
Itgae,0
Emc6,0
Cluh,0
Ovca2,0
Inpp5k,0
Rph3al,0
Timm22,0
Slc6a4,0
Tlcd1,1
Aldoc,0
Tmem97,0
Nf1,1
Psmd11,0
AI662270,0
Taf15,0
Ccl5,0
Ccl6,0
Wfdc17,0
Tada2a,0
Acaca,1
Dhrs11,0
Znhit3,0
Usp32,0
Appbp2,0
Med13,0
Rad51c,0
Dynll2,0
Mmd,0
Ankrd40,0
Eme1,0
Mrpl27,0
Xylt2,0
Sgca,0
Pdk2,0
Spop,0
Zfp652,0
Ttll6,1
Hoxb13,0
Cdk5rap3,1
Mrpl45,0
Rpl19,0
Ormdl3,1
Med24,0
Thra,0
Krt28,0
Dnajc7,0
Nkiras2,1
Kat2a,0
Atp6v0a1,0
Psme3,0
Etv4,1
Ubtf,0
Fzd2,0
Ccdc43,0
Eftud2,0
Dcakd,0
Hexim1,0
Plekhm1,0
Kansl1,1
Taco1,0
Ftsj3,0
Pitpnc1,0
Sox9,0
Ttyh2,0
Rab37,0
Cdr2l,0
Atp5h,0
Grb2,1
Galk1,0
Ten1,0
Exoc7,0
Prpsap1,0
Mfsd11,0
Sec14l1,0
Tmc6,0
Birc5,0
Cbx4,1
Tbc1d16,1
Chmp6,0
Actg1,0
P4hb,0
Anapc11,0
Rfng,1
Fasn,0
Hexdc,0
Pdia6,0
Odc1,0
Rnaseh1,0
Adi1,0
Tmem18,0
Acp1,0
Cog5,0
Prkar2b,0
Sypl,0
Agr2,0
Dgkb,0
Arl4a,0
Akap6,0
Eapp,0
Baz1a,0
Brms1l,0
Gemin2,0
Fancm,0
Nemf,0
Mnat1,0
Trmt5,0
Slc38a6,0
Hspa2,1
Fntb,0
Mpp5,0
Eif2s1,0
Pigh,0
Vti1b,1
Pcnx,0
Dcaf4,0
Numb,0
Entpd5,0
Dlst,0
Nek9,0
Tmed10,0
Jdp2,1
Gstz1,0
Ahsa1,1
Sptlc2,0
Alkbh1,0
4930544I03Rik,0
Tshr,0
Flrt2,0
Kcnk10,0
Tdp1,0
Nrde2,1
Dicer1,0
Wars,0
Wdr25,1
Meg3,0
Zfp839,0
Tecpr2,0
Exoc3l4,0
Akt1,0
Gpr132,1
Mta1,0
Crip1,0
Igha,0
Akr1c14,0
Akr1e1,0
Hecw1,1
Psma2,0
Epdr1,0
Trim27,0
Zscan26,1
Slc17a4,0
Acot13,0
9330162012Rik,0
Gpld1,0
Mylk4,0
Serpinb9,0
Psmg4,0
Prpf4b,1
Cage1,0
Ofcc1,0
Tmem14c,1
Smim13,0
Tmem170b,1
Cd83,1
Mylip,0
Atxn1,0
Nup153,0
Susd3,0
Spin1,1
Diras2,0
Auh,0
Thoc3,0
4833439L19Rik,0
Faf2,0
Mxd3,0
Txndc15,0
Pitx1,0
Hnrnpk,0
Naa35,1
Fbp2,0
Ptdss1,0
Rsl1,0
Nsun2,0
Mrpl36,0
Lpcat1,0
Tppp,1
Pdcd6,0
Sdha,0
Ccdc127,0
Cast,0
Arsk,0
Polr3g,1
Hapln1,0
Msh3,0
Thbs4,0
Scamp1,0
Ap3b1,0
Sv2c,0
Nsa2,1
Fcho2,0
Mrps27,0
Smn1,0
Naip5,0
Naip6,0
Naip1,0
Srek1ip1,0
Ndufaf2,0
Elovl7,0
Slc38a9,1
Emb,0
Paip1,0
Hmgcs1,0
Ube2e1,0
Nr1d2,0
Oit1,1
Pdhb,0
Rpp14,0
Kcnk5,0
Fam149b,0
Dnajc9,1
Fut11,0
Ppif,0
Arhgef3,0
Bap1,1
Btd,0
Glud1,0
Ccser2,0
Tspan14,1
Gnpnat1,0
Gmfb,1
Exoc5,0
Osgep,0
Apex1,0
Pnp,0
Mettl17,0
1700123O20Rik,0
Dhrs4,1
Cbln3,0
Sdr39u1,0
Zmym5,1
Cryl1,0
Sap18,1
Ska3,0
Cab39l,1
Shisa2,1
Spata13,1
Mipep,0
Kpna3,0
Ccdc25,1
Ephx2,0
Adamdec1,0
Chmp7,0
Bin3,0
Hr,0
Rcbtb2,0
Lpar6,0
Esd,0
Tpt1,0
Gtf2f2,0
Akap11,0
Elf1,0
Dach1,0
Mzt1,0
Mir17hg,0
Gpc6,0
Dnajc3,0
Gpr18,1
Lifr,0
Prlr,0
Rad1,0
C1qtnf3,1
Sub1,1
Pdzd2,0
6030458C11Rik,0
C030047K22Rik,0
Rpl30,0
Zfp706,0
Ubr5,1
Atp6v1c1,0
Rims2,0
Nudcd1,0
Med30,0
Mal2,0
Wdyhv1,0
Fer1l6,0
Gsdmd,1
Eef1d,0
Puf60,1
Exosc4,1
Bop1,1
Hsf1,1
Adck5,0
Recql4,0
Lrrc14,0
Rpl8,0
Rac2,0
Sh3bp1,0
Pla2g6,0
Kdelr3,0
Apobec3,0
Mgat3,0
Sgsm3,1
St13,0
Tef,0
Tob2,1
Aco2,0
Desi1,1
Ndufa6,0
Serhl,0
Cyb5r3,0
Mcat,0
Samm50,0
5031439G07Rik,0
Fbln1,0
Creld2,0
Pim3,1
Trabd,0
Tubgcp6,0
Chkb,0
Arsa,0
Zcrb1,0
Scaf11,0
Slc38a2,1
Slc38a4,0
Ccnt1,0
Ddx23,0
Prkag1,0
Racgap1,1
Larp4,1
Dazap2,1
Acvrl1,0
Krt7,0
Igfbp6,1
Zfp740,1
Espl1,0
Aaas,0
Itga5,0
Cluap1,0
Trap1,0
Dnaja3,1
Ubn1,0
Abat,0
Pmm2,0
1810013L24Rik,0
Nubp1,0
Socs1,0
Litaf,0
Cpped1,0
Parn,0
Rrn3,1
Ntan1,0
Mcm4,0
Top3b,0
Ydjc,0
Aifm3,0
Smpd4,0
Ranbp1,1
Iglc2,0
Eif2b5,0
Abcf3,0
Alg3,0
Vps8,0
2510009E07Rik,0
Tmem41a,0
Rfc4,0
Fgf12,0
Lsg1,0
Ppp1r2,0
Dlg1,1
Fbxo45,0
Rnf168,0
Rpl35a,0
Osbpl11,0
Pdia5,0
Lsamp,0
Spice1,1
Cd47,1
Nit2,0
Col8a1,0
Arl6,1
4930453N24Rik,0
Chmp2b,0
Hspa13,0
Usp25,1
Ltn1,0
Map3k7cl,0
Ifnar1,0
Donson,0
Itsn1,0
Brwd1,1
Dscam,0
Ripk4,0
Tfb1m,0
Gtf2h5,0
Rsph3b,0
Rnaset2b,0
Rnaset2a,0
Mpc1,0
Sft2d1,0
Pde10a,1
Igf2r,0
1600012H06Rik,0
Tbp,0
Rgmb,0
Vmn2r90,0
Zfp54,0
Zfp942,0
Zfp945,0
Thoc6,0
Hcfc1r1,0
Eci1,0
Mapk8ip3,0
Telo2,0
Tsr3,0
Ube2i,0
Lmf1,0
Nme4,0
Axin1,1
Dusp1,1
Ggnbp1,0
Spdef,0
Snrpc,0
Ppard,0
Rpl10a,0
Brpf3,1
Mtch1,0
Rsph1,0
Pknox1,1
U2af1,0
Brd4,0
Akap8,0
Wiz,1
Zfp871,0
Zfp870,0
Zfp763,0
Kifc1,0
Vps52,0
H2-K1,0
Rxrb,0
Psmb8,0
Tap2,0
C4b,0
Slc44a4,0
Vars,0
Gpank1,0
Atp6v1g2,0
Ddx39b,0
Cchcr1,0
Tubb5,0
Nrm,0
Mrps18b,0
Ppp1r10,0
H2-T22,0
Rpp21,0
Trim26,0
Ppp1r11,0
Gabbr1,0
Tnfrsf21,1
Hsp90ab1,1
Tmem63b,0
Polr1c,0
Ccnd3,0
Usp49,0
Nfya,1
Oard1,0
Unc5cl,1
Plcl2,1
Tbc1d5,1
Lonp1,1
Clpp,0
Slc25a23,1
Vapa,0
Ralbp1,0
Rab12,0
Lama1,0
Zbtb14,1
Myl12b,0
Smchd1,0
Dpy30,0
Spast,0
Slc30a6,0
Strn,1
Eif2ak2,0
Gemin6,0
Map4k3,0
Cox7a2l,1
Pigf,0
Cript,0
Epc1,0
Ccny,0
Rbbp8,1
Ankrd29,0
Impact,1
Ss18,1
Mapre2,0
Tpgs2,0
Wdr33,1
Paip2,1
Ube2d2a,0
Cxxc5,0
Pfdn1,0
Sra1,1
Slc35a4,1
Pcdhb12,0
Rnf14,0
Gnpda1,0
Arhgap26,0
Dcp2,0
Trim36,0
Cep120,0
Lmnb1,0
Rps14,0
Csf1r,0
Gnal,0
Impa2,0
Ptpn2,0
Seh1l,0
Cxxc1,0
Acaa2,0
Lipg,0
Txnl4a,0
Nfatc1,0
Zfp516,0
Zadh2,1
Ppp6r3,0
Chka,0
Ndufs8,0
Aldh3b1,0
Ptprcap,0
Rps6kb2,0
Kdm2a,0
Ccs,0
Mrpl11,0
Brms1,0
Banf1,0
Sart1,1
Drap1,0
Cfl1,0
Frmd8,1
Sf1,0
Vegfb,0
Nudt22,0
Stip1,0
Naa40,0
Snhg1,0
Wdr74,0
Polr2g,0
Ints5,0
Incenp,0
Sdhaf2,0
Tmem109,1
Prpf19,0
Mrpl16,0
Gna14,0
1110059E24Rik,0
Pgm5,0
Glis3,0
Asah2,0
Rpl9-ps6,0
Minpp1,0
Lipo1,0
Ide,0
Exoc6,0
Myof,0
Ffar4,0
Fra10ac1,0
Cyp2c70,0
Tm9sf3,0
Pgam1,0
Mms19,1
R3hcc1l,0
Hif1an,1
Btrc,0
Pprc1,0
Nolc1,1
Trim8,1
As3mt,0
Pcgf6,0
Taf5,0
Neurl1a,1
Sorcs1,0
Bbip1,0
Hspa12a,0
Tbc1d25,0
Ftsj1,0
Tspan7,1
Atp6ap2,0
Usp9x,0
Fundc1,0
Cdk16,1
Timp1,0
Elk1,0
Rpl39,0
6030498E09Rik,0
Utp14a,0
Atp11c,1
Cd99l2,0
Cetn2,0
Xlr3a,0
Zfp275,0
Ssr4,0
Pdzd4,0
Mecp2,0
Emd,0
Dnase1l1,0
Taz,0
Vbp1,0
Pls3,0
Maged1,0
Gjb1,0
Cxcr3,0
Rps4x,0
Atp7a,0
2610002M06Rik,0
Sytl4,0
Rpl36a,0
Bhlhb9,0
Bex4,0
Tceal8,0
Morf4l2,1
Cldn2,0
Huwe1,0
Cdkl5,0
Rai2,0
Zrsr2,0
Ace2,1
Trappc2,0
Tmsb4x,1
Hccs,0
mt-Co2,1
mt-Cytb,0
