gene,label
Mybl1,1
A830018L16Rik,0
Ncoa2,0
Terf1,0
Ube2w,0
Zfp451,0
Fam168b,0
Uggt1,0
Neurl3,0
Pdcl3,0
Fhl2,0
Nck2,1
Uxs1,0
Col5a2,0
Gls,0
Mfsd6,0
Inpp1,0
Hspd1,0
Spats2l,0
Mpp4,0
Raph1,0
Idh1,0
Fn1,0
Aamp,0
Bcs1l,0
Cyp27a1,0
Stk16,0
Epha4,0
Sgpp2,0
Cul3,0
Tm4sf20,0
C130026I21Rik,0
Cab39,1
Eif4e2,1
Arl4c,0
Agap1,0
Ramp1,0
Ilkap,0
Asb1,0
Ndufa10,0
Rnf152,1
Zcchc2,0
Serpinb5,1
Cntnap5a,0
Dbi,1
Ccdc93,0
Actr3,0
Nckap5,0
R3hdm1,0
Dars,0
Yod1,1
Pigr,0
Mapkapk2,1
Plekha6,0
Sox13,1
Prelp,0
Adipor1,0
Csrp1,1
Phlda3,1
Ptprc,0
2310009B15Rik,0
Dennd1b,0
Rgl1,1
Smg7,0
Lamc1,0
Xpr1,0
Qsox1,1
Cep350,1
Vamp4,0
Prrc2c,0
Atp1b1,1
Dpt,0
Mpc2,1
Mpzl1,1
Pbx1,1
Fcgr2b,1
Ndufs2,0
F11r,0
Alyref2,0
Dcaf8,0
Pea15a,0
Igsf8,0
Tagln2,0
Fh1,0
Cox20,0
Hnrnpu,0
Psen2,0
Pycr2,0
Tmem63a,0
Lbr,0
Srp9,0
Capn2,0
Brox,0
Ppp2r5a,0
Kcnh1,0
Cd34,0
Camk1d,1
Atp5c1,0
Mrc1,0
Commd3,0
Myo3a,0
Acbd5,0
Psd4,1
Mrpl41,0
Man1b1,0
Sapcd2,1
Ubac1,0
Sec16a,0
Surf6,0
Rpl7a,0
Surf1,0
Surf4,0
Cacfd1,0
Wdr5,1
Med27,0
BC005624,0
Swi5,0
Fpgs,0
Cdk9,0
Rpl12,0
Pbx3,1
Gapvd1,1
Psmd5,0
Ttll11,0
Ndufa8,0
Pdcl,0
Rpl35,0
Lrp1b,0
Mmadhc,0
Rbm43,0
Gpd2,0
Baz2b,0
Cd302,0
Ly75,0
Kcnh7,0
Gorasp2,0
Ttn,0
Nckap1,1
Itgav,0
Serping1,1
Ube2l6,0
Prg2,0
Ssrp1,0
Mtch2,0
Ndufs3,0
Madd,0
Dgkz,1
Slc35c1,0
Cd82,0
Cd44,0
Ehf,0
Cat,0
Caprin1,1
Eif3m,0
Nop10,0
Fam98b,1
Srp14,0
Ppp1r14d,0
Chp1,1
Mga,1
Snap23,0
Mfap1a,0
Duox2,0
Fbn1,0
Trpm7,0
Tmem87b,0
Fbln7,1
Slc20a1,1
Ckap2l,0
Ddrgk1,0
Adam33,0
9630028H03Rik,0
Rrbp1,0
Dtd1,0
Crnkl1,0
Acss1,0
Fkbp1a,1
Csnk2a1,0
Tbc1d20,0
H13,0
Id1,0
Bcl2l1,0
Tpx2,1
Snta1,0
Chmp4b,0
Dynlrb1,1
Trpc4ap,0
Edem2,0
Romo1,0
Scand1,0
Myl9,0
Samhd1,1
Rpn2,0
Ctnnbl1,0
Fam83d,1
Top1,0
Plcg1,0
Srsf6,0
Serinc3,0
Slpi,0
Ube2c,0
Ctsa,0
Pltp,0
Ncoa5,0
Zmynd8,0
Stau1,0
Rnf114,0
Cebpb,1
Atp9a,1
Tshz2,0
Zbp1,0
Vapb,0
Gnas,1
Ctsz,0
Gid8,1
Arfgap1,0
Tpd52,0
Impa1,1
Ythdf3,0
Gyg,0
Rpl22l1,0
Mecom,0
Sec62,0
Prkci,0
Zmat3,0
Ndufb5,0
Anxa5,1
Rab33b,0
Mgst2,0
Postn,0
Supt20,0
Rfxap,0
Nbea,0
Tm4sf1,1
4930593A02Rik,0
Igsf10,1
Ccnl1,1
Lxn,0
Mfsd1,0
Schip1,1
Smc4,0
Fstl5,0
Plrg1,0
Trim2,0
Arfip1,1
Lrba,0
Pear1,0
Rab25,0
Rit1,0
Scamp3,0
Slc50a1,0
Efna1,0
Adam15,0
Adar,0
4933434E20Rik,0
Tpm3,0
Rps27,0
Slc39a1,0
Chtop,1
S100a1,1
S100a13,1
S100a16,0
S100a6,1
S100a11,1
S100a10,1
Mrpl9,0
Pogz,0
Psmb4,0
Psmd4,0
Ctss,0
Golph3l,0
Tars2,0
Mrps21,0
Otud7b,1
Notch2,0
Hmgcs2,0
Hsd3b3,0
Hao2,0
Atp1a1,1
Sike1,0
Csde1,0
Bcas2,0
Wdr77,0
Dram2,0
Gstm1,0
Gnai3,0
Psma5,0
Prpf38b,0
Slc30a7,0
Vcam1,1
Cnn3,0
Slc44a3,0
Arhgap29,0
Camk2d,0
Gar1,0
Papss1,0
Dkk2,0
Tbck,1
Metap1,0
Rap1gds1,0
Gbp3,0
Gbp2,0
Lmo4,0
Prkacb,0
Zzz3,0
Pigk,0
Acadm,0
Slc44a5,0
Zranb2,0
Wls,1
Chchd7,0
Penk,0
Asph,0
Plekhf2,0
Trp53inp1,0
Esrp1,0
Decr1,0
Ndufaf4,0
Bach2,0
Rngtt,0
Ddx58,1
Ndufb6,0
Spink4,1
Nfx1,0
Ube2r2,0
Rpp25l,0
Sigmar1,0
Vcp,1
Arhgef39,1
Tpm2,0
Tln1,0
Gne,1
Zcchc7,0
Exosc3,0
Trim14,0
Coro2a,1
Baat,0
Abca1,0
Klf4,0
Ptpn3,0
Ptbp3,0
Cdc26,0
Bspry,0
Alad,0
Tnc,0
Cdk5rap2,0
Kdm4c,0
Nfib,1
Plin2,0
Rps6,0
Acer2,0
Plaa,1
Cyp2j6,0
Tm2d1,0
Mier1,0
Dab1,0
Tmem59,0
Cc2d1b,1
Osbpl9,0
Ttc39a,0
Skint5,0
Tspan1,1
Mast2,1
Akr1a1,0
Hectd3,0
Rps8,0
Rnf220,1
Dmap1,0
Atp6v0b,0
2610528J11Rik,0
Ebna1bp2,0
Ybx1,1
Ppcs,0
Guca2b,0
Scmh1,1
Smap2,1
Macf1,0
Sf3a3,0
1110065P20Rik,0
Meaf6,0
Ago1,0
Psmb2,0
Rbbp4,0
Eif3i,0
Khdrbs1,1
Ptp4a2,0
Snrnp40,0
Pum1,1
Srsf4,1
Rpa2,0
Wdtc1,1
Nudc,0
Sfn,0
Zdhhc18,0
Pigv,1
Rcan3,0
Pnrc2,0
Gale,0
Rpl11,0
Id3,0
C1qb,0
C1qc,0
Epha8,0
Hspg2,0
Alpl,0
Capzb,0
Spen,0
Slc25a34,0
Efhd2,0
Plod1,0
2510039O18Rik,0
Agtrap,0
Ube4b,0
Rere,0
Park7,0
Rpl22,0
Chd5,0
A430005L14Rik,0
Lrrc47,0
Pank4,1
Pex10,0
Rer1,0
Cdk11b,0
Atad3a,0
Aurkaip1,1
Sdf4,0
Isg15,0
Cyp51,0
Zfp804b,0
Abcb1a,0
Magi2,0
Ptpn12,0
Armc10,1
Dnajc2,0
Psmc2,1
Fam126a,0
Abcf2,0
9530036O11Rik,0
Eif2b4,0
Nrbp1,0
Gpn1,0
Mrpl33,0
Fosl2,0
Ctbp1,1
Nelfa,1
Tnip2,0
Hgfac,0
Grpel1,0
Lyar,1
Clnk,1
Med28,1
Ncapg,0
Kcnip4,0
0610040J01Rik,0
Pgm2,0
Rpl9,0
Smim14,0
Ube2k,0
Limch1,1
Usp46,0
Kit,0
Kdr,0
Srd5a3,0
Srp72,0
Noa1,1
Polr2b,0
Igfbp7,0
Cenpc1,0
Ugt2b34,0
Grsf1,0
Slc4a4,1
Alb,1
Stbd1,0
Ccni,0
Mrpl1,0
Fras1,1
Anxa3,1
Hnrnpd,1
Sec31a,0
Coq2,0
Mrps18c,0
Cds1,0
Ptpn13,0
Gfi1,0
Atp5k,0
Dgkq,1
Chfr,0
Ep400,0
2900026A02Rik,0
Sart3,1
Coro1c,1
Ube3b,0
Srsf9,0
Triap1,1
Cox6a1,1
Pxn,0
Rplp0,0
Prkab1,0
Pebp1,0
BC051077,0
Wsb2,0
Tesc,1
Ddx54,0
Erp29,0
Aldh2,0
Arpc3,0
Zcchc8,0
Rsrc2,0
Vps37b,1
Eif2b1,0
Hip1,0
Mdh2,0
Hspb1,0
Ywhag,1
Rasa4,0
Polr2j,0
Ephb4,0
Tsc22d4,0
Lamtor4,1
Pdgfa,0
Eif3b,0
Lfng,0
Foxk1,1
Bri3,0
Baiap2l1,1
Pdap1,0
Bud31,1
Atp5j2,0
Zkscan14,0
Cdk8,0
Polr1d,0
Katnal1,0
Uspl1,0
Stard13,1
Samd9l,0
Col1a2,0
Casd1,0
Pon2,0
Ica1,0
Ndufa4,0
2610001J05Rik,0
Cav1,0
Kcnd2,0
Cadps2,0
Flnc,0
Smo,0
Mkln1,0
Wdr91,1
Mtpn,0
Tmem213,0
Mkrn1,0
Mgam,0
1700074P13Rik,0
Zyx,1
Cul1,0
Rarres2,0
Malsu1,1
Tra2a,1
Cycs,0
Skap2,0
Hibadh,0
Tax1bp1,0
Creb5,0
Plekha8,0
Znrf2,0
Gars,0
Kbtbd2,0
Nt5c3,0
Vopp1,0
Grid2,0
Serbp1,0
Igkc,0
Rpia,0
Thnsl2,0
Capg,0
Tgoln1,0
Suclg1,0
Ctnna2,1
Pole4,0
Wbp1,0
Exoc6b,0
Spr,0
Snrpg,0
Tia1,0
Pcbp1,0
Anxa4,0
Antxr1,0
Hmces,0
Rab7,0
Rpn1,0
Sec61a1,0
Mcm2,0
Chchd4,0
Nr2c2,0
Frmd4b,0
Edem1,1
Tada3,0
Pparg,0
Cxcl12,0
Wnk1,0
M6pr,0
Mfap5,0
Apobec1,0
Atn1,0
Cops7a,0
Zfp384,0
Ncapd2,0
Scnn1a,0
Cd9,1
Ndufa9,0
Ccnd2,0
Tspan9,1
Itfg2,1
Fkbp4,1
2310001H17Rik,0
Klrd1,1
Klra7,0
Mansc1,0
Emp1,0
Mgp,0
Kcnj8,0
Cmas,0
Kras,0
Cdc42ep5,0
Ppp6r1,0
Zfp579,0
U2af2,0
Epn1,0
Zfp787,0
Ccdc9,0
Bbc3,0
Zc3h4,1
Pglyrp1,0
Foxa3,1
Vasp,0
Trappc6a,0
Apoe,0
Igsf23,0
Nlrp4e,0
Irgq,0
Ethe1,0
Cd177,0
Rabac1,0
Ltbp4,0
Psmc4,0
Fcgbp,0
Supt5,0
Zfp36,1
Nfkbib,0
Sirt2,0
Psmd8,0
Capns1,0
Psenen,0
Tmem147,0
Sbsn,0
Gramd1a,0
Pdcd2l,0
Gpi1,0
Lsm14a,0
Pepd,0
Lrp3,1
Rhpn2,0
Uri1,0
Klk1,0
Nr1h2,0
Myh14,1
Atf5,1
Tbc1d17,0
Prmt1,0
Scaf1,0
Rras,0
Prrg2,1
Fcgrt,0
Rpl13a,0
Snrnp70,1
Nucb1,1
Fut2,0
Rpl18,0
Ush1c,0
Gtf2h1,1
Nipa2,0
Herc2,0
Tm2d3,0
Aldh1a3,0
Rgma,0
Slco3a1,1
Ntrk3,0
Mfge8,0
Cib1,0
Ngrn,1
Iqgap1,0
Whamm,1
Homer2,0
Crebzf,1
Rab30,0
Prcp,0
Rps3,0
Spcs2,0
Arhgef17,0
P2ry6,0
Fchsd2,1
Stard10,1
Clpb,0
Rhog,1
Trim21,0
Arfip2,0
Ppfibp2,0
Eif3f,0
Rnf141,0
Lyve1,0
Eif4g2,0
Dkk3,0
Parva,0
Spon1,1
1110004F10Rik,0
Rps15a,0
Itpripl2,0
Coq7,0
Tmc5,0
Acsm3,0
Anks4b,0
Plk1,0
Eif3c,1
Coro1a,1
Ppp4c,1
Aldoa,0
Mvp,0
AI467606,0
Zfp768,0
B130055M24Rik,0
Trim72,1
Itgam,0
Sec23ip,0
Fgfr2,0
Dock1,0
Ptpre,1
9430038I01Rik,0
Mtg1,1
Ifitm3,0
Cdhr5,0
Taldo1,0
Chid1,1
Ap2a2,0
Mob2,1
Cd81,1
Kcnq1,0
Cttn,1
Arhgef18,0
Snapc2,0
Arglu1,0
Col4a2,0
Cars2,0
Ing1,0
Tubgcp3,0
Lamp1,0
Grtp1,0
Dlgap2,0
Angpt2,0
Sfrp1,0
Fnta,0
Unc5d,0
Mak16,0
Ppp2cb,0
Rbpms,0
Asah1,0
Fat1,0
Fam149a,0
Sorbs2,0
Ing2,0
Cdkn2aip,0
Sh3rf1,0
Spock3,0
Cpe,0
Slc18a1,0
Lzts1,0
Gatad2a,1
Cope,0
Lsm4,0
Jund,0
Babam1,1
Bst2,0
Slc27a1,0
B3gnt3,0
Zfp961,0
Rab8a,0
Arhgap10,1
Gipc1,0
Prkaca,0
Samd1,1
Nacc1,1
Farsa,0
Prdx2,0
Fbxw9,0
Vps35,0
N4bp1,1
Tox3,0
Chd9,0
Fto,0
Mmp2,1
Mt2,0
Mt1,0
Herpud1,0
Zfp319,1
Cnot1,1
Got2,0
Bean1,0
Slc7a6os,0
Prmt7,1
Cdh1,0
Nip7,0
Psmd7,0
D030068K23Rik,0
Chst4,0
Sf3b3,0
Pdpr,0
Rfwd3,1
Mlkl,0
Gabarapl2,1
Kars,0
Nudt7,0
4933408N05Rik,0
Cmc2,0
Plcg2,1
Hsbp1,0
Mlycd,0
Atp2c2,1
Zdhhc7,1
Slc7a5,0
Mvd,0
Vps9d1,0
Ttc13,0
Ntpcr,0
Itgb1,0
Cwf19l2,0
Casp1,0
Casp4,0
Birc3,0
Arhgap42,0
Cep57,0
Endod1,0
Cwc15,0
Angptl6,0
S1pr2,0
Mrpl4,0
Icam1,0
Dnm2,0
Carm1,1
Smarca4,0
Ldlr,0
Tmem205,0
Cnn1,1
Zfp810,0
Anln,0
Thyn1,0
Vps26b,0
Opcml,0
St14,0
Tmem45b,0
Stt3a,0
Ei24,0
Slc37a2,0
Tbrg1,0
Gramd1b,0
Thy1,0
Rps25,0
Sidt2,0
Ncam1,1
Rdx,0
Idh3a,0
Dnaja4,1
Psma4,0
Etfa,0
Tspan3,1
Hmg20a,1
Imp3,0
Ppcdc,0
Scamp2,0
Csk,1
Edc3,0
Stoml1,1
Nptn,0
Neo1,0
Tipin,1
Spg21,0
Zfp609,0
Rps27l,0
Rora,1
Arpp19,0
Tinag,0
Fbxo9,0
Senp6,0
Sh3bgrl2,0
Mthfs,0
Plscr1,1
Slc9a9,0
Pls1,0
Atr,0
Tfdp2,0
Slc25a36,1
Stag1,0
Anapc13,0
Amotl2,0
Ryk,1
Acpp,1
Dusp7,0
Rpl29,0
Acy1,0
Tex264,0
Manf,0
Gnai2,1
Apeh,0
Gpx1,1
Usp19,1
Impdh2,0
Ip6k2,0
Ccdc51,0
Map4,0
Dhx30,0
Smarcc1,0
Ccdc12,0
Stt3b,0
Rbms3,0
Golga4,0
Wdr48,0
Nktr,0
Abhd5,0
Kif15,0
Zdhhc3,0
Cdcp1,1
Ccr2,0
Akap12,1
Lats1,1
Utrn,0
Fuca2,0
Cited2,0
Nhsl1,0
Map7,0
Bclaf1,0
Ahi1,0
Rps12,0
Med23,0
Hint3,0
Marcks,0
Lama4,1
Rev3l,0
Gtf3c6,0
Pdss2,0
Grik2,0
Nus1,0
Mcu,1
Tspan15,1
Ccar1,1
Ctnna3,0
Nrbf2,0
Bicc1,0
Tfam,0
Specc1l,0
Smarcb1,0
Col6a2,0
Pttg1ip,0
Rrp1,0
Polrmt,0
Fstl3,0
Misp,0
Med16,1
Uqcr11,0
Rexo1,0
Csnk1g2,0
Izumo4,0
Ap3d1,0
Lsm7,0
Timm13,0
Sgta,0
Map2k2,1
Apba3,1
Fzr1,1
Gna11,0
Nfyb,0
Chst11,1
Btbd11,1
Arl1,0
Nr1h4,0
Cdk17,0
Elk3,0
Ndufa12,0
Nudt4,0
Dcn,0
Atp2b1,0
Mgat4c,0
Ccdc59,0
Ppfia2,0
Pawr,0
Atxn7l3b,1
Zfc3h1,0
Tspan8,1
Lyz2,0
Rap1b,0
Grip1,0
Tmbim4,1
Msrb3,0
Usp15,0
Ctdsp2,0
Os9,0
Ptges3,0
Cnpy2,0
Myl6,0
Esyt1,0
Pa2g4,1
Suox,0
Pik3ip1,1
Morc2a,0
Tcn2,0
Uqcr10,0
Xbp1,0
Ykt6,0
Nudcd3,0
Upp1,0
Ddc,0
Egfr,0
C1d,0
Ugp2,0
Mdh1,0
Cct4,0
Ahsa2,1
Rtn4,0
Bod1,1
Snrnp25,0
Npm1,0
Tenm2,0
Hmmr,0
Ccng1,0
Irgm1,0
Tbc1d9b,0
Mgat4b,0
Maml1,0
Canx,0
Clk4,1
Sar1b,0
Ppp2ca,0
Vdac1,0
Slc22a21,0
P4ha2,0
Gpx3,1
Sparc,0
G3bp1,1
Mfap3,0
2310033P09Rik,0
Mprip,0
Rasd1,0
2410006H16Rik,0
Trim16,0
Elac2,0
Gas7,0
Rangrf,0
Vamp2,0
Chd3,0
Naa38,1
Polr2a,0
Tmem256,0
Tnk1,1
Slc2a4,0
Cldn7,1
Acadvl,0
Med11,0
Slc25a11,0
Pfn1,0
Camta2,0
Kif1c,0
Nup88,0
Emc6,0
Mnt,0
Ovca2,0
Prpf8,0
Myo1c,0
Cpd,0
Blmh,0
Nufip2,0
Pigs,0
Unc119,0
Wsb1,0
Psmd11,0
Myo1d,0
Ccl8,0
Fndc8,0
Ccl6,0
Tada2a,0
Mtmr4,1
Srsf1,0
Vezf1,0
Cuedc1,0
Tob1,0
Luc7l3,0
Mrpl27,0
Col1a1,0
Itga3,0
Slc35b1,0
Spop,0
Hoxb13,0
Snx11,0
Nfe2l1,0
Pnpo,0
Osbpl7,0
Mrpl45,0
Mllt6,1
Lasp1,0
Stac2,0
Cdk12,1
Stard3,0
Grb7,0
Psmd3,0
Nr1d1,0
Casc3,0
Eif1,1
Jup,0
Cnp,0
Ghdc,0
Stat3,0
Ccr10,0
Psme3,0
Etv4,1
Ppy,1
Lsm12,0
Atxn7l3,1
Slc25a39,0
Gpatch8,0
Eftud2,0
Itgb3,0
Efcab3,0
Tlk2,1
Ace,1
Dcaf7,0
Ftsj3,0
Psmc5,1
Cd79b,0
Kpna2,0
Bptf,1
Pitpnc1,0
Prkca,0
Arsg,0
Abca8b,0
2610035D17Rik,0
Sstr2,0
Ttyh2,0
Rab37,0
Cdr2l,0
Nt5c,0
Sumo2,1
Mrps7,0
Grb2,1
Fbf1,0
Ten1,0
Mettl23,0
Srsf2,0
Mfsd11,0
Tmc8,0
Pgs1,0
Cant1,0
Cbx4,1
Eif4a3,0
Rnf213,0
Baiap2,0
Slc25a10,0
P4hb,0
Alyref,0
Anapc11,0
Gps1,1
Rhob,1
Pum2,0
Sdc1,0
Pdia6,0
Cpsf3,0
Kidins220,0
Sypl,0
Agr3,0
Agmo,0
Dgkb,0
Arhgap5,0
Npas3,0
Sptssa,0
Nfkbia,0
Ralgapa1,0
Pnn,0
Rps29,0
Rpl36al,0
Nemf,0
Arf6,0
Ppm1a,0
Mnat1,0
Slc38a6,0
Hif1a,0
Kcnh5,0
Ppp2r5e,0
Wdr89,0
Syne2,0
Rab15,1
Mpp5,0
Atp6v1d,0
Plek2,0
Vti1b,1
Actn1,0
Rbm25,1
Fcf1,0
Catsperb,0
Trip11,0
Tmem251,0
Otub2,0
Meg3,0
Zfp839,0
Rcor1,0
Mark3,0
Ckb,0
Klc1,0
Cep170b,0
Nudt14,0
Crip1,0
Igha,0
Ighg1,1
Gdi2,0
Akr1e1,0
Adarb2,0
Dip2c,0
Zmynd11,0
Pou6f2,0
Vps41,0
Stard3nl,0
Epdr1,0
Acot13,0
Dusp22,1
Irf4,1
Serpinb1a,0
Ripk1,1
Tubb2a,0
Prpf4b,1
Dsp,0
Txndc5,0
Tmem14c,1
Smim13,0
Ranbp9,0
Mcur1,1
Atxn1,0
Fam120a,0
Ecm2,0
Sptlc1,0
Nsd1,0
Prelid1,0
Grk6,0
Ddx41,0
Fam193b,0
Caml,1
Pitx1,0
Spock1,0
Hnrnpa0,0
2210016F16Rik,0
Hnrnpk,0
Golm1,0
Dapk1,0
Fbp2,0
Slc35d2,0
Adcy2,0
Med10,0
Lpcat1,0
Ccdc127,0
Glrx,0
Polr3g,1
Ccnh,1
Edil3,0
Hapln1,0
Rps23,0
Atg10,0
Lhfpl2,0
F2rl1,0
F2r,1
Iqgap2,0
Hexb,0
Fcho2,0
Mast4,0
Smim15,0
Elovl7,0
Pde4d,1
Ndufs4,0
4833420G17Rik,0
Ube2e1,0
Il3ra,0
Oit1,1
Pdhb,0
Sec24c,0
Adk,0
Dlg5,0
Polr3a,0
Dennd6a,1
Appl1,1
Chdh,0
Mustn1,1
Spcs1,0
Pbrm1,0
Bap1,1
Capn7,0
Sh3bp5,1
Glud1,0
Ghitm,1
Tspan14,1
Bmp4,0
Mapk1ip1l,0
Lgals3,1
Exoc5,0
Ttc5,1
Tep1,0
Osgep,0
Pnp,0
Ndrg2,0
Zfp219,0
Slc7a7,0
Psmb5,0
Psme1,0
Mdp1,0
Nedd8,0
Pspc1,0
Zmym2,0
Cryl1,0
Mtmr6,0
Mipep,0
Kpna3,0
Ctsb,0
Fdft1,0
Msra,0
Ints9,0
Ccdc25,1
Ptk2b,1
4930438E09Rik,0
Adamdec1,0
Ccar2,1
Reep4,0
Fndc3a,0
Rcbtb2,0
Lpar6,0
Esd,0
Lrch1,0
Wbp4,0
Klf5,0
Lmo7,0
Slitrk5,0
Gpr180,1
Dnajc3,0
Mbnl2,0
Clybl,1
Ggact,0
Oxct1,0
Plcxd3,1
C6,0
Rpl37,0
Dab2,0
Lifr,0
Egflam,1
Prlr,0
C1qtnf3,1
Tars,0
Sub1,1
Zfr,0
Cdh12,0
Zfp622,0
Cpq,0
Laptm4b,1
Matn2,0
Rpl30,0
Cox6c,1
Pabpc1,0
Zfp706,0
Grhl2,0
Ncald,1
Dcaf13,0
Oxr1,1
Eif3e,1
Trps1,0
Eif3h,1
Tnfrsf11b,0
Col14a1,1
Wdyhv1,0
Tmem65,1
Gsdmc4,0
Asap1,1
Khdrbs3,1
Chrac1,0
Ago2,0
Ptp4a3,0
Ly6a,0
Ly6c2,0
Gsdmd,1
Eef1d,0
Fam83h,0
Scrib,0
Grina,1
Hsf1,1
Adck5,0
Cpsf1,0
Slc39a4,0
Ppp1r16a,0
Txn2,1
Eif3d,0
Sh3bp1,0
Ankrd54,1
Polr2f,0
Pick1,0
Kdelr3,0
Tomm22,0
Sun2,0
Rpl3,0
St13,0
Naga,0
Ndufa6,0
Serhl,0
Poldip3,1
Arhgap8,0
Fbln1,0
Atxn10,0
Cdpf1,0
Plxnb2,0
Arsa,0
Cpne8,0
Kif21a,0
Pdzrn4,0
Tmem117,0
Pced1b,0
Senp1,0
Kansl2,0
Tuba1b,0
Tuba1a,0
Tuba1c,0
Tmbim6,1
Nckap5l,0
Gpd1,0
Cox14,0
Larp4,1
Pou6f1,1
Cela1,0
Acvr1b,0
Eif4b,0
Spryd3,0
Igfbp6,1
Pcbp2,0
Calcoco1,1
Copz1,0
Trap1,0
Glyr1,1
Ubn1,0
1810013L24Rik,0
Parn,0
Pdxdc1,0
Mcm4,0
Top3b,0
Mapk1,1
Aifm3,0
Scarf2,0
Ranbp1,1
Mrpl40,0
Parl,0
Eif2b5,0
Ap2m1,0
Alg3,0
2510009E07Rik,0
Igf2bp2,0
Tra2b,0
Eif4a2,1
Ostn,1
Ccdc50,0
Fgf12,0
Hes1,0
Fam43a,0
Ppp1r2,0
Pigx,0
Cep19,0
Fbxo45,0
Slc12a8,0
Fam162a,1
Ccdc58,0
Lrrc58,0
Gsk3b,0
Lsamp,0
Naa50,0
Sidt1,0
Cd200,1
Tfg,0
Tbc1d23,0
St3gal6,0
Cpox,0
Pros1,0
Cggbp1,0
Usp25,1
App,0
Usp16,0
Sod1,0
Scaf4,0
Mrps6,0
Clic6,0
Cbr1,0
Chaf1b,0
Hmgn1,0
Sh3bgr,0
Bace2,0
Tmprss2,0
Scaf8,1
Mpc1,0
1700010I14Rik,0
Acat2,0
Zfp53,0
Zfp944,0
Hcfc1r1,0
Paqr4,0
Prss32,0
Kctd5,0
Tsc2,0
Gfer,0
Noxo1,0
Snhg9,0
Mapk8ip3,0
Mrps34,0
Ube2i,0
Rab40c,0
Rab11fip3,0
Nme4,0
Mrpl28,0
Rgs11,1
Ergic1,0
Phf1,0
Bak1,0
Spdef,0
Snrpc,0
Rpl10a,0
Brpf3,1
BC004004,0
Tff3,0
Ndufv3,0
Ndufa7,0
Tapbp,0
H2-K1,0
Tap2,0
H2-Aa,0
Rnf5,0
C4b,0
Dxo,0
Hspa1b,0
Vars,0
Csnk2b,1
Tubb5,0
2310061I04Rik,0
Rpp21,0
Trim26,0
Ptchd4,0
Tnfrsf21,1
Pla2g7,0
Hsp90ab1,1
Mrps18a,0
Klc4,0
Nfya,1
Stap2,1
Plin3,0
Khsrp,0
Cntnap5c,0
Twsg1,1
Rab12,0
Lama1,0
Zbtb14,1
Ndc80,0
Lbh,1
Xdh,0
Spast,0
Slc30a6,0
Birc6,0
Crim1,0
Galm,0
Srsf7,0
Cox7a2l,1
Ppm1b,0
Cript,0
Mcfd2,0
Epcam,0
Msh6,0
Zfp438,0
Zeb1,0
Epc1,0
Usp14,0
Mib1,0
Riok3,0
Npc1,0
Dtna,0
Reep5,1
Ctnna1,0
Sil1,0
Matr3,0
Ankhd1,1
Zmat2,0
Pcdhga9,1
Myot,0
Ppic,0
Lmnb1,0
Isoc1,0
Dctn4,0
Hmgxb3,0
Csnk1a1,1
Wdr7,1
Lman1,0
Afg3l2,0
Psmg2,0
Seh1l,0
Rnmt,0
Smad4,1
Lipg,0
Rpl17,0
BC031181,0
Pias2,0
Txnl4a,0
Zadh2,1
Dok6,0
Mrpl21,0
Cdk2ap2,0
Tmem134,0
Coro1b,0
Ppp1ca,1
Mrpl11,0
Yif1a,0
Sf3b2,0
Banf1,0
Drap1,0
Fibp,0
Cfl1,0
Ehbp1l1,0
Scyl1,0
Malat1,1
Neat1,0
Dpf2,0
Cdc42bpg,0
Prdx5,0
Gpr137,1
Otub1,0
Naa40,0
Slc22a27,0
Snhg1,0
Stx5a,0
Nxf1,0
Mta2,1
Ahnak,1
Fth1,0
Tmem258,0
Sdhaf2,0
Ddb1,0
Tmem109,1
AW112010,0
Ms4a8a,0
Ms4a6c,0
Gna14,0
Zfand5,0
Mamdc2,0
Pgm5,0
Jak2,1
Plgrkt,1
Papss2,0
Pten,0
Ankrd22,0
Slc16a12,0
Tnks2,1
Aldh18a1,0
Pgam1,0
Pi4k2a,0
Sfrp5,0
Nkx2-3,0
Nfkb2,0
Wbp1l,1
Sfr1,1
Tcf7l2,0
Casp7,0
Trub1,0
Atrnl1,0
Prdx3,1
Gripap1,1
Tbc1d25,0
Dynlt3,0
Otc,0
Maoa,0
Uba1,0
Timp1,0
Pgrmc1,0
Slc25a5,0
Upf3b,0
Ndufa1,0
Gria3,1
Stag2,0
Aifm1,0
Hs6st2,0
Cd99l2,0
Cetn2,0
Zfp185,0
Slc6a8,0
Flna,0
Emd,0
Atp6ap1,0
Ikbkg,0
G6pdx,0
Vbp1,0
Tab3,1
Zc3h12b,0
Hsf3,0
Yipf6,0
Igbp1,1
Atrx,1
Cox7b,1
2610002M06Rik,0
Cstf2,0
Nox1,0
Slc25a53,0
Cldn2,0
Tmem164,0
Apex2,0
Tsr2,0
Kdm5c,1
Eif1ax,0
Rbbp7,1
Piga,0
Trappc2,0
Tmsb4x,1
Arhgap6,1
Asmt,0
Ddx3y,0
mt-Nd1,0
mt-Co1,0
mt-Co2,1
mt-Atp6,0
mt-Co3,0
mt-Nd3,0
mt-Nd4,0
mt-Cytb,0
