gene,label
Sntg1,0
Rrs1,0
2610203C22Rik,0
Vcpip1,1
Cops5,0
A830018L16Rik,0
Tram1,0
Gsta3,0
Col9a1,0
Zfp451,0
Fam168b,0
Inpp4a,0
Eif5b,0
Rpl31,0
Il1r1,0
Slc39a10,0
Stat1,0
Gls,0
Inpp1,0
Asnsd1,0
Dnah7a,0
Mob4,0
Clk1,0
Ppil3,0
Casp8,0
Fzd7,0
Sumo1,1
Bmpr2,0
Cyp20a1,0
Lancl1,0
Bard1,0
Fn1,0
Arpc2,0
Aamp,0
Ctdsp1,1
Bcs1l,0
Ttll4,1
Atg9a,0
Cul3,0
Sp110,1
Inpp5d,0
Mlph,0
Rnpepl1,0
Pask,1
Hdlbp,0
Pign,0
Phlpp1,0
Dsel,0
Tsn,0
Ralb,0
Ptpn4,0
Ddx18,0
Rbbp5,0
Snrpe,0
Optc,0
Prelp,0
Kdm5b,0
Phlda3,1
Camsap2,1
Kif14,0
Ptprc,0
Aspm,1
Cdc73,0
Tpr,0
Rnasel,0
Cep350,1
Tor1aip2,0
Fam20b,0
Mrps14,0
Rabgap1l,1
Cenpl,0
Prrc2c,0
Xcl1,0
Pou2f1,0
Nuf2,0
Hsd17b7,0
Nos1ap,0
Fcgr4,0
Tomm40l,0
Ppox,0
Pfdn2,0
Tstd1,0
Alyref2,0
Vangl2,1
Pex19,0
Igsf8,0
Kcnj10,0
Aim2,0
Mndal,0
Ifi205,0
Sdccag8,0
Akt3,0
Adss,0
Cdc42bpa,0
Acbd3,1
Sde2,0
Srp9,0
Brox,0
Mia3,1
Kctd3,0
Smyd2,0
Rcor3,1
Traf3ip3,1
Fam171a1,1
Bend7,0
Ccdc3,1
Camk1d,1
Sec61a2,0
Vim,0
Stam,0
Dnajc1,0
Etl4,0
Ehmt1,0
Arrdc1,1
Noxa1,0
Sapcd2,1
Traf2,1
Ttf1,1
Rapgef1,1
Set,0
Endog,0
Dolpp1,0
Exosc2,1
Lamc3,0
Pomt1,0
Swi5,0
Fpgs,0
Ralgps1,1
Rabepk,0
Psmd5,0
Gsn,0
Ttll11,0
Gtdc1,0
Mbd5,0
Nmi,0
Upp2,0
Cd302,0
Stk39,0
Ttc30a1,0
Plekha3,0
Ube2e3,0
Itga4,0
Pde1a,1
Ube2l6,0
Tnks1bp1,1
Ptprj,1
Kbtbd4,0
Ptpmt1,1
Psmc3,0
Madd,0
Ddb2,0
Cry2,1
Slc35c1,0
Trp53i11,0
Api5,0
Traf6,1
Pamr1,0
Cd44,0
Abtb2,0
Caprin1,1
Cstf3,0
Eif3m,0
Nop10,0
Emc4,0
Aqr,0
Zfp770,0
Dph6,0
3110099E03Rik,0
Eif2ak4,0
Srp14,0
Bub1b,0
Nusap1,0
Rtf1,1
Adal,0
Hypk,1
Eif3j1,0
Usp8,0
Trpm7,0
Mrps5,0
Bub1,0
Tmem87b,0
Mrps26,0
4930402H24Rik,0
Cdc25b,0
Ap5s1,0
Mkks,0
Slx4ip,0
Sptlc3,0
Tasp1,0
Sec23b,0
Foxa2,1
Cst3,0
Zfp120,0
Sdcbp2,0
Zcchc3,1
Commd7,1
Chmp4b,0
a,0
Eif6,0
Ergic3,0
Phf20,0
Samhd1,1
Blcap,0
Zhx3,0
Oser1,0
Fitm2,0
Serinc3,0
Pltp,0
Slc2a10,1
Cse1l,0
B4galt5,0
Slc9a8,1
Rnf114,0
Zfp64,1
Rab22a,0
Stx16,0
Cdh26,0
Gmeb2,0
Polr3k,0
Hnf4g,1
Zfp704,0
Fabp5,0
E2f5,0
Mtfr1,0
Pld1,1
Mynn,0
Pik3ca,0
Sox2ot,0
Nudt6,0
Spata5,0
Pgrmc2,0
Sclt1,0
D3Ertd751e,0
Postn,0
Aadac,0
Ssr3,0
Mfsd1,0
Kpna4,0
Glrb,0
Mrpl24,0
Mef2d,0
Rhbg,0
Syt11,1
Dap3,0
Fdps,0
Fam189b,0
Gba,0
Slc50a1,0
Efna4,0
Adam15,0
Cks1b,0
4933434E20Rik,0
Tpm3,0
Jtb,1
Chtop,1
S100a11,1
Mrpl9,0
Scnm1,0
Cdc42se1,1
Golph3l,0
Ensa,0
Adamtsl4,0
Tars2,0
Plekho1,0
Otud7b,1
Mtmr11,0
Polr3c,1
Hmgcs2,0
Ttf2,0
Ptgfrn,0
Sike1,0
Nras,0
Slc16a1,0
Wdr77,0
Cept1,0
Gstm3,0
Gstm4,0
Ampd2,0
Vav3,0
Dph5,0
Slc30a7,0
Dbt,0
Sass6,0
Rwdd3,1
Fnbp1l,0
Pla2g12a,0
Casp6,0
Bank1,0
Unc5c,0
Gbp3,0
Pkn2,1
Samd13,1
Pigk,0
Rabggtb,0
Acadm,0
Lrrc40,1
Chchd7,0
Ccne2,0
Decr1,0
Cngb3,0
Cpne3,0
Klhl32,0
Ndufaf4,0
Casp8ap2,0
Ankrd6,1
Ube2j1,0
Smu1,0
B4galt1,0
Chmp5,1
Nol6,0
Dcaf12,0
Rpp25l,0
4930578G10Rik,0
Unc13b,0
Cd72,0
Tln1,0
Reck,0
Clta,0
Pax5,1
Slc25a51,0
Tstd2,0
Anp32b,1
Tex10,0
Aldob,0
Grin3a,0
Rad23b,0
Ctnnal1,1
D630039A03Rik,0
Ptgr1,0
Fkbp15,0
Cdc26,0
Kif12,0
C630043F03Rik,0
Zdhhc21,0
Focad,0
Mtap,0
Tusc1,0
Plaa,1
Ift74,0
Dock7,0
Itgb3bp,0
Ror1,0
Cachd1,0
Ttc4,0
Yipf1,0
Scp2,0
Echdc2,0
Ttc39a,0
Rnf11,0
Faf1,0
Skint6,0
Stil,1
Hpdl,0
Hectd3,0
Eri3,0
Atp6v0b,0
Med8,0
Slc2a1,0
Scmh1,1
Kcnq4,1
Smap2,1
Trit1,0
Mycbp,0
Inpp5b,1
Meaf6,0
5730409E04Rik,0
A630031M04Rik,0
Txlna,0
Pef1,0
Tinagl1,0
Ptpru,0
Srsf4,1
Atpif1,1
Stx12,0
Gpn2,0
Sfn,0
Hmgn2,0
Cd52,1
Tmem50a,0
Pnrc2,0
Fuca1,0
Rpl11,0
Tcea3,1
Hnrnpr,0
Hp1bp3,1
Pink1,0
Camk2n1,1
Rnf186,0
Rcc2,0
Necap2,0
Zbtb17,1
Ddi2,1
Efhd2,0
Tmem51,0
Dhrs3,1
Zfp933,0
Mfn2,1
Rere,0
Dnajc11,0
Pank4,1
Prkcz,0
Cdk11b,0
Atad3a,0
B3galt6,0
Ttll10,0
Noc2l,1
Ankib1,1
Fgl2,0
Armc10,1
Psmc2,1
Reln,0
Orc5,0
Pus7,1
Tomm7,0
Abcb8,0
Abcf2,0
Insig1,0
Rbm33,0
Lmbr1,0
4632411P08Rik,0
Ube3c,0
Gtf3c2,0
Krtcap3,0
Gpn1,0
Slc4a1ap,0
Rbks,0
Slc5a1,0
Letm1,0
Rnf4,0
Mfsd10,0
Nop14,1
Mrfap1,0
Wfs1,0
Evc2,0
Lyar,1
Fbxl5,0
Qdpr,0
Lap3,0
Sod3,0
Anapc4,0
Rbpj,0
Pgm2,0
Rfc1,0
Rpl9,0
Rbm47,0
Uchl1os,0
Cnga1,0
Scfd2,0
Lnx1,1
Hopx,0
Ugt2b5,0
Rassf6,0
Pf4,0
Naaa,0
Scarb2,0
Ccni,0
Hnrnpdl,0
Hpse,0
Gfi1,0
Rpl5,1
Dr1,0
Atp5k,0
Zfp932,0
Chfr,0
Golga3,0
A630023P12Rik,0
Chek2,0
Sgsm1,1
Sart3,1
Tmem119,1
Usp30,0
Mmab,0
Mvk,0
Tchp,1
Acads,0
Hspb8,1
Taok3,0
BC051077,0
Rph3a,0
Ccdc63,0
Orai1,0
Setd1b,0
Mlxip,1
Zcchc8,0
Eif2b1,0
Atp6v0a2,0
Ncor2,0
Sbds,0
Clip2,0
Baz1b,1
Rasa4,0
Lrwd1,0
Muc3,0
Zan,0
Mcm7,0
Cnpy4,1
Lamtor4,1
Zfp68,0
Get4,0
Ints1,0
Sdk1,0
Actb,0
Rnf216,0
Rac1,0
Smurf1,1
Pdap1,0
Rpl21,0
Mtif3,0
Uspl1,0
N4bp2l1,0
Stard13,1
Hepacam2,0
Gng11,0
Glcci1,0
Ndufa4,0
1110019D14Rik,0
Tes,0
Met,0
Capza2,0
Tspan12,1
Calu,0
Klhdc10,0
Mkln1,0
Plxna4,1
Akr1b3,0
Cnot4,0
1810058I24Rik,0
Trim24,0
Braf,0
Mgam,0
Sval1,0
Ezh2,0
Gimap8,0
Malsu1,1
Cycs,0
Skap2,0
Hoxa3,0
Hoxa7,0
Hoxa9,0
Hibadh,0
Tax1bp1,0
Aqp1,0
Ppm1k,1
Vopp1,0
Snca,0
0610030E20Rik,0
Mthfd2,0
Sfxn5,0
1600020E01Rik,0
Rab7,0
Nup210,0
Chchd4,0
Xpc,0
9530026P05Rik,0
Foxp1,1
Arl8b,0
Edem1,1
Grm7,1
Rpusd3,0
Il17re,0
Emc3,0
Brk1,1
Vhl,1
Slc6a11,0
D830050J10Rik,0
Rassf4,0
Bms1,0
Fbxl14,0
Rad52,0
Wnk1,0
Kdm5a,1
Klrg1,0
Mfap5,0
Apobec1,0
Clec4a1,0
Lpcat3,0
Atn1,0
Cops7a,0
Gapdh,1
Tapbpl,0
Cd9,1
D6Wsu163e,0
Foxm1,0
Clec2d,0
Klra17,0
Klra7,0
Magohb,0
Ybx3,1
Tas2r105,0
Plbd1,0
Wbp11,0
Arhgdib,0
Strap,1
Slco1b2,0
C2cd5,1
Sspn,0
Stk38l,1
Rep15,0
Mrps35,0
Dennd5b,1
Cnot3,1
Ppp1r12c,0
Zfp524,0
Zfp787,0
Vmn2r52,0
Trim28,0
Lig1,0
Napa,0
Zc3h4,1
Npas1,0
Ap2s1,0
Calm3,1
Opa3,0
Bcl3,0
Zfp94,0
Ceacam10,0
Rps19,0
Rabac1,0
Erf,1
Ltbp4,0
Shkbp1,1
Pld3,0
Akt2,0
Zfp60,0
Paf1,0
Nfkbib,0
Eif3k,0
Psmd8,0
Capns1,0
Nfkbid,1
Upk1a,1
Ffar2,0
Usf2,0
Pepd,0
Zfp141,0
2310002F09Rik,0
Klk1,0
2410002F23Rik,0
Emc10,1
Vrk3,0
Tbc1d17,0
Pnkp,0
Irf3,0
Prrg2,1
Gys1,0
Ftl1,0
Bax,0
Fam83e,1
Grwd1,0
Zdhhc13,1
Svip,1
Cyfip1,0
Snrpa1,0
Chsy1,0
Rgma,0
Mfge8,0
Ticrr,1
Idh2,0
Crtc3,0
Tmem126b,0
Ndufc2,0
Ints4,0
Dgat2,0
Rps3,0
Spcs2,0
Lipt2,0
Ucp2,0
Coa4,0
Arhgef17,0
Rhog,1
Smpd1,0
Taf10,0
Mrpl17,0
Tmem41b,0
Dkk3,0
Tmc5,0
Gde1,0
Knop1,0
Thumpd1,0
Acsm3,0
Gsg1l,1
Cln3,0
Il27,0
Sult1a1,0
Coro1a,1
Mvp,0
Maz,1
Kif22,0
Ctf1,0
Bckdk,0
Kat8,0
Itgax,0
Bag3,0
Sec23ip,0
Wdr11,1
Uros,0
Dhx32,0
Dock1,0
9430038I01Rik,0
Glrx3,0
Zfp511,1
Rnh1,1
Hras,1
Rassf7,1
Deaf1,1
Lsp1,0
Nadsyn1,0
Dhcr7,0
Ccnd1,0
Arhgef18,0
Pex11g,0
Pnpla6,0
Pet100,0
Timm44,0
Abhd13,0
Cars2,0
Ing1,0
Ankrd10,0
Tubgcp3,0
Atp11a,0
Fbxo25,0
Alg11,0
Zmat4,0
Pomk,0
Fnta,0
Hook3,0
Zfp703,0
Ubxn8,0
Eri1,0
AI429214,0
Tlr3,0
Rwdd4a,0
Aga,0
Spcs3,0
Sap30,1
Tll1,0
Lpl,0
Atp13a1,0
Mau2,0
Sugp1,0
Slc25a42,0
Cope,0
Isyna1,0
Mast3,1
Ccdc124,0
Haus8,0
Nr2f6,1
Dda1,0
Gtpbp3,0
Bst2,0
Rab8a,0
Arhgap10,1
Ednra,0
Ttc29,0
Rbmxl1,0
Slc10a7,0
Mmaa,0
Abce1,0
Ndufb7,0
Tecr,0
Dnajb1,0
D8Ertd738e,0
Calr,1
Syce2,0
Prdx2,0
Rbl2,1
Mmp2,1
Lpcat2,0
Ces1f,0
Ces1h,0
Amfr,0
Mt2,0
Cpne2,0
Slc38a7,0
Tradd,0
Atp6v0d1,0
Enkd1,0
Edc4,0
1810019D21Rik,0
Slc7a6os,0
Nob1,0
Psmd7,0
Dhodh,0
Il34,0
Pdpr,0
Glg1,1
Mlkl,0
Cfdp1,1
Nudt7,0
Hsdl1,0
Rnf166,0
Piezo1,0
Galns,0
Nup133,0
Taf5l,0
Ttc13,0
Rbm34,0
Gucy1a2,0
Dtnbp1,0
Ippk,0
Aspn,0
Spin1,1
Sfxn1,0
Nop16,0
Higd2a,0
Uimc1,0
Nsd1,0
Mxd3,0
Fam193b,0
Tmed9,0
Txndc15,0
Naa35,1
Isca1,0
Fancc,0
Mrpl36,0
Lpcat1,0
Clptm1l,0
Cast,0
Rfesd,0
Arsk,0
Tmem161b,0
Ssbp2,0
Rasgrf2,0
Mtx3,0
Sv2c,0
Nsa2,1
Arhgef28,0
Utp15,1
Fcho2,0
Mrps27,0
Naip5,0
Cd180,0
Ppwd1,0
Ndufaf2,0
Elovl7,0
Gpbp1,0
Map3k1,1
Dhx29,0
Itga1,0
Emb,0
Mrps30,0
Hmgcs1,0
Ube2e1,0
Top2b,0
Slc4a7,1
Il3ra,0
Kcnk5,0
Nudt13,0
Mrps16,0
Vdac2,1
Kcnma1,0
Bap1,1
Btd,0
Arhgap22,1
Tspan14,1
Cnih1,1
Gmfb,1
Lgals3,1
Exoc5,0
Parp2,0
Pnp,0
Chd8,1
Slc7a7,0
1700123O20Rik,0
Slc7a8,0
Dhrs4,1
Nedd8,0
Tinf2,0
Khnyn,0
Zmym2,0
Micu2,1
Cdadc1,0
Shisa2,1
Ebpl,0
Ctsb,0
Ints9,0
Ccdc25,1
Bin3,0
Sorbs3,0
Hr,0
Rb1,0
Zc3h13,0
Cog3,0
Tpt1,0
Kbtbd7,0
Sugt1,0
Tdrd3,1
Mzt1,0
Dnajc3,0
Gpr18,1
Fbxo4,0
Oxct1,0
Prlr,0
Rad1,0
C1qtnf3,1
Tars,0
Sub1,1
Zfr,0
6030458C11Rik,0
Basp1,0
Cct5,0
Mtdh,1
Rpl30,0
Polr2k,0
Ubr5,1
Pkhd1l1,0
Sybu,0
Med30,0
Derl1,0
Rnf139,0
Mtss1,1
Tmem71,0
Phf20l1,1
Ly6e,1
Ly6a,0
Gsdmd,1
Puf60,1
Hsf1,1
Recql4,0
Rpl8,0
Rac2,0
Sh3bp1,0
Lgals1,0
Nol12,0
H1f0,0
Polr2f,0
Pdgfb,0
Fam83f,1
Tef,0
Phf5a,0
Desi1,1
Ccdc134,0
A4galt,0
Arfgap3,0
Mcat,0
Parvb,0
5031439G07Rik,0
Creld2,0
Nell2,0
Rapgef3,1
Asb8,1
Racgap1,1
Dip2b,0
Slc11a2,0
Krt7,0
Zfp740,1
Sp1,0
Itga5,0
Zfp263,0
Ubn1,0
Abat,0
Tmem186,0
Emp2,1
Nubp1,0
Socs1,0
Snx29,0
Cpped1,0
Parn,0
Mcm4,0
Dnm1l,0
Top3b,0
Ube2l3,0
Aifm3,0
Klhl22,0
2510002D24Rik,0
Mrpl40,0
Iglc2,0
Clcn2,0
Vps8,0
Rfc4,0
Mb21d2,0
Lsg1,0
Bdh1,0
Fbxo45,0
Itgb5,0
Sec22a,0
Pdia5,0
Parp9,1
Slc15a2,0
Nr1i2,0
Adprh,0
Lsamp,0
Naa50,0
Ccdc80,1
Gcsam,1
Cd47,1
Trmt10c,0
Tmem45a,0
Chmp2b,0
Hspa13,0
App,0
Hunk,1
Ifnar1,0
Donson,0
Itsn1,0
Ttc3,0
Dyrk1a,0
Psmg1,0
Dscam,0
Tfb1m,0
Rsph3b,0
Rnaset2a,0
Tcp1,0
1600012H06Rik,0
Pdcd2,0
Rgmb,0
Zfp54,0
Ccnf,0
Eci1,0
Tsc2,0
Rps2,0
Msrb1,0
Lmf1,0
Nme4,0
Luc7l,0
Phf1,0
Cuta,0
Ggnbp1,0
Nudt3,0
Rpl10a,0
Fkbp5,1
Srpk1,1
Brpf3,1
Stk38,0
Btbd9,0
Pknox1,1
Cbs,0
Akap8,0
Daxx,0
Vps52,0
Ring1,0
Brd2,0
H2-DMa,0
H2-DMb1,0
Psmb9,0
Tap1,0
Tap2,0
Pbx2,0
Ager,0
Dxo,0
D17H6S53E,0
Atp6v1g2,0
Ddx39b,0
H2-Q7,0
Tcf19,0
Cchcr1,0
Tubb5,0
Mrps18b,0
Rpp21,0
Tmem63b,0
F630040K05Rik,0
Polr1c,0
Zfp318,1
Srf,1
Tbcc,0
Unc5cl,1
Satb1,0
Kat2b,1
Kdm4b,0
Safb2,1
Rpl36,0
Lonp1,1
Fer,0
Rab12,0
Smchd1,0
Spast,0
Nlrc4,0
Strn,1
Prkd3,1
Eml4,0
Cox7a2l,1
Rhoq,1
Fshr,0
Mtpap,0
Epc1,0
Ccny,0
Rbbp8,1
Ss18,1
Chst9,1
Dsc2,0
Map3k2,0
Gypc,0
Paip2,1
Pfdn1,0
Ankhd1,1
Slc35a4,1
Cd14,0
Ik,0
Hars,0
Rnf14,0
Nr3c1,0
Ppp2r2b,0
Trim36,0
Tmed7,0
Eif1a,0
Lmnb1,0
Rps14,0
Csf1r,0
Ppargc1b,1
Fbxo38,0
Nars,0
Psmg2,0
Ptpn2,0
Seh1l,0
Rnmt,0
Acaa2,0
Pias2,0
Haus1,0
Rbfa,0
Txnl4a,0
Nfatc1,0
Tshz1,1
Socs6,0
Ppp6r3,0
Unc93b1,0
Rps6kb2,0
Ccs,0
Mrpl11,0
Brms1,0
Sart1,1
AI837181,0
Ctsw,1
Cfl1,0
Rnaseh2c,0
Malat1,1
Frmd8,1
Map4k2,0
Sf1,0
Plcb3,1
Fkbp2,1
Otub1,0
Naa40,0
Snhg1,0
Wdr74,0
Nxf1,0
Tmem179b,0
B3gat3,0
Mta2,1
Asrgl1,0
Fads3,0
Fads1,0
Sdhaf2,0
Tmem132a,0
Prpf19,0
Mrpl16,0
Zfand5,0
Apba1,1
Tjp2,0
Pip5k1b,1
Pgm5,0
Rfx3,0
Jak2,1
Rpl9-ps6,0
Pten,0
Myof,0
Ffar4,0
Fra10ac1,0
Hells,0
Cyp2c68,0
Aldh18a1,0
Entpd1,0
Zfp518a,0
Frat2,0
Mms19,1
R3hcc1l,0
Nkx2-3,0
Sema4g,0
Npm3,0
Nolc1,1
Sufu,0
Trim8,1
Nt5c2,0
Pdcd11,0
4833407H14Rik,0
Smc3,0
Acsl5,0
Hspa12a,0
Pim2,0
Suv39h1,0
Lancl3,0
Tspan7,1
Maoa,0
Ndufb11,0
Cdk16,1
Timp1,0
Stag2,0
Tenm1,0
Xpnpep2,0
Phf6,1
Mmgt1,0
Htatsf1,0
Atp11c,1
Xlr4b,0
Idh3g,0
Dnase1l1,0
Fam3a,1
Eif2s3x,0
Maged1,0
Zxdb,0
Amer1,0
Foxo4,0
Gjb1,0
Cxcr3,0
Ercc6l,0
Ftx,0
Cstf2,0
Nox1,0
Bhlhb9,0
Bex4,0
Slc25a53,0
Amot,0
Ubqln2,0
Eif1ax,0
Reps2,0
Ctps2,0
Ace2,1
Piga,0
Tmsb4x,1
Erdr1,0
mt-Co1,0
mt-Co3,0
Zfp426,0
Zfp266,0
Ppan,0
Eif3g,0
Dnmt1,1
Icam4,0
Cdkn2d,1
Dnm2,0
Yipf2,0
Smarca4,0
Rab3d,1
Pigyl,0
Acad8,0
St14,0
Fli1,0
Foxred1,0
Fam118b,0
Rpusd4,1
Stt3a,0
Ei24,0
Vwa5a,0
Gramd1b,0
Oaf,0
Thy1,0
Rnf26,0
Cbl,1
C2cd2l,1
Ube4a,0
Bace1,0
Bud13,0
Bco2,0
Ddx10,0
Dmxl2,1
Idh3a,0
Wdr61,1
Chrnb4,0
Ube2q2,0
Etfa,0
Cspg4,0
Neo1,0
Myo9a,0
Lrrc49,0
Uaca,1
Rplp1,0
Kif23,0
Itga11,0
Cln6,0
Smad6,1
Dpp8,0
Spg21,0
Herc1,0
Rps27l,0
Bnip2,0
Gtf2a2,0
Adam10,0
Rfx7,0
Rab27a,1
Elovl5,0
Eef1a1,0
Slc17a5,0
Phip,0
Me1,1
Cyb5r4,0
Zfp949,0
9330159M07Rik,0
Mthfs,0
Tmed3,0
Plscr1,1
Rnf7,1
Slc25a36,1
Faim,0
Pccb,0
Msl2,0
Dnajc13,0
Col6a4,0
Wdr82,0
Tex264,0
Cyb561d2,0
Rassf1,0
Gmppb,0
Rhoa,1
Qars,0
Uqcrc1,0
Shisa5,0
Nme6,0
Dhx30,0
Epm2aip1,0
Clasp2,1
Azi2,0
Acaa1a,0
Exog,0
Vipr1,0
Snrk,0
Sacm1l,0
Xcr1,0
Plekhg1,1
Nup43,0
Tab2,1
Utrn,0
Pex3,0
Ccdc28a,0
Map3k5,0
Bclaf1,0
Mtfr2,0
Tcf21,0
Med23,0
Rwdd1,1
Frk,0
Hs3st5,0
Lama4,1
E130307A14Rik,0
Cd164,0
Ccdc162,0
Sesn1,0
Prep,0
Tbc1d32,0
Smpdl3a,0
Lims1,0
Pald1,0
Ppa1,0
Col13a1,0
Vps26a,0
Dna2,0
Hnrnph3,0
Herc4,0
Nrbf2,0
Bicc1,0
Tfam,0
Zwint,0
Ggt5,0
Susd2,1
Mif,1
Prmt2,1
Fam207a,0
Itgb2,0
Icosl,1
Rrp1,0
Tpgs1,0
Cdc34,0
Ptbp1,0
Cnn2,0
Izumo4,0
Sf3a2,0
Lmnb2,0
Eef2,0
Tle6,0
Txnrd1,0
Chst11,1
Prdm4,0
Rtcb,0
Timp3,0
1700113H08Rik,0
Nup37,0
Dram1,0
Nr1h4,0
Mrpl42,0
Dcn,0
Kitl,0
Nap1l1,1
Phlda1,0
Zfc3h1,0
Cpsf6,0
Slc35e3,0
Lemd3,0
Tbk1,0
Avpr1a,0
Mon2,0
Tsfm,0
Tspan31,1
Arhgap9,0
Shmt2,0
Ptges3,0
Atp5b,0
Rnf41,0
Ormdl2,1
Eif4enif1,0
Pik3ip1,1
Limk2,0
Rnf185,1
Pes1,0
Hormad2,0
Mtmr3,0
Nipsnap1,0
Ogdh,0
Purb,0
Igfbp3,0
Wdr92,0
C1d,0
Spred2,0
Actr2,0
Slc1a4,0
Ugp2,0
Ehbp1,0
Tmem17,0
Cct4,0
Xpo1,0
Pex13,0
Fancl,0
Rps27a,0
Acyp2,0
Asb3,0
Nprl3,1
Fbxw11,0
Kcnip1,0
Kcnmb1,0
Dock2,0
Adam19,1
Cyfip2,0
Mgat1,0
Canx,0
Hnrnph1,0
Adamts2,0
Clk4,1
Nhp2,0
Rmnd5b,0
Sar1b,0
Slc22a5,0
Slc22a21,0
Fnip1,1
Atox1,0
Gria1,0
Gemin5,1
Zfp672,0
Guk1,0
Snap47,0
Nt5m,0
Srebf1,0
Tom1l2,0
Drg2,1
Tmem11,0
Grap,0
Ttc19,0
2410006H16Rik,0
Trim16,0
Tvp23b,0
Pmp22,0
Hs3st3b1,0
Sco1,0
Slc25a35,0
Trappc1,0
Trp53,0
Elp5,1
Gabarap,0
Pelp1,0
Cxcl16,1
Pfn1,0
Rabep1,0
Nup88,0
C1qbp,0
Derl2,0
Pafah1b1,0
Prpf8,0
Inpp5k,0
Timm22,0
Myo18a,0
Traf4,1
Tlcd1,1
Aldoc,0
Pigs,0
Unc119,0
Wsb1,0
Rhot1,0
Psmd11,0
Myo1d,0
Fndc8,0
Slfn2,0
Taf15,0
Ccl5,0
Ccl6,0
Heatr6,0
Znhit3,0
Usp32,0
Appbp2,0
Mrps23,0
Akap1,1
Mbtd1,1
Eme1,0
Sgca,0
Ttll6,1
Snx11,0
Sp2,0
Kpnb1,0
Socs7,0
Mllt6,1
Rpl19,0
Fbxl20,0
Nr1d1,0
Cdc6,0
Krt28,0
Dnajc7,0
Stat3,0
Ezh1,0
Rundc1,0
Etv4,1
Ppy,1
Tmub2,0
Atxn7l3,1
Ubtf,0
Fzd2,0
Ccdc43,0
Kif18b,1
Arhgap27,0
Plekhm1,0
Efcab3,0
Taco1,0
Limd2,0
Ftsj3,0
Ern1,0
Smurf2,1
Kpna2,0
Gna13,1
1700012B07Rik,0
Sox9,0
Ttyh2,0
Slc9a3r1,0
Cdr2l,0
Atp5h,0
Nup85,0
Grb2,1
Caskin2,0
Galk1,0
Exoc7,0
Prpsap1,0
Mxra7,0
Mettl23,0
Srsf2,0
Birc5,0
Pgs1,0
Cbx4,1
Chmp6,0
Bahcc1,0
Tbcd,0
Rhob,1
Pum2,0
Laptm4a,0
Rrm2,0
Cmpk2,0
Adi1,0
Acp1,0
Agr2,0
Hectd1,1
Nubpl,0
Fkbp3,1
Klhdc2,0
Rtn1,0
Trmt5,0
Slc38a6,0
Tmem30b,1
Hif1a,0
Ppp2r5e,0
Sgpp1,0
Tex21,0
Gpx2,0
Rab15,1
Pcnx,0
Dcaf4,0
Acot1,0
Entpd5,0
Arel1,1
Dlst,0
Tmed10,0
Sptlc2,0
Nrde2,1
Lgmn,0
Golga5,0
Chga,0
Unc79,0
Ifi27l2a,0
Dicer1,0
Wars,0
Wdr25,1
Meg3,0
Mark3,0
Akt1,0
Gpr132,1
Pacs2,0
Crip1,0
Igha,0
Ighg2b,0
Gdi2,0
Net1,0
Akr1c13,0
Akr1e1,0
Tbce,0
Mrpl32,0
Psma2,0
Stard3nl,0
Epdr1,0
Elmo1,0
Foxq1,1
Serpinb9,0
Tubb2b,0
Psmg4,0
Cdyl,0
Lyrm4,0
Ly86,1
Cage1,0
Tmem14c,1
Mcur1,1
Cd83,1
