gene,label
Sntg1,0
Ncoa2,0
Tram1,0
Ube2w,0
Col19a1,0
Lmbrd1,0
Ptp4a1,0
Kansl3,0
Inpp4a,0
Cnot11,1
Mrps9,0
Fhl2,0
Slc39a10,0
Mob4,0
Spats2l,0
Ppil3,0
Cflar,0
Fzd7,0
Sumo1,1
Ino80d,0
Adam23,0
Fastkd2,0
Pikfyve,0
Ikzf2,1
Rpl37a,0
Aamp,0
Ctdsp1,1
Gmppa,0
Cul3,0
Tm4sf20,0
C130026I21Rik,0
Sp110,1
Itm2c,1
2810459M11Rik,0
Ncl,0
Eif4e2,1
Inpp5d,0
Dgkd,1
Asb1,0
Rnf152,1
Ptpn4,0
Actr3,0
Slc35f5,0
Klhdc8a,0
Snrpe,0
Prelp,0
Cyb5r1,0
Adipor1,0
Nav1,0
Phlda3,1
Aspm,1
Cdc73,0
Rnf2,0
Arpc5,0
Smg7,0
Dhx9,0
Cacna1e,0
Xpr1,0
Tor1aip2,0
Atp1b1,1
Gpa33,0
Pbx1,1
Fcgr2b,1
Sdhc,0
Tstd1,0
Dcaf8,0
Pigm,0
Mndal,0
Cox20,0
Wdr26,1
Lbr,0
Cenpf,0
Ppp2r5a,0
Traf3ip3,1
Camk1d,1
Sec61a2,0
Atp5c1,0
Dnajc1,0
Commd3,0
Etl4,0
Acbd5,0
Il1rn,0
Psd4,1
Pnpla7,1
Nsmf,0
Ubac1,0
Pmpca,0
Surf1,0
Ralgds,0
Med27,0
Rapgef1,1
Urm1,0
Odf2,0
Endog,0
Hmcn2,0
Exosc2,1
Dnm1,0
Stxbp1,1
Rpl12,0
Angptl2,0
Hspa5,0
Rabepk,0
Rab14,0
Gsn,0
Ttll11,0
Ndufa8,0
Rabgap1,1
Rpl35,0
Ppp6c,0
Zeb2,0
Mbd5,0
Rbm43,0
Nmi,0
Fmnl2,0
Ly75,0
Dpp4,1
Cers6,0
Spc25,0
Ppig,0
Ubr3,0
Gorasp2,0
Dync1i2,0
Cdca7,0
Ola1,1
Nfe2l2,0
Agps,0
Rbm45,0
Prkra,0
Sestd1,1
Itga4,0
Zfp804a,0
Itgav,0
Ctnnd1,1
Zdhhc5,1
Serping1,1
Kbtbd4,0
Psmc3,0
Madd,0
Acp2,0
Ddb2,0
Dgkz,1
Cry2,1
Trp53i11,0
Cd82,0
Commd9,0
Pamr1,0
Cat,0
Caprin1,1
Hipk3,1
Cstf3,0
Ccdc73,0
Arl14ep,0
Fam98b,1
Bub1b,0
Ppp1r14d,0
Itpka,0
Tgm5,0
Eif3j1,0
B2m,0
Sord,0
Duox2,0
Slc30a4,0
Myef2,0
Dut,0
Galk2,0
Trpm7,0
Tmem127,0
Stard7,0
Mrps5,0
Bub1,0
Tmem87b,0
Zc3h8,1
Idh3b,0
Ddrgk1,0
Pcna,0
Gpcpd1,0
Plcb1,0
Mkks,0
Jag1,0
Rrbp1,0
Slc24a3,0
Naa20,0
Cst3,0
Pygb,0
Commd7,1
a,0
Ncoa6,0
Procr,0
Eif6,0
Phf20,0
Scand1,0
Aar2,0
Samhd1,1
Blcap,0
Nnat,1
Srsf6,0
Ttpal,0
Ywhab,1
Tomm34,0
Sdc4,0
Wfdc2,0
Ctsa,0
Pltp,0
Arfgef2,0
Stau1,0
B4galt5,0
Rnf114,0
Atp9a,1
Zfp64,1
Zbp1,0
Pmepa1,0
Vapb,0
Stx16,0
Npepl1,0
Psma7,0
Gid8,1
Prpf6,0
Pex2,0
Tpd52,0
Fabp5,0
Impa1,1
Pld1,1
Rpl22l1,0
Nudt6,0
Naa15,0
Rab33b,0
Ufm1,0
Postn,0
Supt20,0
Alg5,0
Serp1,1
Eif2a,0
P2ry14,1
Igsf10,1
Dhx36,0
Lxn,0
Mfsd1,0
Smc4,0
Ppid,0
Rps3a1,0
Mrpl24,0
Sema4a,0
Rab25,0
Ssr2,0
Syt11,1
Fdps,0
Fam189b,0
Krtcap2,0
Dpm3,0
Slc50a1,0
Pygo2,1
Adar,0
Hax1,0
Nup210l,0
Rps27,0
Chtop,1
S100a4,1
S100a6,1
S100a11,1
Mrpl9,0
Cgn,0
Psmd4,0
Cdc42se1,1
Mcl1,0
Anp32e,0
Plekho1,0
Mtmr11,0
Fcgr1,0
Polr3c,1
Gpr89,0
Sec22b,0
Phgdh,0
Sike1,0
Trim33,0
Slc16a1,0
Mov10,1
St7l,0
Wdr77,0
Dennd2d,1
Strip1,0
Ahcyl1,0
Csf1,0
Gstm4,0
Ampd2,0
Sort1,0
Pde5a,1
Camk2d,0
Gar1,0
Sec24b,0
Papss1,0
Aimp1,0
Cisd2,0
Bank1,0
Dnajb14,0
Adh1,0
Stpg2,0
Unc5c,0
Pdlim5,0
Gbp2,0
Prkacb,0
Pigk,0
Srsf11,0
Rab2a,0
Esrp1,0
Decr1,0
Ndufaf4,0
Lyrm2,0
4933421O10Rik,0
Ube2j1,0
Slc35a1,0
Mob3b,1
Ddx58,1
Spink4,1
Chmp5,1
Nfx1,0
Nol6,0
Dcaf12,0
Rpp25l,0
Sigmar1,0
Stoml2,1
Tesk1,0
Ccdc107,0
Gba2,0
Rnf38,1
Exosc3,0
Tstd2,0
Anp32b,1
Nans,0
Sec61b,0
Tmeff1,0
Klf4,0
Lpar1,0
Ptbp3,0
E130308A19Rik,0
Slc31a1,0
Cdc26,0
Bspry,0
Cdk5rap2,0
Nfib,1
Bnc2,0
Plin2,0
Rps6,0
Acer2,0
Mllt3,1
Plaa,1
Tmem59,0
Lrrc42,0
Dio1,0
Lrp8,1
Cpt2,0
Prpf38a,0
Txndc12,0
Nrd1,0
Osbpl9,0
Skint5,0
Foxd2,0
Lrrc41,0
Pik3r3,0
Prdx1,0
Toe1,0
Eif2b3,0
Rnf220,1
Kdm4a,0
Ptprf,1
Guca2a,1
Smap2,1
Zmpste24,0
Macf1,0
Sf3a3,0
Inpp5b,1
1110065P20Rik,0
Zc3h12a,0
Psmb2,0
AU040320,0
Zmym4,1
Sfpq,1
Rnf19b,0
Zbtb8os,0
Hdac1,1
Eif3i,0
Laptm5,0
Srsf4,1
Snhg12,0
Trnau1ap,0
Phactr4,0
Stx12,0
Wasf2,0
Sfn,0
Arid1a,0
Rps6ka1,0
Dhdds,0
Lin28a,0
Ubxn11,0
Mtfr1l,0
Man1c1,0
Syf2,0
Clic4,1
Hnrnpr,0
Cdc42,0
Usp48,0
Alpl,0
Hp1bp3,1
Ddost,0
Camk2n1,1
Tmco4,0
Akr7a5,0
Necap2,0
Ddi2,1
Pdpn,0
Dhrs3,1
2510039O18Rik,0
Gpr157,1
Rere,0
Dnajc11,0
Kcnab2,0
Ski,0
Nadk,0
Ssu72,0
Sdf4,0
Krit1,0
Sri,0
Pclo,0
Magi2,0
Ptpn12,0
Fgl2,0
Armc10,1
Psmc2,1
Abcb8,0
Fastk,0
Abcf2,0
Chpf2,0
Rheb,1
Ube3c,0
Hadhb,0
Mapre3,0
Cad,0
Gtf3c2,0
Eif2b4,0
Nrbp1,0
Gpn1,0
Tacc3,0
Mfsd10,0
Hgfac,0
Fgfbp1,0
Ncapg,0
Sod3,0
Sepsecs,0
Pcdh7,0
0610040J01Rik,0
Rfc1,0
Rpl9,0
Lias,0
Ube2k,0
Rbm47,0
Slain2,1
Fryl,0
Pdgfra,0
Srp72,0
Slc4a4,1
Rassf6,0
Anxa3,1
Hnrnpd,1
Cops4,0
Cds1,0
Arhgap24,0
Hsd17b11,0
Tgfbr3,0
Gfi1,0
Pgam5,0
A630023P12Rik,0
Noc4l,0
Ep400,0
Pus1,0
Chek2,0
Sart3,1
Kctd10,0
Mmab,0
Cox6a1,1
Pxn,0
Rplp0,0
Prkab1,0
Tesc,1
Fbxw8,0
Oas1a,0
Ptpn11,1
Trafd1,0
Aldh2,0
Ppp1cc,0
Kdm2b,0
Setd1b,0
Mlxip,1
Hip1r,1
Tmem132d,0
Ran,0
Mrps17,0
Rabgef1,0
Tmem248,0
Gtf2i,0
Clip2,0
Tbl2,0
Polr2j,0
Alkbh4,0
Cux1,0
Znhit1,1
Trim56,1
Trip6,0
Zan,0
Ppp1r35,1
Mcm7,0
Taf6,0
Lamtor4,1
Get4,0
Chst12,1
Gna12,1
Foxk1,1
Eif2ak1,0
Arpc1b,0
Cdk8,0
Lnx2,0
Polr1d,0
Cdx2,0
Pan3,1
Slc46a3,0
Ubl3,0
Col1a2,0
Ndufa4,0
Tmem168,0
2610001J05Rik,0
Mdfic,1
Tfec,0
Tes,0
Cav1,0
Kcnd2,0
Cadps2,0
Gcc1,0
Arf5,0
Atp6v1f,0
Irf5,0
Ahcyl2,0
Nrf1,1
Mkln1,0
Akr1b3,0
Wdr91,1
Ptn,0
Trim24,0
Tmem213,0
Mkrn1,0
Braf,0
Mgam,0
1700074P13Rik,0
Sval3,0
Zyx,1
Ezh2,0
Zfp777,0
Rarres2,0
Gimap8,0
Gimap4,0
Aoc1,0
Snx10,0
Hibadh,0
Gars,0
Aqp1,0
Nt5c3,0
Ppm1k,1
Tigd2,0
Hpgds,0
Serbp1,0
Igkv4-72,0
Ptcd3,0
Mat2a,0
Capg,0
Wbp1,0
Exoc6b,0
Spr,0
Cct7,0
Snrpg,0
Tia1,0
Anxa4,0
Rab43,0
Hmces,0
Mcm2,0
Tpra1,1
Chchd4,0
Xpc,0
Mrps25,0
Frmd4b,0
Foxp1,1
Cntn3,0
Chl1,1
Crbn,0
Edem1,1
Grm7,1
Gt(ROSA)26Sor,0
Rpusd3,0
Brk1,1
Vhl,1
Pparg,0
Tmcc1,0
Cxcl12,0
Rad52,0
Wnk1,0
Kdm5a,1
Il17ra,0
Klrg1,0
M6pr,0
C3ar1,0
Clec4a1,0
Tpi1,0
Cops7a,0
Zfp384,0
Chd4,0
Mrpl51,0
Vamp1,0
Scnn1a,0
Ccnd2,0
Clec2d,0
2310001H17Rik,0
Klrd1,1
Klrk1,1
Klra7,0
Magohb,0
Ddx47,0
Plbd1,0
Mgp,0
Strap,1
Dera,0
Aebp2,1
Slco1b2,0
Cmas,0
Cacng6,0
Tsen34,0
U2af2,0
Trim28,0
Lig1,0
Bbc3,0
Sae1,0
Npas1,0
Foxa3,1
Opa3,0
Clptm1,1
Apoc2,0
Apoe,0
Zfp94,0
Arhgef1,0
Exosc5,0
Hnrnpul1,0
Ltbp4,0
Shkbp1,1
Sptbn4,0
Fbl,0
Rps16,0
Zfp36,1
Paf1,0
Mrps12,0
Sirt2,0
Map4k1,0
Psmd8,0
Spint2,0
Zfp260,1
Capns1,0
Polr2i,0
Psenen,0
U2af1l4,0
Ffar2,0
Cd22,1
Fxyd3,0
Pepd,0
Lrp3,1
Tshz3,1
Ccne1,0
Pop4,0
Zfp141,0
Klk1,0
Josd2,0
Tbc1d17,0
Fuz,0
Irf3,0
Snrnp70,1
Gys1,0
Bax,0
Ppp1r15a,0
Dbp,1
Cyth2,1
Kcnj14,0
Nomo1,0
Ush1c,0
Ano5,0
Tm2d3,0
Adamts17,0
Synm,0
Mfge8,0
Ticrr,1
Zfp710,0
Fes,0
Blm,0
Wdr73,0
Stard5,0
Sytl2,0
Dlg2,0
Prcp,0
Alg8,0
Clns1a,1
Capn5,1
Dgat2,0
Coa4,0
Mrpl48,0
Arhgef17,0
P2ry6,0
Trpc2,0
Rhog,1
Trim3,0
Arfip2,0
Ilk,1
Tpp1,0
Mrpl17,0
Rpl27a,0
Akip1,0
Rnf141,0
Usp47,1
Dkk3,0
Rps15a,0
Itpripl2,0
Thumpd1,0
Acsm3,0
Uqcrc2,0
Mettl9,0
Plk1,0
Eif3c,1
Coro1a,1
Ppp4c,1
Mvp,0
Kif22,0
AI467606,0
Cd2bp2,0
Zfp768,0
Bckdk,0
Itgax,0
Wdr11,1
Clrn3,0
Mki67,1
9430038I01Rik,0
Glrx3,0
Adam8,0
Echs1,0
Hras,1
Irf7,0
Pnpla2,0
Cd81,1
Nap1l4,0
Ccnd1,0
Mrgprf,0
Timm44,0
Cers4,0
Col4a2,0
Tubgcp3,0
Lamp1,0
Grtp1,0
Gas6,0
Fbxo25,0
Dlgap2,0
Kbtbd11,0
Vps36,0
Golga7,0
Sfrp1,0
Zmat4,0
Pomk,0
Fnta,0
Ubxn8,0
Gsr,0
Frg1,0
Sorbs2,0
Slc25a4,0
Dctd,0
4930555F03Rik,0
Mfap3l,0
Spock3,0
Atp13a1,0
Isyna1,0
Mast3,1
Use1,1
Dda1,0
Mvb12a,1
Colgalt1,0
B3gnt3,0
Sin3b,1
Hmgxb4,0
Nr3c2,0
Rbmxl1,0
Smad1,1
Otud4,0
Hhip,1
Gab1,0
Ndufb7,0
Prkaca,0
D8Ertd738e,0
Trmt1,0
Nfix,0
Vps35,0
Lonp2,0
N4bp1,1
Tox3,0
Fto,0
Lpcat2,0
Ces1f,0
Ces1h,0
Zfp319,1
Bean1,0
Tk2,0
Dync1li2,0
Nae1,0
Tradd,0
Fhod1,0
Esrp2,0
Slc7a6,0
Slc7a6os,0
Cdh1,0
Nfat5,0
Nob1,0
Il34,0
Zfp1,1
Cfdp1,1
Gabarapl2,1
Mphosph6,0
Mlycd,0
Taf1c,0
Cotl1,0
Aprt,0
Chmp1a,0
Taf5l,0
Tsnax,0
Rbm34,0
Gucy1a2,0
Arhgap42,0
Maml2,0
Cep57,0
Smco4,0
Fat3,1
Ppan,0
Eif3g,0
Dnmt1,1
Raver1,1
Cdkn2d,1
Ap1m2,0
Yipf2,0
Ldlr,0
Cnn1,1
Acp5,0
Zfp810,0
Acad8,0
Vps26b,0
Arhgap32,0
Fam118b,0
Hspa8,0
Arhgef12,0
Thy1,0
C2cd2l,1
Hyou1,0
Rps25,0
Cd3d,1
Tmprss4,0
Bace1,0
Drd2,0
2310030G06Rik,0
Dmxl2,1
Imp3,0
Cox5a,1
Csk,1
Edc3,0
Stoml1,1
Uaca,1
Paqr5,0
Aagab,0
Rpl4,0
Pdcd7,0
Spg21,0
Zfp609,0
Csnk1g1,0
Herc1,0
Usp3,1
Rps27l,0
Tln2,0
Bnip2,0
Gtf2a2,0
Polr2m,0
Cgnl1,0
Tex9,0
Rfx7,0
Rab27a,1
Rsl24d1,0
Tinag,0
Elovl5,0
Slc17a5,0
Cox7a2,1
Myo6,0
Phip,0
Sh3bgrl2,0
Ibtk,0
Mthfs,0
Ctsh,0
Plod2,0
Zbtb38,0
Slc25a36,1
Pik3cb,0
Pccb,0
Anapc13,0
Ryk,1
Srprb,0
Cdv3,0
Dnajc13,0
Acpp,1
Cyb561d2,0
Rbm6,0
Apeh,0
Gpx1,1
Lamb2,0
Ip6k2,0
Ccdc51,0
Cdc25a,0
Dhx30,0
Ubp1,1
Cnot10,1
Stt3b,0
Tgfbr2,0
Golga4,0
Ctdspl,1
Exog,0
Rpsa,1
Nktr,0
Higd1a,1
Zdhhc3,0
Clec3b,0
Sacm1l,0
Ccr1,1
Ccr5,0
Rmnd1,0
Pcmt1,0
Slc35d3,1
Hbs1l,0
E030030I06Rik,0
Rps12,0
Akap7,0
Lama4,1
Ccdc162,0
Snx3,0
Nus1,0
Psap,0
Vps26a,0
Ddx50,0
Reep3,0
Cisd1,1
Zwint,0
Susd2,1
Mif,1
Itgb2,0
Ube2g2,0
Icosl,1
Rrp1,0
Pdxk,0
Cnn2,0
Polr2e,0
Rps15,0
Rexo1,0
Mknk2,1
Mob3a,0
Ap3d1,0
Dot1l,0
Plekhj1,0
Oaz1,0
Sppl2b,0
Sgta,0
Pias4,1
Hmg20b,1
Ncln,1
Chst11,1
Ckap4,0
Rtcb,0
1700113H08Rik,0
Slc5a8,0
Tmpo,0
Cdk17,0
Lta4h,0
Mrpl42,0
Btg1,0
4930430F08Rik,0
Otogl,0
Nav3,0
Zfc3h1,0
Cct2,0
Lyz2,0
Cpsf6,0
Mdm2,0
Helb,0
Hmga2,0
Tbk1,0
Mon2,0
Tspan31,1
B4galnt1,0
Arhgap9,0
Shmt2,0
Naca,0
Baz2a,1
Smarcc2,0
Esyt1,0
Erbb3,0
Suox,0
Mmp19,0
Eif4enif1,0
Limk2,0
Smtn,0
Pes1,0
Ccdc157,0
Mtmr3,0
Ap1b1,0
Ewsr1,0
Rhbdd3,1
Xbp1,0
Mrps24,0
Nudcd3,0
Tbrg4,1
Igfbp3,0
4930554G24Rik,0
Sec61g,0
Cct4,0
Fam161a,0
Rtn4,0
Acyp2,0
Bod1,1
Stk10,0
Npm1,0
Kcnip1,0
Mat2b,0
Rnf145,0
Adam19,1
Trim41,0
Irgm1,0
Cnot6,1
Maml1,0
Hnrnph1,0
Clk4,1
Aff4,0
Uqcrq,0
Slc22a21,0
Pdlim4,0
Fnip1,1
Rapgef6,1
Hint1,0
Slc36a1,0
Mfap3,0
Mrpl22,0
Lypd8,0
Zkscan17,1
Mprip,0
Drg2,1
Tmem11,0
Usp22,1
Prpsap2,0
Ncor1,0
Cenpv,1
Ubb,1
Gas7,0
Ndel1,1
Rangrf,0
Vamp2,0
Trappc1,0
Chd3,0
Trp53,0
Tmem256,0
Plscr3,1
Eif5a,1
Cldn7,1
Gabarap,0
Cxcl16,1
Pfn1,0
Txndc17,0
Ggt6,0
Ube2g1,0
Emc6,0
Srr,0
Ovca2,0
Cpd,0
Slc6a4,0
Ssh2,1
Ksr1,1
Utp6,0
Zfp207,0
Slfn2,0
Ccl6,0
Synrg,0
Mrm1,0
Dhrs11,0
Car4,0
Usp32,0
Appbp2,0
Med13,0
Vmp1,0
Ptrh2,0
Ska2,1
Mtmr4,1
Srsf1,0
Mrps23,0
Akap1,1
Pctp,0
Mbtd1,1
Ankrd40,0
Lrrc59,1
Mrpl27,0
Ppp1r9b,0
Itga3,0
Spop,0
Zfp652,0
Hoxb6,0
Npepps,0
Mrpl45,0
Socs7,0
Lasp1,0
Stard3,0
Erbb2,0
Psmd3,0
Med24,0
Thra,0
Casc3,0
Nt5c3b,0
Cnp,0
Ezh1,0
Becn1,0
Rundc1,0
Pyy,1
Atxn7l3,1
Ubtf,0
Itga2b,0
Fzd2,0
Hexim1,0
Dcaf7,0
Taco1,0
Ddx42,0
Smarcd2,0
1700012B07Rik,0
2610035D17Rik,0
Ttyh2,0
Cdr2l,0
Nt5c,0
Mrps7,0
Myo15b,0
Smim6,1
H3f3b,0
Acox1,0
Evpl,0
Srp68,0
Exoc7,0
Cygb,0
Mettl23,0
Pgs1,0
Eif4a3,0
Slc38a10,0
Bahcc1,0
Hgs,0
Slc25a10,0
P4hb,0
Alyref,0
Sirt7,0
Rhob,1
Pum2,0
Ddx1,0
Pdia6,0
Adam17,0
Rrm2,0
Id2,0
Rnaseh1,0
Adi1,0
Cog5,0
Agr2,0
Arl4a,0
Nubpl,0
Snx6,0
Fam177a,0
Ralgapa1,0
Lrfn5,0
Fancm,0
Rps29,0
Dnaaf2,0
Nemf,0
Tmx1,0
Tmem30b,1
Wdr89,0
Sgpp1,0
Syne2,0
Fut8,0
Numb,0
Isca2,0
Dlst,0
Tmed10,0
Pomt2,0
Snw1,0
4930544I03Rik,0
Calm1,0
Catsperb,0
Golga5,0
Chga,0
Unc79,0
Ifi27l2a,0
Dicer1,0
Glrx5,0
Evl,1
Wars,0
Wdr25,1
Hsp90aa1,0
Zfp839,0
Ckb,0
Akt1,0
Cep170b,0
Brf1,0
Mta1,0
Crip1,0
Ighg1,1
Pitrm1,0
Abt1,0
Slc17a4,0
Acot13,0
9330162012Rik,0
Gpld1,0
Irf4,1
Foxq1,1
Psmg4,0
Prpf4b,1
Eci2,0
Cdyl,0
Dsp,0
Ofcc1,0
Tmem14c,1
Smim13,0
Nedd9,1
Mcur1,1
Mylip,0
Kif13a,0
Susd3,0
Ogn,0
Iars,0
Spin1,1
Auh,0
Sfxn1,0
Simc1,1
Rab24,0
Lman2,0
Ddx41,0
Idnk,0
2210016F16Rik,0
Uqcrb,0
Ptdss1,0
Rsl1,0
Nsun2,0
Mrpl36,0
Slc12a7,0
Cast,0
Rfesd,0
Arsk,0
Fam172a,1
Edil3,0
Hapln1,0
Rps23,0
Ssbp2,0
Msh3,0
Dhfr,0
Arsb,0
F2r,1
Nsa2,1
Tnpo1,0
Ptcd2,1
Mrps27,0
Naip5,0
Naip1,0
Cd180,0
Mast4,0
Ndufaf2,0
Smim15,0
Elovl7,0
Dhx29,0
Arl15,0
Itga1,0
Emb,0
Ube2e1,0
Top2b,0
Il3ra,0
Thoc7,0
Oit1,1
Pdhb,0
Rpp14,0
Kcnk5,0
Nudt13,0
Dnajc9,1
Mrps16,0
Zmiz1,0
Dennd6a,1
Mustn1,1
Pbrm1,0
Stab1,0
Btd,0
Arhgap22,1
Ptpn20,0
Bmpr1a,0
2610528A11Rik,0
Ghitm,1
Tspan14,1
Gnpnat1,0
Bmp4,0
Gch1,0
Parp2,0
Osgep,0
Pnp,0
Zfp219,0
Hnrnpc,0
Supt16,0
Mettl3,0
Mrpl52,0
Lrp10,0
Prmt5,1
Dhrs4,1
Tinf2,0
Ripk3,0
Cbln3,0
Mphosph8,1
Cab39l,1
Kpna3,0
Ctsb,0
Ints9,0
Esco2,0
Ccdc25,1
Hr,0
Rcbtb2,0
Esd,0
Lcp1,0
Zc3h13,0
Tsc22d1,0
Pcdh9,0
Dach1,0
Gpr180,1
Dnajc3,0
Farp1,0
Clybl,1
Rpl37,0
Lifr,0
Sub1,1
Zfr,0
Golph3,0
Pdzd2,0
Cdh12,0
Basp1,0
Zfp622,0
Cpq,0
Laptm4b,1
Rpl30,0
Cox6c,1
Polr2k,0
Pabpc1,0
Dcaf13,0
Rims2,0
Nudcd1,0
Pkhd1l1,0
Wdyhv1,0
Rnf139,0
Gsdmc4,0
Sla,0
Gpr20,1
Ptp4a3,0
Ly6a,0
Ly6c1,0
Gsdmd,1
Eef1d,0
Gpaa1,0
Sharpin,1
Cyhr1,0
Ppp1r16a,0
Rpl8,0
Apol10a,0
Eif3d,0
Rac2,0
Cyth4,0
Sh3bp1,0
Triobp,0
H1f0,0
Kdelr3,0
Apobec3,0
Rpl3,0
Atf4,0
Fam83f,1
Rangap1,1
Tef,0
Smdt1,0
Ndufa6,0
Cyp2d34,0
Poldip3,1
A4galt,0
Efcab6,0
Zbed4,1
Pim3,1
Lmf2,0
Chkb,0
Arsa,0
Pdzrn4,0
Zcrb1,0
Arid2,1
Kansl2,0
Ddx23,0
Kmt2d,0
Tuba1b,0
Tuba1a,0
Fmnl3,0
Gpd1,0
Slc11a2,0
Tfcp2,0
Acvrl1,0
Igfbp6,1
Rarg,0
Aaas,0
Prr13,0
Pcbp2,0
Tarbp2,0
Cbx5,0
Itga5,0
Zfp263,0
Cluap1,0
Glyr1,1
Pmm2,0
1810013L24Rik,0
Litaf,0
Gspt1,1
Cpped1,0
Pdxdc1,0
Mcm4,0
Ppm1f,0
Sdf2l1,0
Tmem191c,0
Klhl22,0
Ranbp1,1
Iglc2,0
Eif2b5,0
Abcf3,0
Alg3,0
2510009E07Rik,0
Tmem41a,0
Eif4a2,1
Sst,0
Lpp,0
Opa1,0
Ppp1r2,0
Bdh1,0
Pak2,0
Muc4,0
Fyttd1,0
Rpl35a,0
Osbpl11,0
Slc12a8,0
Itgb5,0
Pdia5,0
Slc15a2,0
Adprh,0
Poglut1,0
Lsamp,0
Gcsam,1
BC016579,0
Cd47,1
Nfkbiz,0
Tfg,0
Filip1l,0
Col8a1,0
Pros1,0
4930453N24Rik,0
Usp25,1
Cxadr,0
Atp5j,0
App,0
Ltn1,0
Usp16,0
Cct8,0
Map3k7cl,0
Ifngr2,0
Son,0
Clic6,0
Dyrk1a,0
Sh3bgr,0
Scaf8,1
Arid1b,0
Snx9,0
Sytl3,0
Map3k4,0
Zfp53,0
Thoc6,0
Prss32,0
Pgp,1
Ndufb10,0
Msrb1,0
Mapk8ip3,0
Mrps34,0
Rab11fip3,0
Axin1,1
Rgs11,1
Ergic1,0
Phf1,0
Bak1,0
Rps10,0
Rpl10a,0
Fkbp5,1
Fgd2,0
Brd4,0
Akap8,0
Tapbp,0
Rps18,0
H2-K1,0
Ring1,0
Rxrb,0
Brd2,0
H2-DMa,0
Tap1,0
H2-Ab1,0
H2-Aa,0
H2-Eb1,0
C4b,0
Dxo,0
Skiv2l,0
Nelfe,0
Slc44a4,0
Hspa1b,0
Csnk2b,1
Prrc2a,0
H2-D1,0
H2-Q6,0
Tubb5,0
2310061I04Rik,0
H2-T22,0
Rpp21,0
Tnfrsf21,1
Pla2g7,0
Cyp39a1,0
Cdc5l,0
Slc35b2,0
Hsp90ab1,1
Vegfa,0
Tbcc,0
Ubr2,1
Tbc1d5,1
Kat2b,1
Stap2,1
Sh3gl1,0
Plin3,0
Kdm4b,0
Safb,1
Ranbp3,0
Trip10,1
Cntnap5c,0
Vapa,0
Rab12,0
Galnt14,0
Xdh,0
Slc30a6,0
Nlrc4,0
Eif2ak2,0
Srsf7,0
Gemin6,0
Map4k3,0
Cox7a2l,1
Rhoq,1
Msh2,0
Mtpap,0
Svil,0
Zeb1,0
Arhgap12,0
Epc1,0
Wac,0
Esco1,1
Npc1,0
Dsc2,0
Mapre2,0
Fhod3,0
AW554918,0
Pik3c3,1
Wdr33,1
Map3k2,0
Srp19,0
Reep5,1
Cdc23,0
Ctnna1,0
Paip2,1
Ube2d2a,0
Pfdn1,0
Ankhd1,1
Hars,0
Zmat2,0
Pcdhb12,0
Gnpda1,0
Myot,0
Ythdc2,0
Ppic,0
Slc12a2,0
Csf1r,0
Pcyox1l,0
Txnl1,0
Fech,0
Afg3l2,0
Seh1l,0
Rnmt,0
Mbd1,0
Rpl17,0
Smad2,0
Nfatc1,0
Mbp,1
Zfp516,0
Cndp2,0
Timm21,0
Socs6,0
Tmx3,0
Chka,0
Ndufv1,0
Pitpnm1,0
Tmem134,0
Coro1b,0
Rps6kb2,0
Pcx,0
Mrpl11,0
Rab1b,0
Sf3b2,0
Banf1,0
Ctsw,1
Cfl1,0
Rela,0
Map3k11,0
Scyl1,0
Dpf2,0
Znhit2,0
Map4k2,0
Sf1,0
Gpr137,1
Plcb3,1
Nudt22,0
Cox8a,0
Mark2,0
Atl3,0
Wdr74,0
Tmem223,0
Ttc9c,0
B3gat3,0
Ahnak,1
Asrgl1,0
Incenp,0
Fth1,0
Dagla,0
Ddb1,0
Tmem132a,0
Tmem109,1
Prpf19,0
AW112010,0
Ms4a6c,0
Ms4a6b,0
Cep78,1
Pcsk5,0
Nmrk1,0
D030056L22Rik,0
Rfx3,0
Ermp1,0
Ranbp6,0
Sgms1,0
Atad1,0
Pank1,0
Tnks2,1
Exoc6,0
Ffar4,0
Cyp2c55,0
Aldh18a1,0
Tm9sf3,0
Pgam1,0
Mms19,1
R3hcc1l,0
Erlin1,0
Npm3,0
Nolc1,1
Neurl1a,1
Sfr1,1
Pdcd4,0
Bbip1,0
Casp7,0
Atrnl1,0
Cacul1,1
Eif3a,0
Csf2ra,0
Tbc1d25,0
Cybb,0
Gpr34,0
Maoa,0
Fundc1,0
Slc9a7,0
Uba1,0
Araf,1
Pgrmc1,0
Upf3b,0
6030498E09Rik,0
Stag2,0
Xpnpep2,0
Utp14a,0
Phf6,1
Htatsf1,0
Atp11c,1
Xlr4b,0
Abcd1,0
Irak1,1
Flna,0
Rpl10,0
Dnase1l1,0
Gdi1,0
G6pdx,0
Gab3,0
Pls3,0
Igbp1,1
Rps4x,0
Sh3bgrl,0
Pof1b,0
Nox1,0
Bhlhb9,0
Tceal8,0
Morf4l2,1
Slc25a53,0
Cldn2,0
Amot,0
Ubqln2,0
Rps6ka3,0
Sh3kbp1,1
Cdkl5,0
Rai2,0
Zrsr2,0
Tmsb4x,1
Tlr7,0
Prps2,0
Arhgap6,1
Ddx3y,0
mt-Co1,0
mt-Co2,1
mt-Nd3,0
