gene,label
2610203C22Rik,0
Cops5,0
Arfgef1,0
Ncoa2,0
Rpl7,0
Ube2w,0
Lmbrd1,0
Fam168b,0
Hs6st1,0
Cox5b,1
Aff3,0
Pdcl3,0
Rpl31,0
Fhl2,0
Nck2,1
Col5a2,0
Stat1,0
Gls,0
Nab1,1
Mfsd6,0
Plcl1,1
Spats2l,0
Sumo1,1
Raph1,0
Nrp2,0
Creb1,0
Acadl,0
Erbb4,0
Bard1,0
Fn1,0
Rpl37a,0
Tns1,1
Arpc2,0
Aamp,0
Zfp142,0
Cyp27a1,0
Nhej1,0
Stk16,0
Serpine2,0
Cul3,0
Tm4sf20,0
Pid1,1
Trip12,0
C130026I21Rik,0
Atg16l1,0
Mlph,0
Ramp1,0
Asb1,0
Hdlbp,0
Pam,0
Gli2,0
Dbi,1
Ccnt2,0
Rab3gap1,0
C4bp,0
Mapkapk2,1
Prelp,0
Adipor1,0
Ppp1r12b,0
Phlda3,1
Ptprc,0
Tpr,0
Smg7,0
Lamc1,0
Cacna1e,0
Ier5,0
Qsox1,1
Prdx6,1
Slc19a2,0
Atp1b1,1
Dpt,0
Pou2f1,0
Mgst3,0
Pbx1,1
Rgs5,0
Sdhc,0
Ndufs2,0
Alyref2,0
Cd84,0
Igsf8,0
Fh1,0
Zbtb18,0
Cox20,0
Pycr2,0
Lbr,0
Srp9,0
Capn2,0
Ppp2r5a,0
Dtl,1
Kcnh1,0
Cd34,0
Optn,0
Ccdc3,1
Atp5c1,0
Rsu1,1
Stam,0
Pip4k2a,1
Etl4,0
Arhgap21,0
Gpr158,0
Apbb1ip,1
Abi1,1
Mrpl41,0
Ssna1,0
Ubac1,0
Surf6,0
Rpl7a,0
Surf1,0
Surf4,0
Cacfd1,0
Ralgds,0
Rapgef1,1
Gle1,0
Set,0
Sh3glb2,0
Hmcn2,0
Fibcd1,0
Prrc2b,0
Fam102a,0
St6galnac6,0
Fpgs,0
Cdk9,0
Angptl2,0
Pbx3,1
Psmd5,0
Cutal,0
Rab14,0
Gsn,0
Dab2ip,0
Ttll11,0
Ndufa8,0
Pdcl,0
Rpl35,0
Ppp6c,0
Mbd5,0
Upp2,0
Ly75,0
Cers6,0
Spc25,0
Ssb,0
Gorasp2,0
Dync1i2,0
Cdca7,0
Ola1,1
Agps,0
Rbm45,0
Ttn,0
Cwc22,0
Nckap1,1
Itgav,0
Ctnnd1,1
Serping1,1
Ube2l6,0
Ssrp1,0
Madd,0
Dgkz,1
Cd82,0
Hsd17b12,0
Pamr1,0
Ehf,0
Caprin1,1
Hipk3,1
Qser1,0
Ccdc73,0
Arl14ep,0
Mettl15,0
Nop10,0
Fam98b,1
Ppp1r14d,0
Chp1,1
Mga,1
Haus2,0
Pdia3,0
Mfap1a,0
B2m,0
Slc30a4,0
Itpripl1,0
Mall,0
Tmem87b,0
Tgm3,0
Snrpb,0
Adam33,0
Smox,1
9630028H03Rik,0
Ndufaf5,0
Naa20,0
Cst3,0
H13,0
Pofut1,0
Chmp4b,0
Ahcy,0
Dynlrb1,1
Gss,0
Trpc4ap,0
Procr,0
Romo1,0
Samhd1,1
Rpn2,0
Blcap,0
Fam83d,1
Serinc3,0
Pkig,0
Ywhab,1
Wfdc2,0
Ctsa,0
Pltp,0
Rnf114,0
Atp9a,1
Zfp64,1
Zfp217,0
Bcas1,0
Zbp1,0
Vapb,0
Gnas,1
Atp5e,0
Psma7,0
Rps21,0
Ythdf1,1
Rgs19,0
Hey1,1
Tpd52,0
Chmp4c,1
Ythdf3,0
Gyg,0
Fndc3b,1
Rpl22l1,0
Prkci,0
Pik3ca,0
Ndufb5,0
Fxr1,0
Dnajc19,0
Atp11b,0
Cog6,0
Ufm1,0
Postn,0
Supt20,0
Alg5,0
Rfxap,0
Nbea,0
Serp1,1
Eif2a,0
P2ry14,1
Igsf10,1
Arhgef26,0
Mfsd1,0
B3galnt1,0
Lrba,0
Hdgf,0
Lmna,0
Ssr2,0
Rit1,0
Scamp3,0
Krtcap2,0
Adar,0
Tpm3,0
Rps27,0
Ilf2,0
S100a1,1
S100a13,1
S100a4,1
S100a6,1
Sprr2a3,0
Pogz,0
Psmd4,0
Setdb1,0
Arnt,1
Ctss,0
Golph3l,0
Mcl1,0
Adamtsl4,0
Plekho1,0
Otud7b,1
Bola1,0
Pias3,0
Hmgcs2,0
Hao2,0
Atp1a1,1
Hipk1,0
Rhoc,1
Capza1,0
Rap1a,0
Ahcyl1,0
Gstm2,0
Gstm1,0
Gnai3,0
Celsr2,0
Vcam1,1
Cnn3,0
Fnbp1l,0
Camk2d,0
Ostc,0
Papss1,0
Nfkb1,0
Dnajb14,0
Rap1gds1,0
Gbp3,0
Gbp2,0
Lmo4,0
Ddah1,0
Pigk,0
Acadm,0
Slc44a5,0
Cth,0
Wls,1
Asph,0
Plekhf2,0
Decr1,0
Ndufaf4,0
Casp8ap2,0
Ube2j1,0
Slc35a1,0
Mob3b,1
Lingo2,1
Ddx58,1
Ndufb6,0
B4galt1,0
Bag1,0
Nol6,0
Dcaf12,0
Ubap1,0
Il11ra1,0
Ccl21a,0
Tpm2,0
Zcchc7,0
Grin3a,0
Slc44a1,0
Rad23b,0
Klf4,0
Txn1,0
Lpar1,0
Alad,0
Atp6v1g1,0
Tnc,0
Cdk5rap2,0
Psip1,1
Plin2,0
Rps6,0
Acer2,0
Focad,0
Klhl9,0
Plaa,1
Cyp2j6,0
Tm2d1,0
Leprot,0
Insl5,0
Tmem59,0
Lrp8,1
Nrd1,0
Osbpl9,0
Eps15,0
Ttc39a,0
Agbl4,1
Skint3,0
Pomgnt1,0
Tspan1,1
Pik3r3,0
Mast2,1
Toe1,0
Hectd3,0
Eif2b3,0
Rps8,0
Scmh1,1
Macf1,0
Inpp5b,1
Meaf6,0
Zc3h12a,0
Map7d1,0
5730409E04Rik,0
Psmb2,0
Zmym4,1
Khdrbs1,1
Mecr,0
Trnau1ap,0
Phactr4,0
Atpif1,1
Rpa2,0
Tmem222,0
Wdtc1,1
Pigv,1
Pnrc2,0
Pithd1,1
C1qb,0
C1qc,0
Epha8,0
Cdc42,0
Hspg2,0
Hp1bp3,1
Ddost,0
Rnf186,0
Sdhb,1
Necap2,0
Fbxo42,0
Hspb7,0
Pdpn,0
Mfn2,1
Plod1,0
Mtor,0
Srm,0
Tardbp,0
Ube4b,0
Rpl22,0
Lrrc47,0
Rer1,0
Gnb1,1
Cdk11b,0
Mmp23,0
Ube2j2,0
Sdf4,0
Ankib1,1
Krit1,0
Sri,0
Magi2,0
Ptpn12,0
Fgl2,0
Armc10,1
Reln,0
Fastk,0
Agap3,0
Chpf2,0
Hadhb,0
Mapre3,0
Ost4,0
Ppm1g,0
Nrbp1,0
Mrpl33,0
Spon2,1
Htt,0
Hgfac,0
Htra3,0
Clnk,1
Med28,1
Pcdh7,0
Pgm2,0
Ube2k,0
Rbm47,0
Limch1,1
Slain2,1
Ociad2,1
Chic2,0
Pdgfra,0
Ugt2b34,0
G3bp2,1
Stbd1,0
Ccni,0
Fras1,1
Anxa3,1
Hnrnpd,1
Sec31a,0
Coq2,0
Mrps18c,0
Cds1,0
Arhgap24,0
Tgfbr3,0
Gfi1,0
Atp5k,0
Dgkq,1
Chfr,0
Golga3,0
Noc4l,0
Ep400,0
Ulk1,1
2900026A02Rik,0
Sart3,1
Tmem119,1
Coro1c,1
Ssh1,0
Ube3b,0
Fam222a,0
Sppl3,1
Pop5,0
Pxn,0
Rplp0,0
BC051077,0
Ptpn11,1
Trafd1,0
Tctn1,1
Zcchc8,0
Vps37b,1
Arl6ip4,0
Eif2b1,0
Tmem132d,0
Tmem248,0
Tyw1,0
Auts2,0
Gtf2i,0
Clip2,0
Cldn3,0
Dnajc30,0
Ywhag,1
Rasa4,0
Polr2j,0
Ephb4,0
Ppp1r35,1
Lamtor4,1
Zfp68,0
Pdgfa,0
Snx8,0
Eif3b,0
Chst12,1
Gna12,1
Foxk1,1
Bri3,0
Arpc1b,0
Pdap1,0
Bud31,1
Atp5j2,0
Zkscan14,0
Zkscan5,1
Rpl21,0
Lnx2,0
Polr1d,0
Katnal1,0
Col1a2,0
Casd1,0
Ndufa4,0
2610001J05Rik,0
Tfec,0
Tspan12,1
Arf5,0
Irf5,0
Smo,0
Mkln1,0
Podxl,0
9330158H04Rik,0
Creb3l2,0
Tmem213,0
Agk,0
Mgam,0
1700074P13Rik,0
Sval3,0
Cntnap2,0
Zfp956,0
Rarres2,0
Gimap8,0
Tmem176b,1
Malsu1,1
Igf2bp3,0
Tra2a,1
Wipf3,0
Znrf2,0
Nt5c3,0
Vopp1,0
Fam13a,1
Atoh1,1
Igkc,0
Rpia,0
Kdm3a,0
Rnf181,0
Mat2a,0
Kcmf1,0
Suclg1,0
Tet3,1
Tex261,1
Dysf,0
Spr,0
Cct7,0
Snrpg,0
Pcbp1,0
Rab43,0
Rpn1,0
Sec61a1,0
Mcm2,0
Fbln2,0
Chchd4,0
Xpc,0
Mrps25,0
Frmd4b,0
Chl1,1
Edem1,1
Srgap3,1
Thumpd3,0
Gt(ROSA)26Sor,0
Tada3,0
Atg7,0
Rpl32,0
Tmcc1,0
Zfp422,1
Cxcl12,0
Hnrnpf,0
Adipor2,0
Fbxl14,0
Wnk1,0
Pex26,0
Mfap5,0
Apobec1,0
Foxj2,1
C3ar1,0
Lpcat3,0
Emg1,0
Phb2,1
Atn1,0
Tpi1,0
Usp5,0
Mlf2,1
Gapdh,1
Scnn1a,0
Ccnd2,0
Clec2d,0
Klra7,0
Gprc5a,0
Mgp,0
Eps8,0
Strap,1
Kcnj8,0
Cmas,0
D6Ertd474e,0
Kras,0
Sspn,0
Ergic2,0
Myadm,1
Ppp6r1,0
Rpl28,0
Zfp579,0
Epn1,0
Sae1,0
Zc3h4,1
Calm3,1
Irf2bp1,1
Snrpd2,0
Vasp,0
Clptm1,1
Apoc2,0
Apoe,0
Ceacam20,1
Ceacam10,0
Rabac1,0
Cyp2s1,0
Ltbp4,0
Shkbp1,1
Fbl,0
Zfp36,1
Sycn,0
Actn4,0
Zfp568,1
Polr2i,0
Tmem147,0
Usf2,0
Fxyd3,0
Lrp3,1
Tshz3,1
2310002F09Rik,0
Atf5,1
Tbc1d17,0
Med25,0
Prmt1,0
Rras,0
Prrg2,1
Rps11,0
Rpl13a,0
Nucb1,1
Ppp1r15a,0
Fut2,0
Nomo1,0
Gtf2h1,1
Nav2,0
Herc2,0
Atp10a,0
Mcee,0
Tm2d3,0
Slco3a1,1
Ntrk3,0
Mfge8,0
Idh2,0
Zfp592,0
Pde8a,0
Whamm,1
Homer2,0
Zfand6,1
2310010J17Rik,0
Sytl2,0
Crebzf,1
Dlg2,0
Prcp,0
Alg8,0
Ndufc2,0
Aamdc,1
Dgat2,0
Rps3,0
Spcs2,0
Lipt2,0
Kcne3,0
Ucp2,0
Coa4,0
Arhgef17,0
Pde2a,1
Rhog,1
Trim21,0
Smpd1,0
Mrpl17,0
Eif3f,0
Rnf141,0
Lyve1,0
Spon1,1
Tmem159,0
Uqcrc2,0
Mettl9,0
Dctn5,0
Coro1a,1
Ppp4c,1
Aldoa,0
Zfp768,0
Prr14,0
Fus,1
Trim72,1
Fgfr2,0
Dock1,0
Clrn3,0
Ptpre,1
Ppp2r2d,0
Mtg1,1
Nlrp6,1
Lrrc56,0
Rassf7,1
Rplp2,0
Tspan4,1
Chid1,1
Cdkn1c,0
Ccnd1,0
Arhgef18,0
Pet100,0
Tubgcp3,0
Fbxo25,0
Angpt2,0
Vps36,0
Sfrp1,0
Fnta,0
Sgcz,0
Zdhhc2,1
Asah1,0
Slc25a4,0
Ing2,0
Dctd,0
4930555F03Rik,0
Aga,0
Mfap3l,0
Sh3rf1,0
Csgalnact1,0
Lzts1,0
Atp13a1,0
Gatad2a,1
Upf1,0
Nr2f6,1
Dda1,0
B3gnt3,0
Zfp961,0
Rab8a,0
Arhgap10,1
Smad1,1
Otud4,0
Il15,0
Gipc1,0
Prkaca,0
Dcaf15,1
Nacc1,1
Nfix,0
Farsa,0
Wdr83,0
Man2b1,0
Vps35,0
Heatr3,0
Adcy7,0
Tox3,0
Chd9,0
Fto,0
Mt2,0
Mt1,0
Nup93,0
Arl2bp,0
Dok4,1
Zfp319,1
Got2,0
Bean1,0
Nae1,0
Psmb10,0
Nfatc3,1
Slc7a6os,0
Cdh1,0
Nfat5,0
Psmd7,0
Ap1g1,0
Marveld3,1
Chst4,0
Cog4,0
Pdpr,0
Mlkl,0
Gabarapl2,1
Nudt7,0
Cmc2,0
Cmip,0
Vps9d1,0
Rbm34,0
Itgb1,0
Gucy1a2,0
Casp4,0
Birc2,0
Birc3,0
Arhgap42,0
Cntn5,0
Pin1,1
Eif3g,0
Icam1,0
Ap1m2,0
Ilf3,0
Carm1,1
Tmem205,0
Prkcsh,0
Zfp810,0
Vps26b,0
Opcml,0
St14,0
Arhgap32,0
Stt3a,0
Arhgef12,0
Thy1,0
Dpagt1,0
Phldb1,1
Tagln,0
Rexo2,0
Ncam1,1
Sdhd,0
Dlat,0
Idh3a,0
Psma4,0
Chrnb4,0
Ube2q2,0
Tspan3,1
Hmg20a,1
Cspg4,0
Cox5a,1
Scamp2,0
Stoml1,1
Nptn,0
Neo1,0
Arih1,0
Hexa,0
Rplp1,0
Cln6,0
Smad3,0
Rpl4,0
Snapc5,0
Tipin,1
Spg21,0
Snx1,0
Dapk2,0
Herc1,0
Tpm1,0
Rora,1
Anxa2,1
Tcf12,0
Rab27a,1
Rsl24d1,0
Arpp19,0
Cox7a2,1
Myo6,0
Phip,0
Mthfs,0
Slc9a9,0
Tfdp2,0
Stag1,0
Pccb,0
Anapc13,0
Amotl2,0
Ryk,0
Srprb,0
Acpp,1
Rpl29,0
Manf,0
Rhoa,1
Gpx1,1
Qars,0
Ip6k2,0
Shisa5,0
Ccdc51,0
Dhx30,0
Ubp1,1
Cnot10,1
Dync1li1,0
Cmtm8,0
Tgfbr2,0
Rbms3,0
Golga4,0
Acaa1a,0
Wdr48,0
Rpsa,1
Rpl14,0
Ctnnb1,0
Snrk,0
Zdhhc3,0
Clec3b,0
Cdcp1,1
Lars2,0
Limd1,1
Sacm1l,0
Ccr2,0
Ccr5,0
Pcmt1,0
Lats1,1
Stxbp5,0
Myb,1
Rps12,0
Stx7,0
Med23,0
Arg1,0
Akap7,0
Lama2,0
Trmt11,0
Hint3,0
Marcks,0
Sesn1,0
Nus1,0
Slc35f1,0
Smpdl3a,0
Pcbd1,0
Sar1a,0
Nrbf2,0
Ccdc6,0
Bicc1,0
Chchd10,0
Col6a2,0
Rrp1,0
Misp,0
Med16,1
Tmem259,1
Atp5d,0
Rps15,0
Tcf3,0
Mknk2,1
Map2k2,1
Zbtb7a,1
Hmg20b,1
Fzr1,1
Nfyb,0
Rtcb,0
Timp3,0
Gnptab,0
Mybpc1,0
Arl1,0
Socs2,1
Mrpl42,0
Atp2b1,0
Nav3,0
Atxn7l3b,1
Tspan8,1
Ptprr,0
Lyz2,0
Rap1b,0
Grip1,0
Tmbim4,1
Msrb3,0
Tbc1d30,1
Gns,0
Arhgef25,1
Myo1a,0
Cnpy2,0
Smarcc2,0
Rpl41,0
Rnf185,1
Smtn,0
Tcn2,0
Tbc1d10a,0
Xbp1,0
Dbnl,0
Ykt6,0
Nudcd3,0
Igfbp3,0
Upp1,0
Ddc,0
4930554G24Rik,0
Wdr92,0
C1d,0
Ugp2,0
Otx1,0
Cct4,0
Xpo1,0
Usp34,1
Rtn4,0
Bod1,1
Cpeb4,1
Mpg,0
Stk10,0
Npm1,0
Slit3,0
Rars,0
Pttg1,0
Trim41,0
Mgat1,0
Flt4,0
Cnot6,1
Mapk9,1
Mgat4b,0
Maml1,0
Canx,0
Col23a1,0
Sar1b,0
Ppp2ca,0
Uqcrq,0
Pdlim4,0
Slc36a1,0
Atox1,0
Mfap3,0
Sap30l,1
Lypd8,0
2310033P09Rik,0
Mprip,0
Rai1,0
Ubb,1
2410006H16Rik,0
Cox10,1
Map2k4,1
Gas7,0
Slc25a35,0
Vamp2,0
Chd3,0
Naa38,1
Polr2a,0
Zbtb4,1
Tmem256,0
Gabarap,0
Acadvl,0
Slc25a11,0
Pfn1,0
Eno3,0
Camta2,0
Nup88,0
Ggt6,0
Ube2g1,0
Ovca2,0
Cpd,0
Blmh,0
Ssh2,1
Traf4,1
Supt6,0
Slc13a2,0
Lgals9,0
Wsb1,0
Nf1,1
Zfp207,0
Myo1d,0
Asic2,0
Ccl8,0
Slfn4,0
Ap2b1,0
Ccl9,0
Ccl6,0
Synrg,0
Vmp1,0
Srsf1,0
Mbtd1,1
Eme1,0
Mrpl27,0
Slc35b1,0
Zfp652,0
Hoxb6,0
Kpnb1,0
Mrpl45,0
Mllt6,1
Cisd3,0
Fbxl20,0
Ppp1r1b,1
Stard3,0
Nr1d1,0
Casc3,0
Smarce1,0
Krt20,0
Eif1,1
Jup,0
Acly,0
Cnp,0
Rab5c,0
Becn1,0
Psme3,0
Etv4,1
Ppy,1
Pyy,1
Ubtf,0
Fzd2,0
Eftud2,0
Hexim1,0
Arhgap27,0
Cdc27,0
Efcab3,0
Ace,1
Ftsj3,0
Ddx5,1
Abca8b,0
Slc39a11,0
Rpl38,0
Ttyh2,0
Rab37,0
Sumo2,1
Mrps7,0
Grb2,1
Smim6,1
Wbp2,0
Fbf1,0
Ten1,0
Prpsap1,0
Cygb,0
Srsf2,0
Tmc8,0
Pgs1,0
Lgals3bp,0
Cant1,0
Engase,0
Cbx4,1
Rnf213,0
Slc38a10,0
Hgs,0
Arhgdia,1
Anapc11,0
Gps1,1
Hexdc,0
Ddx1,0
Pdia6,0
Odc1,0
Rps7,0
Sypl,0
Agr2,0
Tspan13,1
Dgkb,0
Arl4a,0
Arhgap5,0
Sptssa,0
Cfl2,1
Baz1a,0
Psma6,0
Ralgapa1,0
Mipol1,0
Pnn,0
Arf6,0
Mnat1,0
Slc38a6,0
Snapc1,0
Wdr89,0
Fntb,0
Gpx2,0
Mpp5,0
Eif2s1,0
Plek2,0
Pigh,0
Srsf5,0
Pcnx,0
Rbm25,1
Psen1,0
Dlst,0
Nek9,0
Snw1,0
Nrxn3,0
4930544I03Rik,0
Cep128,0
Calm1,0
Fbln5,0
Golga5,0
Otub2,0
Ifi27l2a,0
Ifi27l2b,0
Serpina3n,0
Glrx5,0
Meg3,0
Hsp90aa1,0
Zfp839,0
Tecpr2,0
Amn,0
Eif5,0
Mark3,0
Ckb,0
Zfyve21,0
Zbtb42,0
Mta1,0
Igha,0
Dip2c,0
Pou6f2,0
Vps41,0
Stard3nl,0
Epdr1,0
Acot13,0
Gpld1,0
Dusp22,1
Irf4,1
Serpinb1a,0
Serpinb9,0
Serpinb6a,0
Tubb2a,0
Prpf4b,1
Ssr1,0
Smim13,0
Mcur1,1
Jarid2,0
Nup153,0
Ecm2,0
Iars,0
Auh,0
4833439L19Rik,0
Cltb,0
Nsd1,0
Rab24,0
Prelid1,0
Grk6,0
Ddx41,0
Fam193b,0
Caml,1
Pcbd2,1
Idnk,0
2210016F16Rik,0
Dapk1,0
Ctsl,0
Rsl1,0
Nsun2,0
Med10,0
Lpcat1,0
Exoc3,0
Ccdc127,0
Hapln1,0
Tmem167,0
Rps23,0
Thbs4,0
Ap3b1,0
Zbed3,0
F2rl1,0
F2r,1
Sv2c,0
Tnpo1,0
Ptcd2,1
Naip5,0
Naip6,0
Naip1,0
Mast4,0
Pde4d,1
Ndufs4,0
Itga1,0
Nnt,0
Hmgcs1,0
Ube2e2,1
Il3ra,0
Thoc7,0
Ecd,1
Mrps16,0
Anxa7,0
Kcnma1,0
Rps24,0
Zmiz1,0
Zcchc24,0
Dennd6a,1
Chdh,0
Tkt,0
Mustn1,1
Pbrm1,0
Stab1,0
Bap1,1
Sh3bp5,1
Arhgap22,1
2610528A11Rik,0
Ghitm,1
Tspan14,1
Bmp4,0
Lgals3,1
Ktn1,0
Ttc5,1
Parp2,0
Mettl3,0
Dad1,0
Psmb5,0
Dcaf11,0
Psme1,0
Tinf2,0
Pspc1,0
Mipep,0
Kpna3,0
Trim13,0
Ctsb,0
Ints9,0
Ptk2b,1
Adamdec1,0
Ccar2,1
Reep4,0
Dok2,0
Rcbtb2,0
Lpar6,0
Lrch1,0
Lcp1,0
Tsc22d1,0
Wbp4,0
Klf5,0
Tbc1d4,0
Lmo7,0
Gpr180,1
Dnajc3,0
Mbnl2,0
Clybl,1
Oxct1,0
Rpl37,0
Lifr,0
Prlr,0
C1qtnf3,1
Adamts12,1
Tars,0
Zfr,0
Golph3,0
Zfp622,0
Sdc2,0
Cpq,0
Rpl30,0
Vps13b,0
Cox6c,1
Pabpc1,0
Ncald,1
Dcaf13,0
Rims2,0
Oxr1,1
Wdyhv1,0
Ndufb9,0
Mtss1,1
Trib1,1
Gsdmc4,0
Kcnq3,1
Trappc9,0
Gpr20,1
Ptp4a3,0
Ly6c1,0
Gsdmd,1
Eef1d,0
Sharpin,1
Hsf1,1
Adck5,0
Slc39a4,0
Arhgap39,0
Rpl8,0
Apol6,0
Rbfox2,0
Txn2,1
Sh3bp1,0
H1f0,0
Ankrd54,1
Polr2f,0
Tomm22,0
Apobec3,0
Rpl3,0
Tnrc6b,1
Ep300,1
Tef,0
Aco2,0
Ndufa6,0
A4galt,0
Fbln1,0
Atxn10,0
Trabd,0
Lmf2,0
Chkb,0
Rabl2,0
Twf1,0
Arid2,1
Slc38a2,1
Pced1b,0
Senp1,0
Kansl2,0
Prkag1,0
Tuba1b,0
Tuba1a,0
Tuba1c,0
Pou6f1,1
Krt7,0
Eif4b,0
Tarbp2,0
Calcoco1,1
Hnrnpa1,1
Copz1,0
Zfp263,0
Smim22,1
Glyr1,1
Ubn1,0
Usp7,0
1810013L24Rik,0
Zc3h7a,0
Gspt1,1
Pla2g10,0
Mcm4,0
Pkp2,0
Sdf2l1,0
Aifm3,0
Med15,0
Klhl22,0
Slc25a1,0
Ranbp1,1
Comt,0
Mrpl40,0
Eif2b5,0
Ap2m1,0
Abcf3,0
Alg3,0
Psmd2,0
2510009E07Rik,0
Tra2b,0
Eif4a2,1
Fgf12,0
Opa1,0
Ppp1r2,0
Rpl35a,0
Muc13,0
Fam162a,1
Ndufb4,0
Naa50,0
Cd200,1
Tfg,0
St3gal6,0
Cxadr,0
App,0
Adamts5,0
Ltn1,0
Usp16,0
Map3k7cl,0
Scaf4,0
Paxbp1,1
Gart,0
Son,0
Clic6,0
Cbr3,0
Dyrk1a,0
Hmgn1,0
Sh3bgr,0
Scaf8,1
Tiam2,0
Slc22a1,0
Wtap,1
Zfp942,0
Atp6v0c,0
Pgp,1
Traf7,0
Rps2,0
Snhg9,0
Mapk8ip3,0
Ube2i,0
Stub1,0
Rab11fip3,0
Nme4,0
Axin1,1
Ergic1,0
Atp6v0e,0
Phf1,0
Bak1,0
Rps10,0
Snrpc,0
Rpl10a,0
Srpk1,1
Srsf3,0
Mtch1,0
Slc37a1,0
Ndufv3,0
U2af1,0
Wiz,1
Cyp4f14,0
Hnrnpm,0
Ndufa7,0
Tapbp,0
H2-K1,0
Brd2,0
Tap1,0
Psmb8,0
Tap2,0
H2-Ab1,0
H2-Aa,0
Agpat1,1
C4b,0
Stk19,1
Nelfe,0
1110038B12Rik,0
Abhd16a,0
Csnk2b,1
2310061I04Rik,0
Trim26,0
Tnfrsf21,1
Cyp39a1,0
Clic5,0
Cdc5l,0
Slc35b2,0
Hsp90ab1,1
F630040K05Rik,0
Vegfa,0
Klc4,0
Ubr2,1
Nfya,1
Daam2,1
Kcnh8,0
Sh3gl1,0
Plin3,0
Ndufa11,0
Acer1,0
Khsrp,0
Twsg1,1
Rab12,0
Ptprm,0
Lama1,0
Smchd1,0
Ndc80,0
Lclat1,0
Xdh,0
Yipf4,0
Strn,1
Map4k3,0
Cox7a2l,1
Lrpprc,1
Ppm1b,0
Epcam,0
Msh2,0
Zeb1,0
Epc1,0
Wac,0
Ccny,0
Mib1,0
Mep1b,0
Mapre2,0
Wdr33,1
Map3k2,0
Srp19,0
Reep5,1
Sil1,0
Paip2,1
Ube2d2a,0
Cystm1,0
Hars,0
Zmat2,0
Pcdhb12,0
Gnpda1,0
Yipf5,1
Lars,0
Myot,0
Mcc,0
Phax,0
Lmnb1,0
Rbm22,0
Cdx1,0
Hmgxb3,0
Csnk1a1,1
Pcyox1l,0
Txnl1,0
Wdr7,1
Atp8b1,0
Lman1,0
Seh1l,0
Rnmt,0
Smad4,1
Myo5b,0
BC031181,0
Smad2,0
Pias2,0
Atp5a1,0
Txnl4a,0
Dok6,0
Mrpl21,0
Chka,0
Ndufs8,0
Ndufv1,0
Cdk2ap2,0
Ppp1ca,1
Kdm2a,0
Yif1a,0
Sf3b2,0
Banf1,0
Drap1,0
Cfl1,0
Kat5,1
Ehbp1l1,0
Capn1,0
Sf1,0
Gpr137,1
Dnajc4,0
Stip1,0
Macrod1,0
Cox8a,0
Naa40,0
Atl3,0
Chrm1,0
Slc3a2,1
Ttc9c,0
Ganab,0
Mta2,1
Ahnak,1
Tmem258,0
Syt7,1
Tmem109,1
Prpf19,0
Ms4a7,1
D030056L22Rik,0
Zfand5,0
Pgm5,0
Sgms1,0
Pten,0
Slc16a12,0
Exoc6,0
Myof,0
Ffar4,0
Aldh18a1,0
Tm9sf3,0
Pgam1,0
Mms19,1
Marveld1,0
R3hcc1l,0
Nkx2-3,0
Erlin1,0
Chuk,0
Scd1,0
Sema4g,0
Mrpl43,0
Btrc,0
Nolc1,1
Cuedc2,1
Trim8,1
Neurl1a,1
Sfr1,1
Sorcs1,0
4833407H14Rik,0
Casp7,0
Trub1,0
Atrnl1,0
Otud5,0
Timm17b,0
Glod5,0
Tbc1d25,0
Dynlt3,0
Tspan7,1
Mid1ip1,1
Cask,0
Maoa,0
Slc9a7,0
Uba1,0
Il13ra1,0
Pgrmc1,0
Slc25a5,0
Stag2,0
Aifm1,0
Hprt,0
Fhl1,0
Atp11c,1
Ids,0
Bgn,0
Slc6a8,0
Ssr4,0
Emd,0
Atp6ap1,0
Gdi1,0
Lage3,0
G6pdx,0
Pls3,0
Tbl1x,1
Rps4x,0
Atrx,1
Atp7a,0
Itm2a,0
Nox1,0
Hnrnph2,0
Morf4l2,1
Rnf128,0
Cldn2,0
Tsr2,0
Smc1a,0
Sat1,1
Rps6ka3,0
Sh3kbp1,1
Pdha1,0
Rbbp7,1
Pir,1
Piga,0
Ddx3y,0
mt-Nd1,0
mt-Co1,0
mt-Co2,1
mt-Atp6,0
