gene,label
Prex2,0
Rpl7,0
Gsta3,0
Smap1,0
Col19a1,0
Wdr75,0
Pgap1,0
Hspe1,0
Spats2l,0
Nop58,0
Fam117b,0
Abi2,0
Nrp2,1
Eef1b2,0
Rpl37a,0
Bcs1l,0
Ihh,0
Zfand2b,0
Cab39,0
B3gnt7,0
Dgkd,0
Col6a3,0
Ilkap,0
Hdlbp,0
Stk25,0
Phlpp1,0
Dsel,0
Slc45a3,0
Mdm4,0
Ppp1r15b,0
Snrpe,0
Adipor1,1
Arl8a,0
Aspm,0
Ivns1abp,0
Smg7,0
Xpr1,1
Acbd6,0
Qsox1,0
Tor1aip2,0
Soat1,0
Mrps14,0
Gas5,1
Prdx6,0
Vamp4,0
Tiprl,0
Mpc2,0
Uap1,0
Nos1ap,0
Fcgr2b,1
Tstd1,0
Dcaf8,0
Aim2,0
Cox20,0
Acbd3,0
H3f3a,0
Tmem63a,0
Srp9,0
Degs1,1
Fbxo28,0
Capn2,0
Mia3,1
Smyd2,0
Cdnf,0
Phyh,0
Atp5c1,0
Rsu1,0
Plxdc2,0
Commd3,0
Etl4,0
Yme1l1,0
Nsmf,0
Man1b1,0
Sapcd2,0
Inpp5e,0
Rpl7a,1
Surf4,0
Col5a1,0
Mrps2,0
Endog,0
Exosc2,0
Pomt1,0
Swi5,0
Ndufa8,0
Golga1,0
Nmi,0
Rbms1,0
Dpp4,0
Galnt3,0
Scn1a,0
Spc25,0
Ssb,0
Ubr3,0
Dync1i2,0
Hnrnpa3,0
Cwc22,0
Zdhhc5,0
Serping1,0
Slc43a3,0
Ssrp1,0
Ptprj,1
Mtch2,0
Madd,0
1110051M20Rik,0
Arhgap1,0
Ambra1,0
Chst1,0
Trp53i11,0
Cd82,0
Lrrc4c,0
Pamr1,0
Cd44,1
Cat,0
Caprin1,0
Rcn1,0
Elp4,0
Nop10,0
Spred1,0
Chp1,0
Snap23,1
Ckmt1,0
B2m,0
Sord,0
Sema6d,0
Secisbp2l,0
Hdc,0
Sppl2a,0
Snrnp200,0
Bub1,0
Acoxl,0
Idh3b,0
4930402H24Rik,0
Chgb,0
Jag1,1
Macrod2,0
Cd93,1
Cst3,0
Tbc1d20,0
Trp53inp2,0
Gss,0
Edem2,0
Ergic3,0
Rbm39,1
Phf20,0
Myl9,0
Rprd1b,0
Ptprt,1
Srsf6,0
Hnf4a,0
Sdc4,1
Wfdc2,0
Acot8,0
Atp9a,0
Tshz2,0
Zbp1,0
Nelfcd,0
Ctsz,0
Cables2,0
Ppdpf,0
Sox18,0
Tpd52,0
Impa1,0
E2f5,0
Car13,0
Car1,0
Car2,0
Skil,1
Anxa5,0
Exosc9,0
Naa15,0
Foxo1,0
Postn,0
Supt20,0
Commd2,0
4930593A02Rik,0
Aadac,0
P2ry1,1
Pdcd10,0
Fstl5,0
Rapgef2,1
Gria2,0
Plrg1,0
Mnd1,0
Sh3d19,1
Mab21l2,0
Lmna,0
Rab25,0
Lamtor2,0
Clk2,0
Fam189b,0
Cks1b,0
Adar,0
Ubap2l,0
Nup210l,0
Rps27,0
Jtb,0
Chtop,0
S100a14,0
S100a16,0
S100a11,0
S100a10,0
Psmb4,0
Selenbp1,0
Ctsk,0
Ctss,0
Ensa,1
Mrps21,0
Mtmr11,0
Sf3b4,0
Rnf115,1
Pde4dip,0
Sec22b,0
Man1a2,0
Ptgfrn,0
Atp1a1,0
Rhoc,0
Rap1a,0
Wdr77,1
Dram2,0
Strip1,0
Eps8l3,1
Gstm5,0
Gstm2,0
Psma5,0
Slc30a7,0
Dbt,0
Cnn3,0
Fabp2,0
Col25a1,0
Ostc,0
Papss1,0
Ube2d3,0
Ppp3ca,0
Adh1,0
Eif4e,0
Rap1gds1,0
Pdlim5,0
Sh3glb1,0
Gng5,0
Gipc2,0
Fubp1,0
St6galnac3,0
Cryz,0
Zranb2,0
Trp53inp1,0
Otud6b,0
Ube2j1,0
Lingo2,0
Aco1,0
Spink4,0
Chmp5,1
Ube2r2,0
Ccdc107,0
Car9,0
Creb3,0
Rgp1,0
Reck,0
Clta,1
Sec61b,0
Erp44,0
Aldob,0
Slc44a1,0
Tmem245,0
Txn1,0
Ptbp3,0
Slc31a1,0
Kdm4c,0
Ptprd,0
Frem1,0
Ttc39b,0
Plin2,0
Mllt3,0
Usp1,0
Pde4b,0
Zfyve9,1
Osbpl9,1
Skint1,0
Pomgnt1,0
Mast2,0
Prdx1,0
Rps8,0
Eri3,0
Ptprf,1
Zmpste24,0
Ppt1,0
Cap1,0
Trit1,0
Macf1,0
4933427I04Rik,0
Sf3a3,0
Sh3d21,0
Thrap3,0
Ago1,0
A630031M04Rik,0
Ak2,0
Rbbp4,0
Snrnp40,0
Pum1,0
Laptm5,0
Srsf4,0
Taf12,0
Wdtc1,0
Sfn,0
Stmn1,0
Mtfr1l,0
Man1c1,0
Tmem50a,0
Gale,0
Lypla2,0
Pithd1,0
Ephb2,1
Cdc42,0
Usp48,0
Rap1gap,1
Ece1,0
Ddost,0
Sdhb,0
Necap2,0
Fbxo42,0
Tardbp,0
Tmem201,0
Park7,1
Thap3,0
Rpl22,0
Cdk11b,0
Atad3a,0
B3galt6,0
Cyp51,0
Crot,0
Dmtf1,0
Sema3c,1
Armc10,0
Reln,0
6030443J06Rik,0
Cnpy1,0
Rbm33,0
Tyms,0
Cenpa,0
Ost4,0
Ppm1g,0
Nrbp1,0
Sh3tc1,0
Afap1,0
Bloc1s4,0
Wdr1,0
Ldb2,0
Sod3,0
Sel1l3,0
Rbpj,0
Stim2,0
Rfc1,0
Smim14,0
Apbb2,0
Pdgfra,1
Noa1,0
Ugt2b5,0
Grsf1,0
Alb,1
Pf4,0
Rchy1,0
Sdad1,0
Hnrnpd,0
Hnrnpdl,0
Sec31a,0
Plac8,0
Coq2,0
Sparcl1,0
Zfp326,0
Brdt,0
Gak,0
Fgfrl1,0
Ttc28,0
Tpst2,0
Coro1c,0
Kctd10,0
Oasl2,0
Unc119b,0
Mlec,0
Suds3,0
Taok3,0
Ddx54,1
Oas2,0
Oas1a,0
Rpl6,0
Aldh2,0
Ppp1cc,0
Atp2a2,0
Anapc5,0
Diablo,0
Tmed2,0
Ran,1
Gtf2i,0
Clip2,0
Dnajc30,0
Ywhag,0
Lrwd1,0
Fis1,0
Ephb4,1
Cyp3a13,0
Cops6,0
Lamtor4,0
Mafk,0
Ttyh3,0
Kdelr2,1
Rac1,0
Eif2ak1,0
Trrap,0
Arpc1b,0
Bud31,1
Zfp655,0
Rpl21,0
Gtf3a,0
Lnx2,0
Polr1d,0
Mtus2,0
Col1a2,0
Casd1,0
Pon2,0
Asns,0
Capza2,0
Tspan12,0
Arf5,0
Calu,0
Ahcyl2,0
Klhdc10,0
Mkln1,0
Dgki,0
Parp12,0
Braf,0
Sval1,0
Gstk1,0
Casp2,0
Zyx,0
Pdia4,0
Zfp777,0
Rarres2,1
Tmem176b,0
Tra2a,0
Hnrnpa2b1,0
Wipf3,0
Vopp1,0
Abcg2,0
Serbp1,0
Igkc,1
Krcc1,0
Immt,0
Usp39,0
0610030E20Rik,0
Mat2a,0
Tmsb10,0
Suclg1,0
Ctnna2,0
Mogs,0
Actg2,0
Nagk,0
Mxd1,0
Gfpt1,0
Antxr1,1
Rab43,0
Tpra1,1
Suclg2,0
Uba3,0
Foxp1,0
Srgap3,0
Gt(ROSA)26Sor,0
Emc3,0
Rpl32,0
Cxcl12,1
Csgalnact2,0
Wnk1,0
Bcl2l13,0
Pex26,0
Clec4a1,0
C1ra,0
Ptpn6,0
Tpi1,0
Ptms,0
Mlf2,0
Vamp1,0
Cd9,0
Ccnd2,0
Fkbp4,1
Clec2h,0
Ybx3,0
Bcl2l14,0
Lrp6,1
Gpr19,1
Plbd1,0
Gucy2c,1
Mgp,0
Lrmp,0
Kras,0
Myadm,1
Tmc4,0
Rps9,0
Ppp6r1,0
U2af2,0
Epn1,0
Nlrp4b,0
Ube2m,0
Lig1,0
Napa,1
Ap2s1,0
Pglyrp1,1
Opa3,0
Clptm1,0
Tomm40,0
Nlrp4e,0
Zfp94,0
Cd177,0
Ceacam10,0
Rps19,0
Rabac1,0
Cic,0
Pafah1b3,0
Egln2,0
Snrpa,0
Ltbp4,0
Shkbp1,1
Fcgbp,0
Sycn,0
Sirt2,0
Hnrnpl,0
Ggn,0
Lin37,0
Kmt2b,0
Fxyd5,0
Fxyd3,0
Gramd1a,0
Rhpn2,0
Zfp536,0
Zfp788,0
Klk1,0
Nr1h2,1
Atf5,0
Rpl13a,0
Snrnp70,0
Nav2,0
Tm2d3,1
Rgma,0
Crtc3,0
Iqgap1,0
Rps17,0
Btbd1,0
Ctsc,0
Picalm,0
Ndufc2,0
Capn5,0
Serpinh1,0
Pold3,0
Kcne3,0
Clpb,0
Rhog,0
Rrm1,0
Eif3f,0
Akip1,0
Sbf2,0
1110004F10Rik,0
Plekha7,1
Mettl9,0
Ubfd1,0
Slc5a11,0
Nupr1,0
Mapk3,0
Aldoa,0
Ino80e,0
Bag3,0
Sec23ip,0
Fgfr2,1
Htra1,0
Bub3,0
Clrn3,0
Mki67,0
Ifitm2,0
Ifitm3,0
Irf7,0
Rplp2,0
Ap2a2,0
Ctsd,0
Cttn,0
Cd209a,0
Cers4,0
Myo16,0
Col4a2,0
Ankrd10,0
Gas6,0
Kbtbd11,0
Ank1,0
Golga7,0
Sfrp1,1
Ash2l,0
Pomk,0
Gsr,0
Sgcz,0
Cyp4v3,0
Galnt7,0
Spock3,0
Sugp1,0
Ddx49,0
Crtc1,0
Isyna1,0
Pde4c,0
Ifi30,0
Mrpl34,0
Gtpbp3,0
Eps15l1,0
Slc10a7,0
Prkaca,0
Calr,0
Farsa,0
Prdx2,0
Dnaja2,0
Itfg1,0
Adcy7,0
Chd9,0
Ces1f,0
Herpud1,0
Cnot1,1
Got2,0
Dync1li2,0
Atp6v0d1,1
Thap11,0
Cdh13,1
Piezo1,0
Ntpcr,0
Coa6,0
Casp12,0
Mmp27,0
Tmem123,1
Eif3g,0
S1pr2,1
Icam5,0
Raver1,0
Dnm2,0
Cnn1,0
Acad8,0
Aplp2,0
Tmem45b,0
Kirrel3,0
Sc5d,0
Hyou1,0
Ube4a,0
Cd3d,1
Tmprss4,0
Tagln,0
Sidt2,0
Cadm1,1
Rexo2,0
Zw10,0
2310030G06Rik,0
Crabp1,0
Psma4,0
Tspan3,0
Arih1,0
Pkm,0
Rplp1,0
Itga11,0
Smad6,0
Pdcd7,0
Ppib,0
Tpm1,0
Tln2,1
Polr2m,0
Myo5c,0
Tmod3,1
Sh3bgrl2,0
Ibtk,0
Tmed3,0
Plod2,0
Slc9a9,0
Trpc1,1
Zbtb38,0
Copb2,0
Mrps22,0
Faim,1
Cdv3,0
Uba5,0
Nudt16,0
Atp2c1,0
Col6a4,0
Dock3,0
Cyb561d2,0
Rbm5,0
Rbm6,0
Mon1a,0
Apeh,0
Rhoa,0
Gpx1,0
Lamb2,0
Qars,0
Slc25a20,0
Uqcrc1,0
Shisa5,0
Smarcc1,0
Pdcd6ip,0
Crtap,0
Glb1,0
Cmtm7,1
Stt3b,0
Ctdspl,0
Acaa1a,0
Rpsa,1
Rpl14,0
Trak1,1
Plekhg1,0
Pcmt1,0
Katna1,0
Tab2,1
Sash1,0
Utrn,1
Perp,0
Ifngr1,1
Map3k5,0
Sgk1,0
E030030I06Rik,0
Tbpl1,0
Enpp1,0
Ptprk,1
Cd164,1
Pdss2,0
Prep,0
Fam184a,0
Psap,0
Col13a1,0
Ctnna3,1
Arid5b,0
Bicc1,0
Ipmk,0
Pcdh15,1
Ggt5,0
Gstt1,0
Mif,0
Col6a2,0
Ube2g2,0
Misp,0
Ptbp1,0
Cnn2,0
Abca7,0
Gpx4,0
Stk11,0
Atp5d,0
Mbd3,0
Uqcr11,0
Tcf3,0
Ap3d1,0
Oaz1,0
Sppl2b,0
Eef2,0
Hmg20b,0
Hsp90b1,0
Slc5a8,0
Slc25a3,0
Lta4h,0
Mrpl42,0
Nudt4,0
Btg1,1
Lum,0
Dusp6,0
Kitl,1
Ccdc59,0
Zfc3h1,0
Ptprr,1
Cct2,0
Cpsf6,0
Rap1b,0
Llph,0
Hmga2,0
Tbk1,0
Avpr1a,1
Tsfm,0
Tspan31,0
B4galnt1,0
Pip4k2c,0
Dctn2,0
Ptges3,0
Cs,0
Myl6,0
Rpl41,0
Rps26,0
Dnajc14,0
Cd63,0
Uqcr10,0
Xbp1,0
Mrps24,0
Dbnl,0
Ykt6,0
Ddx56,0
Grb10,1
Aftph,0
Ugp2,0
Cct4,0
Kcnip1,0
Mat2b,0
Adam19,0
Cyfip2,1
Cnot6,0
Mgat4b,0
Canx,0
Ppp2ca,0
Hspa4,0
Irf1,0
Anxa6,0
Sparc,0
G3bp1,0
Mrpl22,0
Lypd8,0
Guk1,0
Atpaf2,0
Map2k3,0
Akap10,0
Ttc19,0
2410006H16Rik,0
Cdrt4,0
Pmp22,0
Rpl26,0
Rangrf,0
Trappc1,0
Elp5,0
Gabarap,1
Cxcl16,0
Psmb6,0
Slc25a11,0
Kif1c,0
Tekt1,0
Atp2a3,0
Emc6,0
Cluh,0
Tsr1,0
Tlcd2,0
Prpf8,0
Myo1c,0
Rph3al,0
Rpl23a,0
Rab34,0
Pigs,0
Unc119,1
Rab11fip4,0
Tmem98,0
Ccl8,0
Ccl6,0
Car4,0
Cltc,1
Gdpd1,0
Dynll2,0
Srsf1,0
Trim25,0
Lrrc59,0
Itga3,0
Slc35b1,0
Spop,0
Atp5g1,0
Cisd3,0
Rpl23,0
Lasp1,0
Ppp1r1b,1
Erbb2,1
Psmd3,0
Thra,1
Tns4,0
Krt19,0
Ezh1,0
Rundc1,0
Vat1,0
Grn,0
Ccdc43,0
Ddx42,0
Ddx5,0
Gna13,1
Arsg,0
Hid1,0
Atp5h,0
Grb2,1
H3f3b,0
Cygb,1
St6galnac2,0
Timp2,0
Lgals3bp,0
Cant1,0
Rbfox3,0
Rnf213,0
Chmp6,1
Actg1,0
P4hb,0
Fasn,1
Csnk1d,0
Sectm1b,0
Tbcd,0
Asxl2,0
Ddx1,0
Pdia6,0
Nol10,0
Rps7,0
Pxdn,0
Sntg2,0
Snx13,1
Agr2,1
Dgkb,0
Dnajb9,0
Pnpla8,0
Strn3,0
Nubpl,0
Psma6,0
Ralgapa1,0
Foxa1,0
Sec23a,0
Fkbp3,0
Arf6,0
Frmd6,0
Trmt5,0
Ppp2r5e,0
Sgpp1,0
Gpx2,0
Rab15,0
Fut8,0
Actn1,0
Psen1,1
Ylpm1,0
Tmed10,0
Irf2bpl,0
Psmc1,0
Chga,0
Unc79,0
Ifi27l2b,0
Glrx5,0
Wars,0
Meg3,0
Rian,0
Hsp90aa1,0
Traf3,1
Mark3,0
Ckb,0
Klc1,0
Akt1,1
Brf1,0
Igha,0
Ighg2c,0
Esyt2,0
Akr1c19,0
Gpld1,0
Uqcrfs1,0
Mylk4,0
Eci2,0
Cdyl,0
Ly86,0
Rreb1,0
Txndc5,0
Rab24,0
Caml,0
Hnrnpa0,0
Golm1,0
Fbp2,0
Ell2,0
Rfesd,0
Rps23,0
Ssbp2,0
Iqgap2,0
Tnpo1,1
Map1b,0
Pik3r1,0
Mast4,0
Ipo11,1
Nnt,0
Top2b,0
Psmd6,0
3830406C13Rik,0
Pdhb,0
Sec24c,0
Vdac2,0
Ppif,0
Pde12,0
Stab1,1
Bap1,0
Capn7,0
2610528A11Rik,0
Tspan14,0
Parp2,0
Ndrg2,0
Psme1,0
Zdhhc20,0
Atp8a2,0
Ebpl,0
Gucy1b2,0
Msra,0
Scara3,1
Ptk2b,1
Chmp7,0
Fndc3a,0
Lcp1,0
Tsc22d1,0
Epsti1,0
Lmo7,0
Gpc6,1
Hs6st3,0
Ubac2,0
Clybl,0
Ggact,0
Oxct1,0
C1qtnf3,0
Dap,0
Rpl30,0
Cox6c,0
Polr2k,0
Zfp706,0
Oxr1,0
Rad21,0
Samd12,1
Sqle,0
Gsdmc4,0
Chrac1,0
Ly6a,0
Ly6c1,0
Gpaa1,0
Cyc1,0
Bop1,0
Slc39a4,0
Cyhr1,0
Myh9,0
Txn2,0
Eif3d,0
Tst,0
Mpst,0
H1f0,0
Baiap2l2,0
Ddx17,0
Josd1,0
Apobec3,0
Mgat3,0
Atf4,0
St13,1
Tob2,0
Aco2,0
Csdc2,0
Srebf2,0
Cenpm,0
Rrp7a,0
Samm50,0
Parvb,0
Brd1,0
Creld2,0
Tubgcp6,0
Kansl2,0
Ccnt1,0
Tuba1b,0
Tuba1a,0
Dip2b,0
Tfcp2,0
Zfp740,0
Smug1,0
Copz1,0
Nudt16l1,0
Smim22,0
Alg1,0
Tmem186,0
Cpped1,0
Rrn3,0
Myh11,0
Mcm4,0
Iglc2,1
Eif2b5,0
Tbccd1,0
Tfrc,1
Rpl35a,0
Fstl1,0
Lrrc58,0
Adprh,0
B4galt4,0
Gtpbp8,0
Tfg,0
Tomm70a,1
Filip1l,0
Dcbld2,0
Chmp2b,1
Usp25,0
App,1
Ifngr2,1
Atp5o,0
Cbr1,0
Igsf5,1
Fam3b,0
Pde10a,0
Agpat4,0
Slc22a1,0
Zfp944,0
Tnfrsf12a,0
Srrm2,0
Atp6v0c,1
Pgp,0
Msrb1,0
Ube2i,0
Tpsg1,0
Ergic1,0
Bak1,0
Rpl10a,0
Mapk13,0
Brpf3,0
Srsf3,0
Pde9a,0
Ndufv3,0
U2af1,0
Zfp763,0
Ndufa7,0
Tapbp,0
Rps18,0
H2-DMb1,0
Psmb9,0
1110038B12Rik,0
Csnk2b,0
Gpank1,0
Nfkbil1,0
H2-D1,0
H2-Q7,0
Tcf19,0
2310061I04Rik,0
H2-T22,0
Trim26,0
Ppp1r11,0
Ptchd4,0
Mep1a,0
Pla2g7,0
Enpp5,0
Slc35b2,0
Mrps18a,0
Yipf3,0
Srf,0
Ccnd3,0
Satb1,0
Kcnh8,0
Sult1c2,0
Sh3gl1,0
Ticam1,1
Mllt1,0
Crb3,0
Man2a1,0
Vapa,0
Myl12a,0
Memo1,0
Nlrc4,0
Lrpprc,0
Ppm1b,0
Cript,0
Epcam,0
Fshr,1
Arhgap12,0
Kif5b,0
Mib1,1
Npc1,0
Ss18,1
Chst9,0
Dsg2,0
Mapre2,0
Galnt1,0
Sap130,0
Wdr33,0
Hspa9,0
Paip2,0
Mzb1,0
Ik,0
Hdac3,0
Tcerg1,0
Eif1a,0
Tnfaip8,0
Hsd17b4,0
Lmnb1,0
Cd74,1
Fech,0
Sec11c,0
Impa2,0
Rnmt,1
Mbd2,0
Dcc,1
Rbfa,0
Ctdp1,0
Cndp2,0
Timm21,0
Socs6,0
Ppp6r3,0
Aldh3b1,0
Aip,1
2010003K11Rik,0
Dpp3,0
Rab1b,0
Pacs1,0
Banf1,0
Ovol1,0
Rnaseh2c,0
Kat5,0
Fau,0
Ehd1,1
Rtn3,0
Ints5,0
Eef1g,0
Asrgl1,0
Fen1,0
Vps37c,0
Tmem109,0
AW112010,0
Ms4a8a,0
Zfp91,1
Tle4,0
Vps13a,0
1110059E24Rik,0
Pip5k1b,0
Ak3,0
Insl6,0
Pdcd1lg2,0
Prkg1,0
Lipo1,0
Cpeb3,0
Cyp2c55,0
Entpd1,0
Zfp518a,0
Tm9sf3,0
Pgam1,0
Exosc1,0
Morn4,0
Erlin1,1
Btrc,0
Ldb1,0
Taf5,0
Adra2a,1
Slc35a2,0
Atp6ap2,0
Usp9x,0
Cask,0
Maoa,0
Maob,0
Uxt,1
Slc25a5,0
Upf3b,0
Mcts1,0
Gpc3,0
Phf6,0
Cd99l2,0
Xlr3a,0
Ssr4,0
L1cam,0
Mecp2,0
Rpl10,0
Atp6ap1,1
Gab3,0
Dmd,0
Yipf6,0
Eda,0
Foxo4,0
Nono,0
Abcb7,0
Zdhhc15,0
Pgk1,0
2610002M06Rik,0
Hdx,0
Rpl36a,0
Hnrnph2,0
Tceal1,0
Huwe1,0
Rragb,0
Rps6ka3,0
Eif1ax,0
Zrsr2,0
Piga,0
Eif2s3y,0
mt-Co2,0
mt-Co3,0
