gene,label
Tram1,0
Jph1,0
Smap1,0
Fam135a,0
Col19a1,0
Ptp4a1,0
Kansl3,0
Zap70,1
Pdcl3,0
Rpl31,0
Mrps9,0
Col3a1,0
Col5a2,0
Slc39a10,0
Nab1,0
Ankrd44,0
Sf3b1,0
Hspd1,0
Hspe1,0
Bzw1,0
Casp8,0
Fam117b,0
Nrp2,1
Fastkd2,0
Ikzf2,0
Smarcal1,0
Ctdsp1,0
Vil1,0
Bcs1l,0
Ap1s3,0
Cul3,0
Cab39,0
2810459M11Rik,0
Armc9,0
Inpp5d,0
Atg16l1,0
Dgkd,0
Ackr3,1
Ilkap,0
Hes6,0
Dtymk,0
Zcchc2,0
Phlpp1,0
Dsel,0
Tsn,0
Ptpn4,1
Dbi,1
C4bp,0
Mapkapk2,0
Ikbke,0
Elk4,0
Klhdc8a,1
Tmcc2,0
Snrpe,0
Prelp,0
Adipor1,1
Klhl12,0
Ppp1r12b,0
Ptprc,1
Cdc73,0
Tpr,0
Hmcn1,0
Ivns1abp,0
Rgl1,0
Smg7,0
Cacna1e,0
Qsox1,0
Fam20b,0
Vamp4,0
Mettl18,0
Sft2d2,0
Mpzl1,1
Mgst3,0
Pbx1,0
Nos1ap,0
Atf6,0
Fcgr4,0
Fcgr3,0
Tomm40l,0
Ndufs2,0
Usf1,0
Ncstn,1
Tagln2,0
Mndal,0
Ifi205,0
Fh1,0
Cox20,0
Parp1,0
Acbd3,0
Sde2,0
Wdr26,0
Lbr,0
Capn2,0
Dusp10,0
C130074G19Rik,0
Esrrg,1
Dtl,0
Lpgat1,0
Hhat,0
Traf3ip3,0
Plxna2,1
Meig1,0
Hspa14,0
Bend7,0
Ccdc3,0
Usp6nl,0
Vim,0
Mrc1,1
Dnajc1,0
Commd3,0
Gpr158,1
Myo3a,1
Pnpla7,0
Nsmf,0
Nelfb,0
Ssna1,1
Man1b1,0
Sapcd2,0
Pmpca,0
Inpp5e,0
Rpl7a,1
Ralgds,0
Rapgef1,0
Tbc1d13,0
Endog,0
Exosc2,0
Pomt1,0
Ptges2,0
Fam102a,0
Rabepk,1
Cutal,0
Gsn,0
Psmb7,0
Ppp6c,0
Lrp1b,1
Orc4,0
A430018G15Rik,0
Gpd2,0
Upp2,0
Cd302,1
Rbms1,0
Tank,1
Cobll1,0
Galnt3,0
Cers6,0
Spc25,0
Ssb,0
Ubr3,0
Tlk1,0
Dync1i2,0
Cdca7,0
Hnrnpa3,0
Nfe2l2,0
Rbm45,0
Prkra,0
Plekha3,0
Cwc22,0
Itga4,0
Itgav,1
Tmx2,0
Serping1,0
Ube2l6,0
Prg2,0
Ptprj,0
Kbtbd4,0
Ddb2,0
Arhgap1,0
Dgkz,0
Slc35c1,0
Cd82,0
Ttc17,0
Commd9,0
Pamr1,0
Caprin1,0
Katnbl1,0
Fam98b,0
Rasgrp1,0
Ppp1r14d,0
Itpka,0
Snap23,1
Eif3j1,0
B2m,0
Sord,0
Dut,0
Hdc,0
Usp8,0
1810024B03Rik,0
Stard7,0
Chchd5,0
Tgm6,0
4930402H24Rik,0
Mavs,0
Smox,1
Pcna,0
Macrod2,0
Rrbp1,0
Snx5,0
Sec23b,0
Slc24a3,0
Crnkl1,0
Apmap,0
Acss1,0
Nsfl1c,0
Srxn1,0
Csnk2a1,0
H13,0
Pxmp4,0
Chmp4b,1
Dynlrb1,0
Ncoa6,1
Edem2,0
Phf20,0
Myl9,0
Samhd1,0
Mafb,0
Zhx3,0
Ttpal,0
Serinc3,0
Tomm34,0
Pigt,0
Zmynd8,1
Sulf2,1
Cse1l,0
Slc9a8,0
Atp9a,0
Bcas1,0
Rae1,0
Rbm38,0
Zbp1,0
Rab22a,0
Vapb,0
Atp5e,0
Osbpl2,1
Gid8,0
Pex2,0
E2f5,0
Car13,0
Cyp7b1,0
Fndc3b,0
Mecom,0
Ndufb5,0
Fxr1,0
Anxa5,0
Nudt6,0
Mgst2,0
Foxo1,0
Ufm1,0
Postn,0
Supt20,0
Tm4sf1,0
Serp1,0
4930593A02Rik,0
Dhx36,0
Gmps,0
Ssr3,1
Lxn,0
Fstl5,0
Plrg1,0
Arfip1,0
Rps3a1,0
Lrba,1
Sema4a,0
Lmna,0
Rab25,0
Ssr2,1
Efna1,1
Pygo2,0
Adar,0
Ubap2l,0
Rps27,0
Jtb,0
Dennd4b,0
Chtop,0
S100a13,0
S100a4,0
Them4,1
Snx27,1
Pogz,0
Cdc42se1,0
Setdb1,0
Ctss,0
Adamtsl4,0
Aph1a,1
Mtmr11,0
Gpr89,0
Phgdh,0
Hsd3b3,0
Wdr3,0
Nras,0
Bcas2,0
Hipk1,0
Lrig2,0
Slc16a1,0
Rap1a,0
Csf1,0
Gstm1,0
Ampd2,0
Psma5,0
Sars,0
Prpf38b,0
Slc44a3,0
Arhgap29,0
Synpo2,0
Sec24b,0
Papss1,0
Aimp1,0
Gstcd,0
Ube2d3,0
Ppp3ca,0
Metap1,0
Eif4e,0
Gbp2,0
Gtf2b,0
Ddah1,0
Nexn,0
Zzz3,0
Pigk,0
Rabggtb,0
Cth,0
Trp53inp1,0
Esrp1,0
Decr1,0
Ggh,0
Manea,0
Lyrm2,0
4933421O10Rik,0
Ube2j1,0
Rars2,0
Lingo2,0
Ndufb6,0
Spink4,0
Bag1,1
Chmp5,1
Ubap2,0
Dctn3,0
Ccl21a,0
Vcp,0
Stoml2,1
Tesk1,0
Tpm2,0
Reck,0
Clta,1
Gne,0
Slc25a51,0
Trim14,0
Galnt12,0
Stx17,1
Tmeff1,1
Slc44a1,0
Rad23b,0
Tmem245,0
Txn1,0
Ptbp3,0
Slc31a1,0
Cdk5rap2,0
Ttc39b,0
Psip1,0
Rraga,0
Elavl2,0
Jak1,0
Leprot,1
Insl5,0
Mier1,0
Prpf38a,0
Cc2d1b,0
Ttc39a,0
Cdkn2c,0
Skint1,0
Cmpk1,0
Tspan1,0
Mast2,0
Gpbp1l1,0
Rnf220,0
Ptprf,1
Ppcs,0
Guca2b,0
Nfyc,0
Zmpste24,0
Sf3a3,0
Inpp5b,0
Mtf1,0
Snip1,0
Zc3h12a,0
Clspn,0
5730409E04Rik,0
AU040320,0
Zmym4,0
Smim12,0
A630031M04Rik,0
Rnf19b,0
Yars,0
Zbtb8os,0
Hdac1,0
Eif3i,0
Ptp4a2,0
Pef1,0
Snrnp40,0
Sdc3,0
Isyna1,0
Ssbp4,0
Jund,0
Mast3,0
Myo9b,0
Nr2f6,0
Babam1,0
Dda1,0
Plvap,0
Colgalt1,0
B3gnt3,1
Rab8a,0
Klf2,0
Nr3c2,1
Hhip,1
Il15,1
Tbc1d9,0
Ier2,0
Trmt1,0
Calr,0
Heatr3,0
Rbl2,0
Mmp2,0
Ces1f,0
Ces1h,0
Got2,0
A330008L17Rik,0
Bean1,0
Cmtm4,0
Dync1li2,0
Thap11,0
Prmt7,0
Ap1g1,1
Cog4,0
Tmem170,0
Gabarapl2,0
Wwox,0
Atmin,0
Plcg2,1
Mphosph6,0
Hsbp1,0
Zdhhc7,0
Slc7a5,0
Aprt,0
Taf5l,0
Ntpcr,0
Coa6,0
Gucy1a2,0
Tmem123,1
Arhgap42,0
Maml2,1
Fam76b,0
Cwc15,0
Ubl5,0
Pin1,0
Eif3g,0
Mrpl4,0
Tyk2,1
Ap1m2,0
Dnm2,0
Carm1,0
Prkcsh,0
Cnn1,0
Rp9,0
Acad8,0
Arhgap32,0
Fli1,0
Kirrel3,0
Rpusd4,0
Tbrg1,0
Gramd1b,0
Sorl1,1
Hyou1,0
Trappc4,0
Rps25,0
Phldb1,0
Arcn1,0
Ube4a,0
Cd3e,1
Tmprss4,0
Tagln,0
Rexo2,0
Rbm7,0
Drd2,1
Ncam1,1
Pts,0
Fdx1,0
Idh3a,0
Ireb2,0
Tspan3,0
Ppcdc,0
Cox5a,0
Nptn,0
Hexa,0
Uaca,1
Paqr5,1
Glce,0
Fem1b,1
Smad3,0
Rpl4,0
Oaz2,0
Herc1,0
Tpm1,0
Anxa2,0
Gtf2a2,0
Polr2m,0
Rab27a,0
Rsl24d1,0
Myo5c,0
Gsta4,0
Col12a1,0
Phip,1
Ibtk,0
Ctsh,0
Pls1,0
Zbtb38,0
Faim,1
Pccb,0
Cdv3,0
Nudt16,0
Atp2c1,0
Col6a4,0
Alas1,0
Dusp7,0
Rpl29,0
Tex264,1
Rbm5,0
Ip6k1,0
Apeh,0
Impdh2,0
Dhx30,0
Smarcc1,0
Pdcd6ip,0
Ubp1,0
Stt3b,0
Exog,0
Rpsa,1
Nktr,0
Snrk,0
Ano10,0
Kif15,0
Limd1,0
Sacm1l,0
Xcr1,1
Pcmt1,0
Ginm1,0
Tab2,1
Stxbp5,0
Utrn,1
Sf3b5,0
Abracl,0
Hbs1l,0
Med23,1
Akap7,0
Lama2,0
Ptprk,1
Rwdd1,1
Rev3l,0
Gtf3c6,0
Cdk19,0
Cd164,1
Sesn1,0
Grik2,1
Ranbp2,0
Psap,0
Aifm2,0
Hk1,0
Ddx50,0
Herc4,0
Ado,0
Zwint,0
Mif,0
Derl3,0
Smarcb1,0
Mcm3ap,0
Col6a2,0
Itgb2,0
Icosl,1
Pdxk,0
Cdc34,0
Polrmt,0
Ptbp1,0
Abca7,0
Gpx4,0
Atp5d,0
Tcf3,0
Mob3a,0
Plekhj1,1
Oaz1,0
Eef2,0
Tjp3,0
Hmg20b,0
Gna11,0
Tle6,0
1190007I07Rik,0
Appl2,0
Ckap4,0
Rtcb,0
Hsp90b1,0
Igf1,1
Mybpc1,0
Elk3,0
Lta4h,0
Socs2,1
Eea1,0
Btg1,1
Dcn,1
4930430F08Rik,0
Tspan8,0
Lyz2,0
Lyz1,0
Xpot,0
Avpr1a,1
Mon2,0
Usp15,1
Tsfm,0
Tspan31,0
Dctn2,0
Arhgap9,0
Spryd4,0
Cs,0
Myl6,0
Esyt1,0
Erbb3,1
Rps26,0
Dnajc14,0
Eif4enif1,0
Smtn,0
Tcn2,0
Ccdc157,0
Uqcr10,0
Gas2l1,0
Ewsr1,0
Znrf3,0
Xbp1,0
Ykt6,0
Ogdh,0
Igfbp3,1
Grb10,1
Etaa1,0
Lgalsl,0
Cct4,0
Xpo1,0
Usp34,0
Pex13,1
5730522E02Rik,0
Erlec1,0
Cpeb4,0
Npm1,0
Lcp2,1
Rars,0
Wwc1,0
Mat2b,0
Cyfip2,1
Trim41,0
Sqstm1,1
Canx,0
Sec24a,0
Fstl4,1
Slc22a21,0
Pdlim4,0
Rapgef6,0
Hint1,0
Mfap3,0
Galnt10,0
Sap30l,0
Snap47,1
Mprip,0
Rasd1,0
Srebf1,1
Shmt1,0
Tmem11,0
Map2k3,0
Prpsap2,0
Ncor1,1
Tvp23b,0
Cdrt4,0
Pmp22,0
Map2k4,0
Gas7,0
Ntn1,0
Rangrf,0
Chd3,0
Zbtb4,0
Tnk1,0
Med11,0
Pfn1,0
Nup88,0
Nlrp1b,0
Txndc17,0
Tekt1,0
Cluh,0
Pafah1b1,0
Mnt,0
Sgsm2,0
Tsr1,0
Srr,0
Ovca2,0
Prpf8,0
Myo1c,0
Blmh,0
Slc6a4,0
Taok1,0
Myo18a,0
Lgals9,0
Utp6,0
Psmd11,0
Tmem98,0
Ccl8,0
Fndc8,0
Synrg,0
Usp32,0
Appbp2,0
Med13,1
Ptrh2,0
Gdpd1,0
Cuedc1,0
Trim25,0
Mbtd1,0
Tob1,0
Luc7l3,0
Col1a1,0
Ppp1r9b,0
Itga3,0
Spop,0
Zfp652,0
Snx11,0
Pnpo,0
Osbpl7,1
Rpl19,0
Stac2,0
Grb7,1
Psmd3,0
Thra,1
Casc3,0
Top2a,0
Igfbp4,1
Jup,0
Nt5c3b,0
Acly,0
Ghdc,0
Mlx,0
Ccr10,1
Ezh1,0
Becn1,0
Rundc1,0
Brca1,0
Nbr1,1
Ubtf,0
Ccdc43,0
Hexim1,0
Arhgap27,0
Kansl1,0
Efcab3,0
Cyb561,0
Smarcd2,0
Kpna2,0
Bptf,0
Gna13,1
1700012B07Rik,0
2610035D17Rik,0
Slc39a11,0
Atp5h,0
Nt5c,0
Mif4gd,0
Myo15b,0
H3f3b,0
Mrpl38,0
Cygb,1
St6galnac2,0
Jmjd6,1
Tmc6,0
Lgals3bp,0
Cant1,0
Slc38a10,0
Mrpl12,0
P4hb,0
Arhgdia,0
Sirt7,0
Rfng,0
Pum2,0
Laptm4a,0
Odc1,0
Rrm2,0
Id2,0
Dld,0
Snx13,1
Agr3,0
Agr2,1
Bzw2,0
Arl4a,0
Strn3,0
Heatr5a,0
Sptssa,0
Eapp,0
Snx6,1
Fam177a,0
Ralgapa1,0
Dnaaf2,0
Nemf,0
Laptm5,1
Srsf4,0
Phactr4,0
Stx12,1
Tmem222,0
Arid1a,1
Lin28a,0
Sh3bgrl3,0
Stmn1,0
Mtfr1l,0
Syf2,0
Srsf10,0
Rpl11,0
Hp1bp3,0
Ddost,0
Tmco4,0
Capzb,0
Sdhb,0
Necap2,0
Zbtb17,0
Pdpn,1
2510039O18Rik,0
Agtrap,1
Tardbp,0
Kif1b,0
Gpr157,1
Rere,0
Park7,1
Acot7,0
Kcnab2,0
Prkcz,0
Nadk,0
Mmp23,0
Mib2,0
Atad3a,0
Mrpl20,0
Aurkaip1,0
B3galt6,0
Sdf4,0
Krit1,0
Cyp51,0
Sri,0
Dmtf1,0
Phtf2,0
Fgl2,0
Reln,0
6030443J06Rik,0
Fam126a,0
Chpf2,0
Kmt2c,0
Rbm33,0
Lmbr1,1
Tyms,0
Hadha,0
Slc35f6,0
Cenpa,0
Ost4,0
Gtf3c2,0
Snx17,0
Ppm1g,0
Nrbp1,0
Gpn1,0
Mrpl33,0
Ywhah,0
Maea,0
Tmem129,0
Htra3,0
Sh3tc1,0
Grpel1,0
Mrfap1,0
C1qtnf7,0
Fbxl5,0
Fgfbp1,0
Ldb2,0
Pi4k2b,0
Rbpj,0
Rpl9,0
Lias,0
Smim14,0
Rbm47,0
Apbb2,0
Tmem33,0
Fryl,0
Ociad2,1
Pdgfra,1
Kdr,1
Sult1d1,0
Grsf1,0
Parm1,0
Naaa,0
Ccni,0
Anxa3,0
Sec31a,0
Hsd17b11,0
Atp5k,0
Pgam5,0
Noc4l,0
Tpst2,0
1700095B10Rik,0
2900026A02Rik,0
Sart3,0
Ssh1,0
Kctd10,0
Gltp,0
Tchp,0
Rnf10,0
Gatc,0
Pxn,0
Rplp0,0
Prkab1,0
Suds3,0
Taok3,0
Ptpn11,0
Trafd1,0
Erp29,0
Aldh2,0
Kdm2b,0
Mlxip,0
Arl6ip4,0
Tmed2,0
Ubc,0
Bri3bp,0
Ran,1
Mrps17,0
Rabgef1,0
Tmem248,0
Gtf2i,0
Gtf2ird1,0
Baz1b,0
Pom121,0
Polr2j,0
Lrwd1,0
Ap1s1,1
Trim56,0
Tsc22d4,0
Ppp1r35,0
Cops6,0
Nxpe5,0
Lamtor4,0
Sun1,0
Get4,0
Gna12,1
Actb,0
Kdelr2,1
Rac1,0
Eif2ak1,0
Baiap2l1,1
Pdap1,0
Zkscan14,0
Lnx2,0
Hepacam2,0
Col1a2,0
Pon3,0
Pon2,0
Asns,0
2610001J05Rik,0
Mdfic,0
Kcnd2,0
Tspan12,0
Pot1a,0
Gcc1,0
Atp6v1f,1
Irf5,0
Tnpo3,1
Ahcyl2,0
Nrf1,0
1810058I24Rik,0
Ptn,0
Rarres2,1
Gimap8,0
Gimap4,0
Tmem176b,0
Hnrnpa2b1,0
Hibadh,0
Tax1bp1,0
Wipf3,0
Plekha8,0
Gars,0
Aqp1,0
Ppm1k,0
Vopp1,0
Abcg2,0
Tigd2,0
Snca,0
Serbp1,0
Igkv4-72,0
Igkc,1
Rmnd5a,0
Immt,0
Usp39,0
Kcmf1,0
Pole4,0
Exoc6b,0
Spr,0
Cct7,0
Pcbp1,0
Mxd1,0
Isy1,0
Cnbp,0
Hmces,0
Rab7,0
Sec61a1,0
Mcm2,0
Xpc,0
Nr2c2,1
9530026P05Rik,0
Slc25a26,0
Frmd4b,0
Foxp1,0
Rybp,0
Crbn,0
Arl8b,0
Edem1,0
Srgap3,0
Rpusd3,0
Irak2,1
Sec13,0
D830050J10Rik,0
Mbd4,0
Zfp422,0
Rassf4,0
Rasgef1a,0
Adipor2,1
Fbxl14,0
Kdm5a,0
Il17ra,1
Bcl2l13,0
Klrg1,1
Clec4a1,0
Atn1,0
Usp5,1
Cdca3,0
Cops7a,0
Zfp384,0
Nop2,0
Gapdh,1
Ncapd2,0
Mrpl51,0
Scnn1a,0
Itfg2,0
Clec2d,1
Cd69,1
Klrk1,1
Etv6,0
Lrp6,1
Mansc1,0
Cdkn1b,0
Plbd1,0
Arhgdib,0
Strap,1
Dera,0
Mgst1,0
Aebp2,0
Kras,0
Fgfr1op2,0
Myadm,1
Cacng6,1
Ndufa3,0
Tmc4,0
Ncr1,0
Ptprh,1
Rps5,0
Trim28,0
Sae1,0
Tmem160,0
Ap2s1,0
Slc1a5,1
Snrpd2,0
Opa3,0
Trappc6a,0
Apoe,1
Rps19,0
Arhgef1,1
Snrpa,0
Ltbp4,0
Shkbp1,1
Psmc4,0
Dll3,1
Zfp36,0
Sycn,0
Sirt2,0
Spint2,0
Zfp260,0
Capns1,0
Polr2i,0
Cox6b1,0
Fxyd3,0
Gramd1a,0
Pepd,0
Tshz3,0
Uri1,0
Pop4,0
2310002F09Rik,0
Josd2,0
Emc10,0
Med25,0
Irf3,0
Fcgrt,1
Rps11,0
Ruvbl2,0
Nucb1,0
Dbp,0
Rpl18,0
Kdelr1,1
Nomo1,0
Ush1c,0
Ldha,0
Mcee,0
Snrpa1,0
Lrrk1,0
Aldh1a3,0
Rgma,0
Klhl25,0
Isg20,0
Abhd2,0
Idh2,0
Iqgap1,0
Wdr73,0
Sec11a,0
Zfp592,0
Btbd1,0
Stard5,0
Crebzf,0
Dlg2,1
Aamdc,0
Clns1a,0
Capn5,0
Uvrag,0
Dgat2,0
Serpinh1,0
Lipt2,0
Mrpl48,0
P2ry6,1
Trpc2,0
Pgap2,0
Rhog,0
Trim34a,0
Trim12a,0
Ampd3,0
Eif4g2,0
Dkk3,0
1110004F10Rik,0
Rps15a,0
Smg1,0
Mettl9,0
Ubfd1,0
Plk1,0
Nupr1,0
Sult1a1,0
Mapk3,0
Aldoa,0
Mvp,0
AI467606,0
Cd2bp2,0
Prr14,0
Fbrs,0
Hsd3b7,0
Stx4a,0
Bckdk,0
Kat8,0
Pycard,0
Itgam,1
Itgax,1
Htra1,0
Ptpre,1
Mki67,0
Adam8,0
Psmd13,0
Ifitm2,0
Rnh1,0
Lrrc56,0
Irf7,0
Pnpla2,0
Ap2a2,0
Tspan32,0
Zfp358,0
Stxbp2,1
Map2k7,0
Col4a1,0
Col4a2,0
Tubgcp3,0
Tmco3,0
Champ1,0
Ank1,0
Ash2l,0
Fnta,0
Chrnb3,1
Ubxn8,0
Gsr,0
Asah1,0
Tlr3,1
Slc25a4,0
Cdkn2aip,0
Dctd,0
Galnt7,0
Atp6v1b2,1
Atp13a1,0
Nr2c2ap,0
Slc25a42,0
Upf1,0
Tmx1,0
Trmt5,0
Tmem30b,0
Hif1a,0
Kcnh5,0
Wdr89,0
Sgpp1,0
Syne2,0
Fntb,0
Fut8,0
Pigh,0
Zfyve26,0
Actn1,0
Erh,0
Pcnx,0
Sipa1l1,0
Numb,0
Isca2,0
Irf2bpl,0
Gstz1,0
Snw1,1
Nrxn3,1
Cep128,0
Flrt2,1
Calm1,0
Trip11,1
Lgmn,0
Golga5,0
Tmem251,0
Ifi27l2a,0
Degs2,0
Eif5,0
Ckb,0
Klc1,0
Inf2,0
Brf1,0
Mta1,0
Crip1,0
Igha,0
Ighg1,1
Ptprn2,1
Gdi2,0
Akr1c19,0
Akr1c12,0
Dip2c,0
Mtr,0
Cdk13,0
Elmo1,0
Slc17a4,0
Gpld1,0
Cdkal1,0
Dusp22,0
Irf4,1
Eci2,0
Ly86,0
Rreb1,0
Cage1,0
Dsp,0
Txndc5,0
Smim13,0
Tmem170b,0
Fam120a,0
Susd3,0
Auh,0
Sptlc1,0
Nsd1,1
Prelid1,0
Mxd3,0
Rgs14,0
Txndc15,0
Hnrnpa0,0
2210016F16Rik,0
Slc35d2,0
Uqcrb,0
Mrpl36,0
Sdha,0
Cast,0
Ell2,0
Arsk,0
Cox7c,0
Rps23,0
Atg10,0
Thbs4,0
Scamp1,0
Zbed3,0
F2r,1
Nsa2,0
Tnpo1,1
Naip5,0
Naip1,0
Cd180,1
Smim15,0
Elovl7,0
Pde4d,0
Map3k1,0
Emb,0
Mrps30,0
Fgf10,0
Ccl28,1
Hmgcs1,0
Nr1d2,1
Top2b,0
Slc4a7,0
Oit1,0
Rpp14,0
Ecd,0
Mrps16,0
Vcl,0
Adk,0
Zcchc24,0
Dennd6a,1
Tkt,0
Prkcd,0
Mustn1,0
Btd,0
Ankrd28,0
Arhgap22,0
Sncg,0
Ccser2,0
Gnpnat1,0
Bmp4,1
Parp2,0
Pnp,0
Supt16,0
Tox4,0
Dad1,0
Oxa1l,0
Prmt5,0
Psmb5,0
Acin1,0
Nedd8,0
Tinf2,0
Ripk3,1
Cryl1,0
Micu2,0
Dleu2,0
Ctsb,0
Msra,0
Ints9,0
Ccdc25,0
Trim35,0
Ppp2r2a,0
Adamdec1,0
Sorbs3,0
Slc39a14,0
Hr,1
Fndc3a,0
Rcbtb2,0
Itm2b,0
Sucla2,0
Esd,0
Epsti1,0
Sugt1,0
Mzt1,0
Commd6,0
Lmo7,0
Slitrk5,1
Gpc5,0
Gpc6,1
Hs6st3,0
Tm9sf2,0
Clybl,0
Rpl37,0
Prkaa1,0
Dab2,1
Egflam,0
Nadk2,0
Adamts12,0
Sub1,0
6030458C11Rik,0
C030047K22Rik,0
Laptm4b,0
Stk3,0
Vps13b,0
Pabpc1,0
Ywhaz,0
Zfp706,0
Atp6v1c1,1
Zfpm2,0
Eif3e,0
Nudcd1,0
Ext1,0
Rnf139,0
Tatdn1,0
Ndufb9,0
Sla,1
Chrac1,0
Gpr20,1
Ly6c1,0
Zc3h3,0
Eef1d,0
Fam83h,0
Grina,0
Cyc1,0
Sharpin,0
Hsf1,0
Dgat1,0
Cpsf1,0
Zfp7,0
Rpl8,0
Apol10a,0
Txn2,0
Eif3d,0
Ncf4,0
Cyth4,0
Lgals1,0
H1f0,0
Pick1,1
Tomm22,0
Sun2,0
Apobec3,0
Rpl3,0
Mgat3,0
Slc25a17,0
St13,1
Xrcc6,0
Rrp7a,0
A4galt,1
Parvb,0
Fbln1,0
Zbed4,0
Creld2,0
Tubgcp6,0
Plxnb2,1
Tmem117,0
Rapgef3,0
Slc48a1,0
Vdr,1
Kansl2,0
Ccnt1,0
Prkag1,0
Tuba1b,0
Tuba1a,0
Tuba1c,0
Tmbim6,0
Larp4,0
Dip2b,0
Slc11a2,0
Tfcp2,0
Dazap2,1
Eif4b,0
Pfdn5,0
Calcoco1,1
Copz1,0
Coro7,0
Glyr1,0
Ubn1,0
Alg1,0
Pmm2,0
Zc3h7a,0
Rsl1d1,0
Parn,0
Pla2g10,0
Spidr,0
Ppm1f,0
Mapk1,0
Sdf2l1,0
Tmem191c,0
Pi4ka,0
Dgcr8,0
Iglc2,1
Abcf3,0
Tmem41a,0
Tbccd1,0
Eif4a2,0
Ccdc50,0
Fgf12,0
Ppp1r2,0
Cep19,0
Mylk,0
Fam162a,0
Ildr1,1
Slc15a2,0
Iqcb1,1
Rabl3,0
Ndufb4,0
Fstl1,0
Adprh,0
B4galt4,0
Naa50,0
Gtpbp8,0
Ccdc80,0
Gcsam,1
Cd47,1
Dcbld2,0
St3gal6,1
Cpox,0
Epha6,0
4930453N24Rik,0
Usp25,0
Atp5j,0
App,0
Cct8,0
Urb1,0
Ifngr2,1
Cbr3,0
Morc3,0
Chaf1b,0
Dyrk1a,0
Ets2,0
Hmgn1,0
Tmprss2,1
Snx9,1
Tulp4,0
Fndc1,0
Mpc1,0
1700010I14Rik,0
Smoc2,0
1600012H06Rik,0
Phf10,0
Ermard,0
Ppp2r1a,0
Zfp948,0
Zfp942,0
Zfp944,0
Srrm2,0
Kctd5,0
Pgp,0
Pkd1,0
Tsc2,0
Gfer,0
Noxo1,0
Rps2,0
Ndufb10,0
Rab40c,0
Ergic1,0
Atp6v0e,1
Phf1,0
Cuta,0
Bak1,0
Fkbp5,1
Srsf3,0
Fgd2,0
Btbd9,0
Zfp763,0
Rab11b,0
Cd320,1
Rps18,0
Ring1,0
Tap1,0
H2-Ab1,0
H2-Aa,0
H2-Eb1,0
Rnf5,0
Atf6b,0
1110038B12Rik,0
Vars,0
Csnk2b,0
Ddx39b,0
H2-Q6,0
Ier3,0
Tubb5,0
H2-T22,0
Trim31,0
Ppp1r11,0
Cenpq,0
Tnfrsf21,1
Pla2g7,0
Cyp39a1,0
Supt3,0
Cdc5l,0
Slc35b2,0
Hsp90ab1,0
Mrps18a,0
Srf,0
Daam2,0
Satb1,0
Sh3gl1,0
Ticam1,1
Ranbp3,0
Vapa,0
Twsg1,0
Rab12,0
Zbtb14,0
Lbh,0
Dpy30,0
Nlrc4,0
Birc6,0
Eif2ak2,0
Prkd3,0
Atl2,0
Hnrnpll,0
Cox7a2l,0
Plekhh2,0
Lrpprc,0
Zfp438,0
Kif5b,0
Wac,0
Colec12,0
Esco1,0
Snrpd1,0
Mib1,1
Chst9,0
Elp2,0
Pik3c3,0
Sap130,0
Wdr33,0
Sil1,0
Mzb1,0
Ube2d2a,0
Psd2,0
Pfdn1,0
Ankhd1,0
Tmco6,1
Ndufa2,0
Ik,0
Hars,0
Ythdc2,0
Tnfaip8,0
Hsd17b4,0
Snx24,0
Rps14,0
Cd74,1
Cdx1,0
Csnk1a1,0
Sec11c,0
Lman1,1
Gnal,1
Impa2,0
Cep192,0
Mbd2,0
Mbd1,0
Zadh2,0
Cndp2,0
Socs6,0
Tmx3,0
Chka,0
Ndufs8,0
Aip,1
Kdm2a,0
Pcx,0
Zdhhc24,0
Pacs1,0
Drap1,0
Fibp,0
Ovol1,0
Rnaseh2c,0
Map3k11,0
Dpf2,0
Capn1,0
Znhit2,0
Cdc42bpg,0
Map4k2,1
Stip1,0
Cox8a,0
Slc3a2,0
Snhg1,0
Ints5,0
Ganab,0
Tut1,0
Ahnak,0
Incenp,0
Tmem258,0
Syt7,0
Cpsf7,0
Ddb1,0
Vps37c,0
Tmem132a,0
Prpf19,0
Ms4a6c,0
Ms4a6b,0
Gna14,0
Nmrk1,0
Anxa1,0
Zfand5,1
1110059E24Rik,0
Trpm3,1
Rfx3,0
Rpl9-ps6,0
Pten,0
Lipo1,0
Ankrd22,0
Pank1,0
Myof,0
Ffar4,1
Aldh18a1,0
Entpd1,0
Tm9sf3,0
Pgam1,0
Mms19,1
R3hcc1l,0
Got1,0
Entpd7,0
Sema4g,1
Mrpl43,0
Npm3,0
Ldb1,0
Nolc1,0
Pcgf6,0
Taf5,0
Sfr1,1
Casp7,0
Slc35a2,0
Atp6ap2,0
Fundc1,0
C330007P06Rik,0
Upf3b,0
Mcts1,0
6030498E09Rik,0
Stag2,0
Tenm1,0
Utp14a,0
Aifm1,0
Hs6st2,1
Gpc3,0
Hprt,0
Cd99l2,0
Bcap31,1
Ssr4,0
Rpl10,0
Taz,0
Atp6ap1,1
Gdi1,0
Tbl1x,1
Il1rapl1,1
Msn,0
Hsf3,0
Yipf6,0
Foxo4,0
Rps4x,0
Pbdc1,0
Atp7a,0
2610002M06Rik,0
Tceal8,0
Morf4l2,0
Cldn2,0
Morc4,0
Tsc22d3,0
Tmem164,0
Huwe1,0
Smc1a,0
Prdx4,0
Eif1ax,0
Cdkl5,0
Rbbp7,0
Piga,0
Tlr7,1
Frmpd4,0
Mid1,0
Erdr1,0
Zfy1,0
mt-Nd2,0
mt-Co3,0
mt-Nd5,0
