gene,label
2610203C22Rik,0
Cops5,0
Arfgef1,0
Ncoa2,1
Rpl7,0
Ube2w,0
Lmbrd1,0
Fam168b,0
Hs6st1,0
Cox5b,0
Aff3,0
Pdcl3,0
Rpl31,0
Fhl2,0
Nck2,1
Col5a2,0
Stat1,1
Gls,0
Nab1,0
Mfsd6,1
Plcl1,0
Spats2l,0
Sumo1,0
Raph1,0
Nrp2,1
Creb1,0
Acadl,0
Erbb4,1
Bard1,0
Fn1,0
Rpl37a,0
Tns1,0
Arpc2,0
Aamp,0
Zfp142,0
Cyp27a1,0
Nhej1,0
Stk16,0
Serpine2,0
Cul3,0
Tm4sf20,0
Pid1,0
Trip12,0
C130026I21Rik,0
Atg16l1,0
Mlph,0
Ramp1,1
Asb1,0
Hdlbp,0
Pam,0
Gli2,0
Dbi,1
Ccnt2,0
Rab3gap1,0
C4bp,0
Mapkapk2,0
Prelp,0
Adipor1,1
Ppp1r12b,0
Phlda3,0
Ptprc,1
Tpr,0
Smg7,0
Lamc1,0
Cacna1e,0
Ier5,0
Qsox1,0
Prdx6,0
Slc19a2,0
Atp1b1,0
Dpt,0
Pou2f1,0
Mgst3,0
Pbx1,0
Rgs5,0
Sdhc,0
Ndufs2,0
Alyref2,0
Cd84,1
Igsf8,0
Fh1,0
Zbtb18,0
Cox20,0
Pycr2,0
Lbr,0
Srp9,0
Capn2,0
Ppp2r5a,0
Dtl,0
Kcnh1,0
Cd34,0
Optn,1
Ccdc3,0
Atp5c1,0
Rsu1,0
Stam,1
Pip4k2a,0
Etl4,0
Arhgap21,0
Gpr158,1
Apbb1ip,1
Abi1,0
Mrpl41,0
Ssna1,1
Ubac1,0
Surf6,0
Rpl7a,1
Surf1,0
Surf4,0
Cacfd1,0
Ralgds,0
Rapgef1,0
Gle1,0
Set,0
Sh3glb2,0
Hmcn2,0
Fibcd1,1
Prrc2b,0
Fam102a,0
St6galnac6,0
Fpgs,0
Cdk9,0
Angptl2,0
Pbx3,0
Psmd5,0
Cutal,0
Rab14,0
Gsn,0
Dab2ip,0
Ttll11,0
Ndufa8,0
Pdcl,0
Rpl35,0
Ppp6c,0
Mbd5,0
Upp2,0
Ly75,1
Cers6,0
Spc25,0
Ssb,0
Gorasp2,0
Dync1i2,0
Cdca7,0
Ola1,0
Agps,0
Rbm45,0
Ttn,0
Cwc22,0
Nckap1,0
Itgav,1
Ctnnd1,0
Serping1,0
Ube2l6,0
Ssrp1,0
Madd,1
Dgkz,0
Cd82,0
Hsd17b12,0
Pamr1,0
Ehf,0
Caprin1,0
Hipk3,0
Qser1,0
Ccdc73,0
Arl14ep,0
Mettl15,0
Nop10,0
Fam98b,0
Ppp1r14d,0
Chp1,0
Mga,0
Haus2,0
Pdia3,0
Mfap1a,0
B2m,0
Slc30a4,0
Itpripl1,0
Mall,0
Tmem87b,0
Tgm3,0
Snrpb,0
Adam33,0
Smox,1
9630028H03Rik,0
Ndufaf5,0
Naa20,0
Cst3,0
H13,0
Pofut1,1
Chmp4b,1
Ahcy,0
Dynlrb1,0
Gss,0
Trpc4ap,0
Procr,1
Romo1,0
Samhd1,0
Rpn2,0
Blcap,0
Fam83d,0
Serinc3,0
Pkig,0
Ywhab,0
Wfdc2,0
Ctsa,0
Pltp,0
Rnf114,0
Atp9a,0
Zfp64,0
Zfp217,0
Bcas1,0
Zbp1,0
Vapb,0
Gnas,1
Atp5e,0
Psma7,0
Rps21,0
Ythdf1,0
Rgs19,0
Hey1,0
Tpd52,0
Chmp4c,1
Ythdf3,0
Gyg,0
Fndc3b,0
Rpl22l1,0
Prkci,0
Pik3ca,0
Ndufb5,0
Fxr1,0
Dnajc19,0
Atp11b,0
Cog6,0
Ufm1,0
Postn,0
Supt20,0
Alg5,0
Rfxap,0
Nbea,0
Serp1,0
Eif2a,0
P2ry14,1
Igsf10,0
Arhgef26,0
Mfsd1,0
B3galnt1,0
Lrba,1
Hdgf,0
Lmna,0
Ssr2,1
Rit1,0
Scamp3,0
Krtcap2,0
Adar,0
Tpm3,1
Rps27,0
Ilf2,0
S100a1,0
S100a13,0
S100a4,0
S100a6,0
Sprr2a3,0
Pogz,0
Psmd4,0
Setdb1,0
Arnt,1
Ctss,0
Golph3l,0
Mcl1,0
Adamtsl4,0
Plekho1,0
Otud7b,0
Bola1,0
Pias3,0
Hmgcs2,0
Hao2,0
Atp1a1,0
Hipk1,0
Rhoc,0
Capza1,0
Rap1a,0
Ahcyl1,1
Gstm2,0
Gstm1,0
Gnai3,1
Celsr2,1
Vcam1,0
Cnn3,0
Fnbp1l,0
Camk2d,0
Ostc,0
Papss1,0
Nfkb1,0
Dnajb14,0
Rap1gds1,0
Gbp3,0
Gbp2,0
Lmo4,0
Ddah1,0
Pigk,0
Acadm,0
Slc44a5,0
Cth,0
Wls,0
Asph,1
Plekhf2,0
Decr1,0
Ndufaf4,0
Casp8ap2,1
Ube2j1,0
Slc35a1,0
Mob3b,0
Lingo2,0
Ddx58,0
Ndufb6,0
B4galt1,0
Bag1,1
Nol6,0
Dcaf12,0
Ubap1,0
Il11ra1,0
Ccl21a,0
Tpm2,0
Zcchc7,0
Grin3a,1
Slc44a1,0
Rad23b,0
Klf4,0
Txn1,0
Lpar1,1
Alad,0
Atp6v1g1,1
Tnc,0
Cdk5rap2,0
Psip1,0
Plin2,0
Rps6,0
Acer2,0
Focad,0
Klhl9,0
Plaa,0
Cyp2j6,0
Tm2d1,1
Leprot,1
Insl5,0
Tmem59,0
Lrp8,1
Nrd1,0
Osbpl9,1
Eps15,1
Ttc39a,0
Agbl4,0
Skint3,0
Pomgnt1,0
Tspan1,0
Pik3r3,0
Mast2,0
Toe1,0
Hectd3,0
Eif2b3,0
Rps8,0
Scmh1,0
Macf1,0
Inpp5b,0
Meaf6,0
Zc3h12a,0
Map7d1,0
5730409E04Rik,0
Psmb2,0
Zmym4,0
Khdrbs1,0
Mecr,0
Trnau1ap,0
Phactr4,0
Atpif1,0
Rpa2,0
Tmem222,0
Wdtc1,0
Pigv,0
Pnrc2,0
Pithd1,0
C1qb,0
C1qc,0
Epha8,1
Cdc42,0
Hspg2,0
Hp1bp3,0
Ddost,0
Rnf186,0
Sdhb,0
Necap2,0
Fbxo42,0
Hspb7,0
Pdpn,1
Mfn2,0
Plod1,0
Mtor,0
Srm,0
Tardbp,0
Ube4b,0
Rpl22,0
Lrrc47,0
Rer1,0
Gnb1,1
Cdk11b,0
Mmp23,0
Ube2j2,0
Sdf4,0
Ankib1,0
Krit1,0
Sri,0
Magi2,0
Ptpn12,0
Fgl2,0
Armc10,0
Reln,0
Fastk,1
Agap3,1
Chpf2,0
Hadhb,0
Mapre3,0
Ost4,0
Ppm1g,0
Nrbp1,0
Mrpl33,0
Spon2,0
Htt,0
Hgfac,0
Htra3,0
Clnk,1
Med28,0
Pcdh7,0
Pgm2,0
Ube2k,0
Rbm47,0
Limch1,0
Slain2,0
Ociad2,1
Chic2,0
Pdgfra,1
Ugt2b34,0
G3bp2,0
Stbd1,0
Ccni,0
Fras1,0
Anxa3,0
Hnrnpd,0
Sec31a,0
Coq2,0
Mrps18c,0
Cds1,1
Arhgap24,0
Tgfbr3,1
Gfi1,0
Atp5k,0
Dgkq,0
Chfr,0
Golga3,0
Noc4l,0
Ep400,0
Ulk1,0
2900026A02Rik,0
Sart3,0
Tmem119,0
Coro1c,0
Ssh1,0
Ube3b,0
Fam222a,0
Sppl3,1
Pop5,0
Pxn,0
Rplp0,0
BC051077,0
Ptpn11,0
Trafd1,0
Tctn1,0
Zcchc8,0
Vps37b,0
Arl6ip4,0
Eif2b1,0
Tmem132d,0
Tmem248,0
Tyw1,0
Auts2,0
Gtf2i,0
Clip2,0
Cldn3,1
Dnajc30,0
Ywhag,0
Rasa4,0
Polr2j,0
Ephb4,1
Ppp1r35,0
Lamtor4,0
Zfp68,0
Pdgfa,0
Snx8,0
Eif3b,0
Chst12,0
Gna12,1
Foxk1,0
Bri3,0
Arpc1b,0
Pdap1,0
Bud31,1
Atp5j2,0
Zkscan14,0
Zkscan5,0
Rpl21,0
Lnx2,0
Polr1d,0
Katnal1,0
Col1a2,0
Casd1,0
Ndufa4,0
2610001J05Rik,0
Tfec,0
Tspan12,0
Arf5,0
Irf5,0
Smo,1
Mkln1,0
Podxl,0
9330158H04Rik,0
Creb3l2,0
Tmem213,0
Agk,0
Mgam,0
1700074P13Rik,0
Sval3,0
Cntnap2,1
Zfp956,0
Rarres2,1
Gimap8,0
Tmem176b,0
Malsu1,0
Igf2bp3,0
Tra2a,0
Wipf3,0
Znrf2,0
Nt5c3,0
Vopp1,0
Fam13a,0
Atoh1,1
Igkc,1
Rpia,0
Kdm3a,1
Rnf181,0
Mat2a,0
Kcmf1,0
Suclg1,0
Tet3,0
Tex261,1
Dysf,0
Spr,0
Cct7,0
Snrpg,0
Pcbp1,0
Rab43,0
Rpn1,0
Sec61a1,0
Mcm2,0
Fbln2,1
Chchd4,0
Xpc,0
Mrps25,0
Frmd4b,0
Chl1,0
Edem1,0
Srgap3,0
Thumpd3,0
Gt(ROSA)26Sor,0
Tada3,0
Atg7,0
Rpl32,0
Tmcc1,0
Zfp422,0
Cxcl12,1
Hnrnpf,0
Adipor2,1
Fbxl14,0
Wnk1,0
Pex26,0
Mfap5,0
Apobec1,0
Foxj2,0
C3ar1,1
Lpcat3,0
Emg1,0
Phb2,0
Atn1,0
Tpi1,0
Usp5,1
Mlf2,0
Gapdh,1
Scnn1a,0
Ccnd2,0
Clec2d,1
Klra7,0
Gprc5a,1
Mgp,0
Eps8,0
Strap,1
Kcnj8,0
Cmas,0
D6Ertd474e,0
Kras,0
Sspn,0
Ergic2,0
Myadm,1
Ppp6r1,0
Rpl28,0
Zfp579,0
Epn1,0
Sae1,0
Zc3h4,0
Calm3,0
Irf2bp1,0
Snrpd2,0
Vasp,0
Clptm1,0
Apoc2,0
Apoe,1
Ceacam20,0
Ceacam10,0
Rabac1,0
Cyp2s1,0
Ltbp4,0
Shkbp1,1
Fbl,0
Zfp36,0
Sycn,0
Actn4,0
Zfp568,0
Polr2i,0
Tmem147,0
Usf2,0
Fxyd3,0
Lrp3,0
Tshz3,0
2310002F09Rik,0
Atf5,0
Tbc1d17,0
Med25,0
Prmt1,0
Rras,0
Prrg2,0
Rps11,0
Rpl13a,0
Nucb1,0
Ppp1r15a,0
Fut2,0
Nomo1,0
Gtf2h1,1
Nav2,0
Herc2,0
Atp10a,0
Mcee,0
Tm2d3,1
Slco3a1,0
Ntrk3,1
Mfge8,0
Idh2,0
Zfp592,0
Pde8a,0
Whamm,0
Homer2,0
Zfand6,0
2310010J17Rik,0
Sytl2,0
Crebzf,0
Dlg2,1
Prcp,0
Alg8,0
Ndufc2,0
Aamdc,0
Dgat2,0
Rps3,0
Spcs2,0
Lipt2,0
Kcne3,0
Ucp2,0
Coa4,0
Arhgef17,0
Pde2a,0
Rhog,0
Trim21,0
Smpd1,0
Mrpl17,0
Eif3f,0
Rnf141,0
Lyve1,1
Spon1,0
Tmem159,0
Uqcrc2,0
Mettl9,0
Dctn5,0
Coro1a,0
Ppp4c,0
Aldoa,0
Zfp768,0
Prr14,0
Fus,0
Trim72,1
Fgfr2,1
Dock1,0
Clrn3,0
Ptpre,1
Ppp2r2d,0
Mtg1,0
Nlrp6,0
Lrrc56,0
Rassf7,0
Rplp2,0
Tspan4,0
Chid1,0
Cdkn1c,0
Ccnd1,0
Arhgef18,0
Pet100,0
Tubgcp3,0
Fbxo25,0
Angpt2,1
Vps36,0
Sfrp1,1
Fnta,0
Sgcz,0
Zdhhc2,0
Asah1,0
Slc25a4,0
Ing2,0
Dctd,0
4930555F03Rik,0
Aga,0
Mfap3l,0
Sh3rf1,0
Csgalnact1,0
Lzts1,0
Atp13a1,0
Gatad2a,0
Upf1,0
Nr2f6,0
Dda1,0
B3gnt3,1
Zfp961,0
Rab8a,0
Arhgap10,0
Smad1,1
Otud4,0
Il15,1
Gipc1,1
Prkaca,0
Dcaf15,0
Nacc1,0
Nfix,0
Farsa,0
Wdr83,0
Man2b1,0
Vps35,0
Heatr3,0
Adcy7,0
Tox3,0
Chd9,0
Fto,0
Mt2,0
Mt1,0
Nup93,0
Arl2bp,0
Dok4,1
Zfp319,0
Got2,0
Bean1,0
Nae1,0
Psmb10,0
Nfatc3,1
Slc7a6os,0
Cdh1,1
Nfat5,0
Psmd7,0
Ap1g1,1
Marveld3,0
Chst4,1
Cog4,0
Pdpr,0
Mlkl,1
Gabarapl2,0
Nudt7,0
Cmc2,0
Cmip,0
Vps9d1,0
Rbm34,0
Itgb1,1
Gucy1a2,0
Casp4,0
Birc2,1
Birc3,1
Arhgap42,0
Cntn5,0
Pin1,0
Eif3g,0
Icam1,1
Ap1m2,0
Ilf3,0
Carm1,0
Tmem205,0
Prkcsh,0
Zfp810,0
Vps26b,0
Opcml,1
St14,0
Arhgap32,0
Stt3a,0
Arhgef12,1
Thy1,0
Dpagt1,0
Phldb1,0
Tagln,0
Rexo2,0
Ncam1,1
Sdhd,0
Dlat,0
Idh3a,0
Psma4,0
Chrnb4,1
Ube2q2,0
Tspan3,0
Hmg20a,0
Cspg4,0
Cox5a,0
Scamp2,0
Stoml1,0
Nptn,0
Neo1,1
Arih1,0
Hexa,0
Rplp1,0
Cln6,0
Smad3,0
Rpl4,0
Snapc5,0
Tipin,0
Spg21,0
Snx1,1
Dapk2,0
Herc1,0
Tpm1,0
Rora,1
Anxa2,0
Tcf12,0
Rab27a,0
Rsl24d1,0
Arpp19,0
Cox7a2,0
Myo6,0
Phip,1
Mthfs,0
Slc9a9,0
Tfdp2,0
Stag1,0
Pccb,0
Anapc13,0
Amotl2,0
Ryk,1
Srprb,1
Acpp,0
Rpl29,0
Manf,0
Rhoa,0
Gpx1,0
Qars,0
Ip6k2,0
Shisa5,0
Ccdc51,0
Dhx30,0
Ubp1,0
Cnot10,0
Dync1li1,0
Cmtm8,0
Tgfbr2,1
Rbms3,0
Golga4,0
Acaa1a,0
Wdr48,0
Rpsa,1
Rpl14,0
Ctnnb1,0
Snrk,0
Zdhhc3,0
Clec3b,0
Cdcp1,0
Lars2,0
Limd1,0
Sacm1l,0
Ccr2,1
Ccr5,1
Pcmt1,0
Lats1,0
Stxbp5,0
Myb,0
Rps12,0
Stx7,1
Med23,1
Arg1,0
Akap7,0
Lama2,0
Trmt11,0
Hint3,0
Marcks,0
Sesn1,0
Nus1,1
Slc35f1,0
Smpdl3a,0
Pcbd1,0
Sar1a,0
Nrbf2,0
Ccdc6,0
Bicc1,0
Chchd10,0
Col6a2,0
Rrp1,0
Misp,0
Med16,1
Tmem259,0
Atp5d,0
Rps15,0
Tcf3,0
Mknk2,0
Map2k2,0
Zbtb7a,1
Hmg20b,0
Fzr1,0
Nfyb,0
Rtcb,0
Timp3,0
Gnptab,0
Mybpc1,0
Arl1,0
Socs2,1
Mrpl42,0
Atp2b1,0
Nav3,0
Atxn7l3b,0
Tspan8,0
Ptprr,1
Lyz2,0
Rap1b,0
Grip1,1
Tmbim4,0
Msrb3,0
Tbc1d30,0
Gns,0
Arhgef25,0
Myo1a,0
Cnpy2,0
Smarcc2,0
Rpl41,0
Rnf185,0
Smtn,0
Tcn2,0
Tbc1d10a,0
Xbp1,0
Dbnl,0
Ykt6,0
Nudcd3,0
Igfbp3,1
Upp1,0
Ddc,0
4930554G24Rik,0
Wdr92,0
C1d,1
Ugp2,0
Otx1,0
Cct4,0
Xpo1,0
Usp34,0
Rtn4,0
Bod1,0
Cpeb4,0
Mpg,0
Stk10,0
Npm1,0
Slit3,1
Rars,0
Pttg1,0
Trim41,0
Mgat1,0
Flt4,1
Cnot6,0
Mapk9,0
Mgat4b,0
Maml1,1
Canx,0
Col23a1,0
Sar1b,0
Ppp2ca,0
Uqcrq,0
Pdlim4,0
Slc36a1,0
Atox1,0
Mfap3,0
Sap30l,0
Lypd8,0
2310033P09Rik,0
Mprip,0
Rai1,0
Ubb,0
2410006H16Rik,0
Cox10,0
Map2k4,0
Gas7,0
Slc25a35,0
Vamp2,0
Chd3,0
Naa38,0
Polr2a,0
Zbtb4,0
Tmem256,0
Gabarap,1
Acadvl,0
Slc25a11,0
Pfn1,0
Eno3,0
Camta2,0
Nup88,0
Ggt6,0
Ube2g1,0
Ovca2,0
Cpd,0
Blmh,0
Ssh2,0
Traf4,1
Supt6,0
Slc13a2,0
Lgals9,0
Wsb1,0
Nf1,0
Zfp207,0
Myo1d,0
Asic2,0
Ccl8,0
Slfn4,0
Ap2b1,1
Ccl9,0
Ccl6,0
Synrg,0
Vmp1,0
Srsf1,0
Mbtd1,0
Eme1,0
Mrpl27,0
Slc35b1,0
Zfp652,0
Hoxb6,0
Kpnb1,1
Mrpl45,0
Mllt6,0
Cisd3,0
Fbxl20,0
Ppp1r1b,1
Stard3,0
Nr1d1,1
Casc3,0
Smarce1,0
Krt20,0
Eif1,0
Jup,0
Acly,0
Cnp,0
Rab5c,0
Becn1,0
Psme3,0
Etv4,0
Ppy,0
Pyy,1
Ubtf,0
Fzd2,1
Eftud2,0
Hexim1,0
Arhgap27,0
Cdc27,0
Efcab3,0
Ace,0
Ftsj3,0
Ddx5,0
Abca8b,0
Slc39a11,0
Rpl38,1
Ttyh2,0
Rab37,0
Sumo2,0
Mrps7,0
Grb2,1
Smim6,0
Wbp2,1
Fbf1,0
Ten1,0
Prpsap1,0
Cygb,1
Srsf2,0
Tmc8,0
Pgs1,0
Lgals3bp,0
Cant1,0
Engase,0
Cbx4,0
Rnf213,0
Slc38a10,0
Hgs,1
Arhgdia,0
Anapc11,0
Gps1,0
Hexdc,0
Ddx1,0
Pdia6,0
Odc1,0
Rps7,0
Sypl,0
Agr2,0
Tspan13,0
Dgkb,0
Arl4a,0
Arhgap5,0
Sptssa,0
Cfl2,0
Baz1a,0
Psma6,0
Ralgapa1,0
Mipol1,0
Pnn,1
Arf6,0
Mnat1,0
Slc38a6,0
Snapc1,0
Wdr89,0
Fntb,0
Gpx2,0
Mpp5,0
Eif2s1,0
Plek2,0
Pigh,0
Srsf5,0
Pcnx,0
Rbm25,0
Psen1,1
Dlst,0
Nek9,0
Snw1,1
Nrxn3,1
4930544I03Rik,0
Cep128,0
Calm1,0
Fbln5,0
Golga5,0
Otub2,0
Ifi27l2a,0
Ifi27l2b,0
Serpina3n,0
Glrx5,0
Meg3,0
Hsp90aa1,0
Zfp839,0
Tecpr2,0
Amn,1
Eif5,0
Mark3,0
Ckb,0
Zfyve21,0
Zbtb42,0
Mta1,0
Igha,0
Dip2c,0
Pou6f2,0
Vps41,0
Stard3nl,0
Epdr1,0
Acot13,0
Gpld1,0
Dusp22,0
Irf4,1
Serpinb1a,0
Serpinb9,0
Serpinb6a,0
Tubb2a,0
Prpf4b,0
Ssr1,1
Smim13,0
Mcur1,0
Jarid2,0
Nup153,0
Ecm2,0
Iars,0
Auh,0
4833439L19Rik,0
Cltb,1
Nsd1,1
Rab24,0
Prelid1,0
Grk6,1
Ddx41,0
Fam193b,0
Caml,1
Pcbd2,0
Idnk,0
2210016F16Rik,0
Dapk1,0
Ctsl,0
Rsl1,0
Nsun2,0
Med10,0
Lpcat1,0
Exoc3,0
Ccdc127,0
Hapln1,0
Tmem167,0
Rps23,0
Thbs4,0
Ap3b1,0
Zbed3,0
F2rl1,1
F2r,1
Sv2c,0
Tnpo1,1
Ptcd2,0
Naip5,0
Naip6,0
Naip1,0
Mast4,0
Pde4d,0
Ndufs4,0
Itga1,1
Nnt,0
Hmgcs1,0
Ube2e2,0
Il3ra,1
Thoc7,0
Ecd,0
Mrps16,0
Anxa7,0
Kcnma1,0
Rps24,0
Zmiz1,1
Zcchc24,0
Dennd6a,1
Chdh,0
Tkt,0
Mustn1,0
Pbrm1,1
Stab1,1
Bap1,0
Sh3bp5,0
Arhgap22,0
2610528A11Rik,0
Ghitm,0
Tspan14,0
Bmp4,1
Lgals3,1
Ktn1,0
Ttc5,0
Parp2,0
Mettl3,0
Dad1,0
Psmb5,0
Dcaf11,0
Psme1,0
Tinf2,0
Pspc1,0
Mipep,0
Kpna3,0
Trim13,0
Ctsb,0
Ints9,0
Ptk2b,1
Adamdec1,0
Ccar2,0
Reep4,0
Dok2,0
Rcbtb2,0
Lpar6,1
Lrch1,0
Lcp1,0
Tsc22d1,0
Wbp4,1
Klf5,0
Tbc1d4,0
Lmo7,0
Gpr180,1
Dnajc3,0
Mbnl2,0
Clybl,0
Oxct1,0
Rpl37,0
Lifr,1
Prlr,1
C1qtnf3,0
Adamts12,0
Tars,0
Zfr,0
Golph3,0
Zfp622,0
Sdc2,1
Cpq,0
Rpl30,0
Vps13b,0
Cox6c,0
Pabpc1,0
Ncald,1
Dcaf13,1
Rims2,0
Oxr1,0
Wdyhv1,0
Ndufb9,0
Mtss1,1
Trib1,0
Gsdmc4,0
Kcnq3,1
Trappc9,0
Gpr20,1
Ptp4a3,0
Ly6c1,0
Gsdmd,0
Eef1d,0
Sharpin,0
Hsf1,0
Adck5,0
Slc39a4,0
Arhgap39,0
Rpl8,0
Apol6,0
Rbfox2,1
Txn2,0
Sh3bp1,1
H1f0,0
Ankrd54,0
Polr2f,0
Tomm22,0
Apobec3,0
Rpl3,0
Tnrc6b,0
Ep300,0
Tef,0
Aco2,0
Ndufa6,0
A4galt,1
Fbln1,0
Atxn10,0
Trabd,0
Lmf2,0
Chkb,0
Rabl2,0
Twf1,0
Arid2,1
Slc38a2,0
Pced1b,0
Senp1,0
Kansl2,0
Prkag1,0
Tuba1b,0
Tuba1a,0
Tuba1c,0
Pou6f1,0
Krt7,0
Eif4b,0
Tarbp2,0
Calcoco1,1
Hnrnpa1,0
Copz1,0
Zfp263,0
Smim22,0
Glyr1,0
Ubn1,0
Usp7,0
1810013L24Rik,0
Zc3h7a,0
Gspt1,0
Pla2g10,0
Mcm4,0
Pkp2,1
Sdf2l1,0
Aifm3,0
Med15,0
Klhl22,0
Slc25a1,0
Ranbp1,0
Comt,0
Mrpl40,0
Eif2b5,0
Ap2m1,0
Abcf3,0
Alg3,0
Psmd2,1
2510009E07Rik,0
Tra2b,0
Eif4a2,0
Fgf12,0
Opa1,0
Ppp1r2,0
Rpl35a,0
Muc13,0
Fam162a,0
Ndufb4,0
Naa50,0
Cd200,0
Tfg,0
St3gal6,1
Cxadr,1
App,1
Adamts5,0
Ltn1,0
Usp16,0
Map3k7cl,0
Scaf4,0
Paxbp1,0
Gart,0
Son,0
Clic6,0
Cbr3,0
Dyrk1a,0
Hmgn1,0
Sh3bgr,0
Scaf8,0
Tiam2,0
Slc22a1,0
Wtap,0
Zfp942,0
Atp6v0c,1
Pgp,0
Traf7,1
Rps2,0
Snhg9,0
Mapk8ip3,0
Ube2i,0
Stub1,0
Rab11fip3,0
Nme4,0
Axin1,0
Ergic1,0
Atp6v0e,1
Phf1,0
Bak1,0
Rps10,0
Snrpc,0
Rpl10a,0
Srpk1,0
Srsf3,0
Mtch1,0
Slc37a1,0
Ndufv3,0
U2af1,0
Wiz,0
Cyp4f14,0
Hnrnpm,1
Ndufa7,0
Tapbp,0
H2-K1,0
Brd2,0
Tap1,0
Psmb8,0
Tap2,0
H2-Ab1,0
H2-Aa,0
Agpat1,0
C4b,0
Stk19,0
Nelfe,0
1110038B12Rik,0
Abhd16a,0
Csnk2b,0
2310061I04Rik,0
Trim26,0
Tnfrsf21,1
Cyp39a1,0
Clic5,0
Cdc5l,0
Slc35b2,0
Hsp90ab1,0
F630040K05Rik,0
Vegfa,0
Klc4,0
Ubr2,0
Nfya,0
Daam2,0
Kcnh8,0
Sh3gl1,0
Plin3,1
Ndufa11,0
Acer1,0
Khsrp,0
Twsg1,1
Rab12,0
Ptprm,1
Lama1,0
Smchd1,0
Ndc80,0
Lclat1,0
Xdh,0
Yipf4,0
Strn,1
Map4k3,0
Cox7a2l,0
Lrpprc,0
Ppm1b,0
Epcam,0
Msh2,0
Zeb1,0
Epc1,0
Wac,0
Ccny,0
Mib1,1
Mep1b,0
Mapre2,0
Wdr33,0
Map3k2,0
Srp19,0
Reep5,0
Sil1,0
Paip2,0
Ube2d2a,0
Cystm1,0
Hars,0
Zmat2,0
Pcdhb12,1
Gnpda1,0
Yipf5,0
Lars,0
Myot,0
Mcc,0
Phax,0
Lmnb1,0
Rbm22,0
Cdx1,0
Hmgxb3,0
Csnk1a1,0
Pcyox1l,0
Txnl1,0
Wdr7,0
Atp8b1,0
Lman1,1
Seh1l,0
Rnmt,1
Smad4,1
Myo5b,0
BC031181,0
Smad2,1
Pias2,1
Atp5a1,0
Txnl4a,0
Dok6,0
Mrpl21,0
Chka,0
Ndufs8,0
Ndufv1,0
Cdk2ap2,0
Ppp1ca,0
Kdm2a,0
Yif1a,0
Sf3b2,0
Banf1,0
Drap1,0
Cfl1,0
Kat5,0
Ehbp1l1,0
Capn1,0
Sf1,1
Gpr137,0
Dnajc4,0
Stip1,0
Macrod1,0
Cox8a,0
Naa40,0
Atl3,0
Chrm1,1
Slc3a2,0
Ttc9c,0
Ganab,0
Mta2,0
Ahnak,0
Tmem258,0
Syt7,0
Tmem109,0
Prpf19,0
Ms4a7,1
D030056L22Rik,0
Zfand5,1
Pgm5,0
Sgms1,0
Pten,0
Slc16a12,0
Exoc6,0
Myof,0
Ffar4,1
Aldh18a1,0
Tm9sf3,0
Pgam1,0
Mms19,1
Marveld1,0
R3hcc1l,0
Nkx2-3,0
Erlin1,1
Chuk,0
Scd1,0
Sema4g,1
Mrpl43,0
Btrc,0
Nolc1,0
Cuedc2,0
Trim8,0
Neurl1a,0
Sfr1,1
Sorcs1,1
4833407H14Rik,0
Casp7,0
Trub1,0
Atrnl1,1
Otud5,0
Timm17b,0
Glod5,0
Tbc1d25,0
Dynlt3,0
Tspan7,0
Mid1ip1,0
Cask,0
Maoa,0
Slc9a7,0
Uba1,0
Il13ra1,1
Pgrmc1,1
Slc25a5,0
Stag2,0
Aifm1,0
Hprt,0
Fhl1,0
Atp11c,0
Ids,0
Bgn,0
Slc6a8,0
Ssr4,0
Emd,0
Atp6ap1,1
Gdi1,0
Lage3,0
G6pdx,0
Pls3,0
Tbl1x,1
Rps4x,0
Atrx,0
Atp7a,0
Itm2a,0
Nox1,0
Hnrnph2,0
Morf4l2,0
Rnf128,0
Cldn2,0
Tsr2,0
Smc1a,0
Sat1,0
Rps6ka3,0
Sh3kbp1,0
Pdha1,0
Rbbp7,0
Pir,0
Piga,0
Ddx3y,0
mt-Nd1,0
mt-Co1,0
mt-Co2,0
mt-Atp6,0
