gene,label
Sntg1,0
Ncoa2,1
Tram1,0
Ube2w,0
Col19a1,0
Lmbrd1,0
Ptp4a1,0
Imp4,0
Mgat4a,0
Rpl31,0
Mrps9,0
Nck2,1
Col5a2,0
Slc39a10,0
Mob4,0
Spats2l,0
Ppil3,0
Cflar,0
Fzd7,1
Sumo1,0
Adam23,0
Fastkd2,0
Pikfyve,1
Rpl37a,0
Aamp,0
Ctdsp1,0
Glb1l,0
Gmppa,0
Ap1s3,0
Cul3,0
Tm4sf20,0
C130026I21Rik,0
Sp110,1
Itm2c,0
2810459M11Rik,0
Ncl,0
Eif4e2,0
Inpp5d,0
Dgkd,0
Col6a3,0
Asb1,0
Rnf152,0
Ptpn4,1
Ccdc93,0
Actr3,0
Slc35f5,0
Klhdc8a,1
Snrpe,0
Prelp,0
Cyb5r1,0
Adipor1,1
Nav1,0
Phlda3,0
Lad1,0
Aspm,0
Cdc73,0
Tpr,0
Rnf2,0
Arpc5,0
Smg7,0
Dhx9,0
Cacna1e,0
Xpr1,1
Tor1aip2,0
Atp1b1,0
Gpa33,0
Fcgr2b,1
Fcgr4,0
Sdhc,0
Tstd1,0
Dcaf8,0
Pigm,0
Mndal,0
Cox20,0
Wdr26,0
Lbr,0
Esrrg,1
Dtl,0
Traf3ip3,0
Camk1d,0
Sec61a2,0
Atp5c1,0
Tmem236,0
Dnajc1,0
Commd3,0
Etl4,0
Acbd5,0
Il1rn,0
Psd4,0
Pnpla7,0
Ubac1,0
Pmpca,0
Surf1,0
Surf4,0
Cacfd1,0
Ralgds,0
Med27,1
Rapgef1,0
Urm1,0
Odf2,0
Gle1,0
Endog,0
Exosc2,0
Fam102a,0
Stxbp1,1
Rpl12,0
Hspa5,0
Rab14,0
Gsn,0
Ttll11,0
Ndufa8,0
Rabgap1,0
Rpl35,0
Ppp6c,0
Zeb2,0
Mbd5,0
Rbm43,0
Nmi,0
Fmnl2,0
Upp2,0
Dpp4,1
Cers6,0
Spc25,0
Ppig,0
Ssb,0
Ubr3,0
Gorasp2,0
Dync1i2,0
Cdca7,0
Ola1,0
Nfe2l2,0
Agps,0
Rbm45,0
Prkra,0
Sestd1,0
Cwc22,0
Itga4,0
Dnajc10,0
Zfp804a,0
Ctnnd1,0
Zdhhc5,1
Serping1,0
Kbtbd4,0
Acp2,0
Ddb2,0
Dgkz,0
Trp53i11,0
Commd9,0
Pamr1,0
Elf5,0
Cat,0
Caprin1,0
Hipk3,0
Cstf3,0
Ccdc73,0
Arl14ep,0
Fam98b,0
Ppp1r14d,0
Itpka,0
Tgm5,0
Mfap1b,0
Eif3j1,0
B2m,0
Sord,0
Duox2,0
Myef2,0
Dut,0
Galk2,0
Trpm7,1
1810024B03Rik,0
Tmem127,0
Mrps5,0
Bub1,0
Tmem87b,0
Zc3h8,0
Ddrgk1,0
Smox,1
Pcna,0
Plcb1,0
Mkks,0
Rrbp1,0
Slc24a3,0
Naa20,0
Cst3,0
Pygb,0
a,0
Ncoa6,1
Eif6,0
Rbm39,1
Phf20,0
Scand1,0
Aar2,0
Samhd1,0
Blcap,0
Nnat,0
Srsf6,0
Ywhab,0
Sdc4,1
Wfdc2,0
Ctsa,0
Pltp,0
Arfgef2,0
Stau1,0
Rnf114,0
Atp9a,0
Zfp64,0
Zbp1,0
Pmepa1,1
Vapb,0
Stx16,1
Npepl1,0
Nelfcd,0
Psma7,0
Slc17a9,0
Prpf6,1
Pex2,0
Tpd52,0
Fabp5,1
Impa1,0
Fndc3b,0
Pld1,0
Rpl22l1,0
Prkci,0
4932438A13Rik,0
Nudt6,0
Naa15,0
Rab33b,0
Ufm1,0
Postn,0
Supt20,0
Alg5,0
Serp1,0
Eif2a,0
P2ry14,1
Igsf10,0
Dhx36,0
Lxn,0
Mfsd1,0
Smc4,0
Ppid,0
Rps3a1,0
Hdgf,0
Mrpl24,0
Rab25,0
Ssr2,1
Syt11,0
Fdps,1
Fam189b,0
Gba,0
Krtcap2,0
Slc50a1,0
Pygo2,0
Hax1,0
Ubap2l,0
Nup210l,0
Chtop,0
S100a14,0
S100a4,0
S100a6,0
S100a11,0
Mrpl9,0
Cgn,0
Pogz,0
Psmd4,0
Cdc42se1,0
Mcl1,0
Anp32e,0
Plekho1,0
Polr3c,0
Gpr89,0
Pde4dip,0
Hmgcs2,0
Phgdh,0
Sike1,0
Slc16a1,0
Mov10,0
St7l,0
Rap1a,0
Dennd2d,0
Strip1,0
Ahcyl1,1
Csf1,0
Ampd2,0
Sort1,1
Fam102b,0
Vcam1,0
Pde5a,0
1810037I17Rik,0
Camk2d,0
Gar1,0
Sec24b,0
Papss1,0
Aimp1,0
Cisd2,0
Bank1,1
Dnajb14,0
Adh1,0
Stpg2,0
Unc5c,1
Pdlim5,0
Prkacb,0
Pigk,0
Srsf11,0
Rab2a,0
Chd7,0
Plekhf2,0
Esrp1,0
Decr1,0
Ndufaf4,0
Lyrm2,0
4933421O10Rik,0
Ube2j1,0
Slc35a1,0
Mob3b,0
Ddx58,0
Spink4,0
Chmp5,1
Nfx1,0
Nol6,0
Dcaf12,0
Il11ra1,0
Rpp25l,0
Sigmar1,1
Stoml2,1
Tesk1,0
Ccdc107,0
Gba2,0
Rnf38,0
Exosc3,0
Anp32b,0
Galnt12,0
Sec61b,0
Tmeff1,1
Klf4,0
Ptbp3,0
E130308A19Rik,0
Slc31a1,0
Cdc26,0
Bspry,0
Cdk5rap2,0
Nfib,0
Bnc2,0
Plin2,0
Rps6,0
Acer2,0
Mllt3,0
Plaa,0
Leprot,1
Tmem59,0
Lrrc42,0
Lrp8,1
Cpt2,0
Txndc12,0
Nrd1,0
Osbpl9,1
Skint5,0
Foxd2,0
Pik3r3,0
Prdx1,0
Eif2b3,0
Rnf220,0
Atp6v0b,1
Kdm4a,0
Ptprf,1
Guca2a,0
Smap2,0
Zmpste24,0
Macf1,0
Sf3a3,0
Inpp5b,0
1110065P20Rik,0
Zc3h12a,0
Thrap3,1
Psmb2,0
AU040320,0
Zmym4,0
Sfpq,0
Rnf19b,0
Zbtb8os,0
Hdac1,0
Eif3i,0
Trnau1ap,0
Phactr4,0
Stx12,1
Wasf2,1
Gpn2,0
Sfn,0
Arid1a,1
Rps6ka1,0
Dhdds,0
Lin28a,0
Ubxn11,0
Mtfr1l,0
Clic4,0
Lypla2,0
Hnrnpr,0
Cdc42,0
Usp48,0
Hp1bp3,0
Camk2n1,0
Tmco4,0
Akr7a5,0
Necap2,0
Ddi2,0
Pdpn,1
Miip,0
2510039O18Rik,0
Rere,0
Dnajc11,0
Kcnab2,0
Ski,0
Nadk,0
Ssu72,0
Sdf4,0
Krit1,0
Cyp51,0
Sri,0
Pclo,0
Ptpn12,0
Fgl2,0
Armc10,0
Psmc2,0
Abcb8,0
Fastk,1
Abcf2,0
Chpf2,0
Dnajb6,0
Mapre3,0
Cad,0
Eif2b4,0
Gpn1,0
Tacc3,0
Mfsd10,0
Hgfac,0
Fgfbp1,0
Ncapg,0
Sod3,0
Sepsecs,0
Pcdh7,0
0610040J01Rik,0
Pgm2,0
Fam114a1,0
Rfc1,0
Lias,0
Ube2k,0
Rbm47,0
Slain2,0
Fryl,0
Pdgfra,1
Srp72,0
Noa1,0
Slc4a4,0
Rassf6,0
Anxa3,0
Hnrnpd,0
Hnrnpdl,0
Cops4,0
Cds1,1
Arhgap24,0
Hsd17b11,0
Tgfbr3,1
Gfi1,0
Pgam5,0
Fbrsl1,0
A630023P12Rik,0
Noc4l,0
Ep400,0
Pus1,0
Mlec,0
Pxn,0
Prkab1,0
Tesc,0
Ddx54,1
Oas1a,0
Ptpn11,0
Trafd1,0
Aldh2,0
Ppp1cc,0
Kdm2b,0
Setd1b,0
Mlxip,0
Hip1r,0
Ran,1
Mrps17,0
Rabgef1,0
Tmem248,0
Gtf2i,0
Clip2,0
Tbl2,0
Polr2j,0
Alkbh4,0
Cux1,0
Znhit1,0
Trim56,0
Zan,0
Ppp1r35,0
Mcm7,0
Taf6,0
Chst12,0
Ttyh3,0
Gna12,1
Foxk1,0
Actb,0
Eif2ak1,0
Trrap,0
Arpc1b,0
Cdk8,0
Lnx2,0
Polr1d,0
Cdx2,0
Pan3,0
Slc46a3,0
Ubl3,0
Col1a2,0
Pon3,0
Ndufa4,0
Tmem168,0
2610001J05Rik,0
Mdfic,0
Tfec,0
Cav1,0
Kcnd2,0
Cadps2,0
Gcc1,0
Arf5,0
Calu,0
Atp6v1f,1
Ahcyl2,0
Nrf1,0
Mkln1,0
Plxna4,1
Akr1b3,0
Wdr91,0
1810058I24Rik,0
Trim24,1
Mkrn1,0
Mgam,0
1700074P13Rik,0
Sval3,0
Zyx,0
Ezh2,0
Zfp956,0
Zfp777,0
Rarres2,1
Gimap8,0
Gimap4,0
Snx10,0
Hibadh,0
Gars,0
Aqp1,0
Nt5c3,0
Ppm1k,0
Tigd2,0
Hpgds,0
Serbp1,0
Igkv4-72,0
Ptcd3,0
Mat2a,0
Capg,0
Mogs,0
Wbp1,1
Exoc6b,0
Spr,0
Cct7,0
Snrpg,0
Tia1,0
Pcbp1,0
Arhgap25,0
Rab43,0
Hmces,0
Mcm2,0
Chchd4,0
Xpc,0
Mrps25,0
Frmd4b,0
Foxp1,0
Cntn3,0
Chl1,0
Crbn,0
Edem1,0
Grm7,1
Gt(ROSA)26Sor,0
Rpusd3,0
Brk1,0
Vhl,0
Irak2,1
Pparg,1
Tmcc1,0
Cxcl12,1
Bms1,0
Fbxl14,0
Rad52,0
Wnk1,0
Kdm5a,0
Il17ra,1
C3ar1,1
Phb2,0
Tpi1,0
Cops7a,0
Chd4,0
Scnn1a,0
Ccnd2,0
Clec2d,1
Klrd1,0
Klrk1,1
Klra7,0
Magohb,0
Ddx47,0
Strap,1
Slco1b2,0
Cmas,0
Fgfr1op2,0
Cacng6,1
Tsen34,0
U2af2,0
Trim28,0
Lig1,0
Bbc3,0
Sae1,0
Foxa3,0
Opa3,0
Clptm1,0
Apoc2,0
Apoe,1
Zfp94,0
Arhgef1,1
Rabac1,0
Exosc5,0
Hnrnpul1,0
Ltbp4,0
Shkbp1,1
Sptbn4,0
Fbl,0
Zfp36,0
Paf1,0
Mrps12,0
Sirt2,0
Map4k1,0
Ggn,0
Zfp260,0
Polr2i,0
Psenen,1
U2af1l4,0
Ffar2,1
Fxyd3,0
Pepd,0
Lrp3,0
Tshz3,0
Ccne1,0
Pop4,0
Zfp141,0
Klk1,0
Tbc1d17,0
Fuz,0
Irf3,0
Scaf1,0
Snrnp70,0
Gys1,0
Bax,0
Ppp1r15a,0
Dbp,0
Cyth2,0
Kcnj14,0
Ush1c,0
Nav2,0
Nipa2,0
Tm2d3,1
Adamts17,0
Synm,0
Mfge8,0
Ticrr,0
Zfp710,0
Fes,1
Stard5,0
Eed,0
Sytl2,0
Dlg2,1
Prcp,0
Alg8,0
Clns1a,0
Capn5,0
Dgat2,0
Lipt2,0
Coa4,0
Mrpl48,0
Arhgef17,0
Arap1,1
Trpc2,0
Trim3,0
Ilk,0
Tpp1,0
Dchs1,1
Mrpl17,0
Rpl27a,0
Akip1,0
Rnf141,0
Usp47,0
Dkk3,0
Rps15a,0
Thumpd1,0
Acsm3,0
Uqcrc2,0
Mettl9,0
Plk1,0
Eif3c,0
Coro1a,0
Ppp4c,0
Mvp,0
Kif22,0
AI467606,0
Spn,0
Cd2bp2,0
Zfp768,0
Itgax,1
Wdr11,0
Bub3,0
Clrn3,0
Mki67,0
9430038I01Rik,0
Glrx3,0
Adam8,0
Echs1,0
Hras,0
Irf7,0
Pnpla2,0
Chid1,0
Cd81,0
Nap1l4,0
Ccnd1,0
Tpcn2,0
Mrgprf,1
Snapc2,0
Timm44,0
Cers4,0
Tubgcp3,0
Lamp1,1
Gas6,0
Fbxo25,0
Vps36,0
Golga7,0
Sfrp1,1
Zmat4,0
Pomk,0
Fnta,0
Ubxn8,0
Gsr,0
Frg1,0
Sorbs2,1
Slc25a4,0
Dctd,0
Neil3,0
Vegfc,1
Scrg1,0
Mfap3l,0
Spock3,0
Atp6v1b2,1
Atp13a1,0
Cope,0
Upf1,0
Isyna1,0
Mast3,0
Dda1,0
Plvap,0
Mvb12a,1
Colgalt1,0
B3gnt3,1
Smim7,0
Hmgxb4,0
Nr3c2,1
Rbmxl1,0
Mmaa,0
Smad1,1
Otud4,0
Hhip,1
Gab1,0
Ndufb7,0
Prkaca,0
D8Ertd738e,0
Trmt1,0
Nfix,0
Vps35,0
Lonp2,0
N4bp1,0
Heatr3,0
Tox3,0
Rbl2,0
Fto,0
Lpcat2,0
Ces1f,0
Ces1h,0
Zfp319,0
Bean1,0
Dync1li2,0
Nae1,0
Fhod1,0
Slc7a6os,0
Nfat5,0
Nob1,0
Il34,1
Sf3b3,0
Zfp1,0
Cfdp1,0
Gabarapl2,0
Mphosph6,0
Mlycd,0
Taf1c,0
Aprt,0
Chmp1a,0
Taf5l,0
Tsnax,0
Rbm34,0
Gucy1a2,0
Birc2,1
Arhgap42,0
Cep57,0
Smco4,0
Fat3,1
Ppan,1
Dnmt1,0
S1pr2,1
Raver1,0
Cdkn2d,0
Ap1m2,0
Yipf2,0
Ldlr,1
Cnn1,0
Acp5,0
Zfp810,0
Acad8,0
Vps26b,0
St14,0
Fam118b,0
Hspa8,0
Thy1,0
C2cd2l,0
Hyou1,0
Trappc4,0
Rps25,0
Arcn1,0
Cd3d,1
Tmprss4,0
Bace1,0
Drd2,1
2310030G06Rik,0
Ireb2,0
Imp3,0
Cox5a,0
Csk,1
Edc3,0
Stoml1,0
Uaca,1
Paqr5,1
Glce,0
Aagab,0
Rpl4,0
Spg21,0
Zfp609,0
Csnk1g1,0
Herc1,0
Usp3,0
Tln2,1
Bnip2,0
Gtf2a2,0
Polr2m,0
Cgnl1,0
Tex9,0
Rfx7,0
Rab27a,0
Rsl24d1,0
Tinag,0
Elovl5,0
Mto1,0
Slc17a5,0
Cox7a2,0
Myo6,0
Phip,1
Ibtk,0
Ctsh,0
Zbtb38,0
Slc25a36,0
Pccb,0
Anapc13,0
Ryk,1
Srprb,1
Dnajc13,0
Acpp,0
Cyb561d2,0
Rbm6,0
Gpx1,0
Ip6k2,0
Cdc25a,0
Dhx30,0
Ccdc12,0
Stt3b,0
Tgfbr2,1
Golga4,0
Exog,0
Rpsa,1
Nktr,0
Higd1a,0
Zdhhc3,1
Clec3b,0
Sacm1l,0
Ccr5,1
Akap12,0
Rmnd1,0
Pcmt1,0
Stxbp5,0
Phactr2,0
Slc35d3,0
Hbs1l,0
E030030I06Rik,0
Rps12,0
Akap7,0
Lama2,0
Ccdc162,0
Sesn1,0
Snx3,0
Psap,0
Vps26a,0
Ddx50,0
Herc4,0
Reep3,0
Nrbf2,0
Cisd1,0
Zwint,0
Susd2,0
Mif,0
Itgb2,0
Ube2g2,0
Rrp1,0
Pdxk,0
Cnn2,0
Cirbp,0
Rps15,0
Rexo1,0
Mob3a,0
Ap3d1,0
Dot1l,0
Plekhj1,1
Oaz1,0
Sppl2b,0
Pias4,0
Mrpl54,0
Hmg20b,0
Ncln,0
Chst11,0
Ckap4,0
Rtcb,0
Hsp90b1,0
Slc5a8,0
Tmpo,0
Cdk17,0
Lta4h,0
Btg1,1
Mgat4c,0
Otogl,0
Nav3,0
Zfc3h1,0
Cct2,0
Lyz2,0
Cpsf6,0
Mdm2,0
Tbk1,0
Mon2,0
B4galnt1,0
Arhgap9,0
Shmt2,0
Lrp1,1
Naca,0
Baz2a,0
Esyt1,0
Erbb3,1
Suox,0
Cdk2,0
Eif4enif1,0
Pik3ip1,0
Smtn,0
Pes1,0
Ccdc157,0
Mtmr3,0
Ap1b1,1
Gas2l1,0
Ewsr1,0
Xbp1,0
Mrps24,0
Nudcd3,0
Tbrg4,0
Igfbp3,1
Upp1,0
4930554G24Rik,0
Sec61g,0
Cct4,0
Fam161a,1
Rtn4,0
Acyp2,0
Bod1,0
Stk10,0
Npm1,0
Kcnip1,0
Lcp2,1
Rnf145,0
Adam19,0
Irgm1,0
Cnot6,0
Maml1,1
Hnrnph1,0
Clk4,0
Aff4,0
Uqcrq,0
Slc22a21,0
Pdlim4,0
Fnip1,0
Rapgef6,0
Hint1,0
Ccdc69,0
Slc36a1,0
Mfap3,0
Mrpl22,0
Lypd8,0
Snap47,1
Zkscan17,0
Mprip,0
Drg2,0
Tmem11,0
Usp22,1
Prpsap2,0
Akap10,0
Ncor1,1
Cenpv,0
Ubb,0
Gas7,0
Vamp2,0
Trappc1,0
Fxr2,0
Tnk1,0
Eif5a,0
Cldn7,0
Gabarap,1
Pfn1,0
Txndc17,0
Ggt6,0
Ube2g1,0
Ankfy1,0
Emc6,0
Srr,0
Ovca2,0
Cpd,0
Blmh,0
Slc6a4,0
Ssh2,0
Ksr1,0
Utp6,0
Zfp207,0
Slfn2,0
Ccl6,0
Wfdc17,0
Synrg,0
Dhrs11,0
Car4,0
Usp32,0
Med13,1
Ptrh2,0
Ska2,0
Mtmr4,0
Srsf1,0
Akap1,0
Mbtd1,0
Ankrd40,0
Lrrc59,0
Mrpl27,0
Ppp1r9b,0
Itga3,0
Spop,0
Zfp652,0
Hoxb6,0
Npepps,0
Mrpl45,0
Socs7,1
Lasp1,0
Stard3,0
Med24,1
Thra,1
Casc3,0
Jup,0
Nt5c3b,0
Cnp,0
Ezh1,0
Becn1,0
Rundc1,0
Atxn7l3,1
Ubtf,0
Fzd2,1
Eftud2,0
Hexim1,0
Dcaf7,0
Taco1,0
Ddx42,0
Psmd12,0
1700012B07Rik,0
2610035D17Rik,0
Rpl38,1
Ttyh2,0
Cdr2l,0
Nt5c,0
Myo15b,0
Smim6,0
H3f3b,0
Evpl,0
Srp68,0
Exoc7,0
Cygb,1
Mettl23,0
Srsf2,0
Mfsd11,0
Pgs1,0
Eif4a3,0
Slc38a10,0
Bahcc1,0
Hgs,1
P4hb,0
Alyref,0
Sirt7,0
Gps1,0
Rhob,0
Ddx1,0
Pdia6,0
Adam17,1
Rrm2,0
Id2,0
Rnaseh1,0
Cog5,0
Agr2,1
Arl4a,0
Heatr5a,0
Nubpl,0
Snx6,1
Fam177a,0
Nfkbia,0
Ralgapa1,0
Lrfn5,0
Fancm,0
Rps29,0
Dnaaf2,0
Nemf,0
Tmem30b,0
Wdr89,0
Sgpp1,0
Syne2,0
Hspa2,0
Fut8,0
Plekhh1,0
Zfp36l1,0
Numb,0
Isca2,0
Dlst,0
Tmed10,0
Pomt2,0
Snw1,1
4930544I03Rik,0
Calm1,0
Catsperb,0
Lgmn,0
Golga5,0
Chga,0
Unc79,0
Otub2,0
Ifi27l2a,0
Dicer1,0
Glrx5,0
Papola,0
Evl,0
Wars,0
Wdr25,0
Zfp839,0
Ckb,0
Akt1,1
Cep170b,0
Brf1,0
Mta1,0
Crip1,0
Ighg1,1
Pitrm1,0
Dip2c,0
Psma2,0
Trim27,0
Abt1,0
Acot13,0
9330162012Rik,0
Gpld1,0
Foxq1,0
Gmds,0
Prpf4b,0
Eci2,0
Cdyl,0
Dsp,0
Ofcc1,0
Tmem14c,0
Smim13,0
Nedd9,0
Mcur1,0
Mylip,0
Ogn,0
Iars,0
Spin1,0
Auh,0
Sfxn1,0
Rab24,0
Lman2,0
Ddx41,0
Fam193b,0
Idnk,0
2210016F16Rik,0
Ptdss1,0
Rsl1,0
Nsun2,0
Mrpl36,0
Slc12a7,0
Cast,0
Rfesd,0
Fam172a,0
Ccnh,0
Hapln1,0
Rps23,0
Ssbp2,0
Msh3,0
Dhfr,0
Arsb,0
F2r,1
Nsa2,0
Tnpo1,1
Ptcd2,0
Mrps27,0
Naip5,0
Naip1,0
Cd180,1
Mast4,0
Ndufaf2,0
Smim15,0
Elovl7,0
Dhx29,0
Arl15,0
Emb,0
Paip1,0
Ccl28,1
Ube2e1,0
Top2b,0
Il3ra,1
Thoc7,0
Oit1,0
Pdhb,0
Rpp14,0
Kcnk5,0
Nudt13,0
Ecd,0
Dnajc9,0
Mrps16,0
Fut11,0
Zmiz1,1
Dennd6a,1
Mustn1,0
Pbrm1,1
Stab1,1
Btd,0
Arhgap22,0
Ptpn20,0
Bmpr1a,1
2610528A11Rik,0
Ghitm,0
Tspan14,0
Gnpnat1,0
Fermt2,1
Bmp4,1
Gch1,0
Parp2,0
Osgep,0
Zfp219,0
Hnrnpc,0
Supt16,0
Mettl3,0
Slc7a7,0
Mrpl52,0
Lrp10,1
Prmt5,0
Irf9,0
Tinf2,0
Ripk3,1
Cbln3,0
Pspc1,0
Cab39l,0
Kpna3,0
Ctsb,0
Ints9,0
Esco2,0
Ccdc25,0
Adamdec1,0
Sorbs3,0
Hr,1
Fndc3a,0
Rcbtb2,0
Esd,0
Lcp1,0
Zc3h13,0
Gtf2f2,0
Tsc22d1,0
Pcdh9,0
Dach1,0
Slitrk5,1
Gpc5,0
Gpr180,1
Dnajc3,0
Farp1,0
Clybl,0
Pcca,0
Ghr,1
Lifr,1
Sub1,0
Zfr,0
Golph3,0
Pdzd2,0
Cdh12,1
Zfp622,0
Cpq,0
Laptm4b,0
Rpl30,0
Vps13b,0
Cox6c,0
Dcaf13,1
Rims2,0
Nudcd1,0
Pkhd1l1,0
Eif3h,0
Mrpl13,0
Derl1,0
Wdyhv1,0
Rnf139,0
Gsdmc4,0
Sla,1
Chrac1,0
Gpr20,1
Ly6a,0
Ly6c1,0
Gsdmd,0
Puf60,0
Grina,0
Gpaa1,0
Cyc1,0
Sharpin,0
Slc39a4,0
Cyhr1,0
Ppp1r16a,0
Rpl8,0
Apol10a,0
Eif3d,0
Rac2,0
Cyth4,0
Sh3bp1,1
Triobp,0
H1f0,0
Kdelr3,1
Rpl3,0
Tef,0
Smdt1,0
Ndufa6,0
Cyp2d34,0
Poldip3,0
A4galt,1
Efcab6,1
Fbln1,0
Ppara,1
Zbed4,0
Lmf2,0
Chkb,0
Arsa,0
Pdzrn4,0
Arid2,1
Pced1b,0
Kansl2,0
Ddx23,0
Kmt2d,1
Tuba1b,0
Tuba1a,0
Gpd1,0
Slc11a2,0
Tfcp2,0
Acvrl1,1
Igfbp6,0
Rarg,1
Prr13,0
Pcbp2,0
Tarbp2,0
Itga5,1
Zfp263,0
Cluap1,0
Glyr1,0
Pmm2,0
1810013L24Rik,0
Gspt1,0
Cpped1,0
Pdxdc1,0
Mcm4,0
Spidr,0
Pkp2,1
Ppm1f,0
Sdf2l1,0
Tmem191c,0
Klhl22,0
Ranbp1,0
Iglc2,1
Eif2b5,0
Abcf3,0
Alg3,0
2510009E07Rik,0
Tmem41a,0
Eif4a2,0
Sst,1
Lpp,1
Fgf12,0
Opa1,0
Ppp1r2,0
Bdh1,0
Pak2,0
Muc4,0
Fyttd1,0
Rpl35a,0
Osbpl11,1
Slc12a8,0
Slc15a2,0
Adprh,0
Poglut1,0
Lsamp,0
Ccdc80,0
Gcsam,1
BC016579,0
Cd47,1
Nfkbiz,0
Tfg,0
Col8a1,0
Pros1,0
4930453N24Rik,0
Cggbp1,0
Usp25,0
Cxadr,1
Atp5j,0
Ltn1,0
Usp16,0
Map3k7cl,0
Ifngr2,1
Son,0
Mrps6,0
Rcan1,0
Clic6,0
Dyrk1a,0
Sh3bgr,0
Scaf8,0
Arid1b,0
Snx9,1
Sytl3,0
Map3k4,0
Zfp53,0
Thoc6,0
Prss32,0
Eci1,0
Pgp,0
Msrb1,0
Mapk8ip3,0
Mrps34,0
Rab11fip3,0
Axin1,0
Rgs11,0
Atp6v0e,1
Phf1,0
Cuta,0
Bak1,0
Rps10,0
Rpl10a,0
Fgd2,0
Cmtr1,0
Brd4,0
Akap8,0
Tapbp,0
Rgl2,0
Rps18,0
Ring1,0
Brd2,0
H2-DMa,0
Psmb9,0
Tap1,0
H2-Aa,0
H2-Eb1,0
C4b,0
Dxo,0
Skiv2l,0
Nelfe,0
Slc44a4,0
Hspa1b,0
Csnk2b,0
Prrc2a,0
Ddx39b,0
H2-D1,0
H2-Q6,0
Tubb5,0
2310061I04Rik,0
Gnl1,0
H2-T22,0
Rpp21,0
Trim31,0
Tnfrsf21,1
Cyp39a1,0
Cdc5l,0
Vegfa,0
Tbcc,0
Ubr2,0
Daam2,0
Kat2b,0
Stap2,1
Sh3gl1,0
Plin3,1
Kdm4b,0
Safb,1
Ranbp3,0
Gpr108,1
Trip10,0
Cntnap5c,0
Vapa,0
Galnt14,0
Xdh,0
Slc30a6,0
Nlrc4,0
Eif2ak2,0
Atl2,0
Srsf7,0
Gemin6,0
Map4k3,0
Msh2,0
Mtpap,0
Svil,0
Zeb1,0
Arhgap12,0
Kif5b,0
Wac,0
Esco1,0
Riok3,0
Npc1,0
Dsc2,0
Galnt1,0
Fhod3,0
Pik3c3,0
Wdr33,0
Map3k2,0
Srp19,0
Reep5,0
Cdc23,0
Ctnna1,0
Ube2d2a,0
Pfdn1,0
Ankhd1,0
Wdr55,0
Hars,0
Hars2,0
Zmat2,0
Pcdhb12,1
Pcdh1,0
Gnpda1,0
Myot,0
Ythdc2,0
Ppic,0
Slc12a2,0
Rps14,0
Csf1r,1
Slc26a2,0
Pcyox1l,0
Txnl1,0
Fech,0
Nedd4l,0
Afg3l2,0
Seh1l,0
Rnmt,1
Mbd1,0
Rpl17,0
Smad2,1
Nfatc1,1
Mbp,0
Cndp2,0
Timm21,0
Tmx3,0
Ppp6r3,0
Chka,0
Tmem134,0
Coro1b,0
Rps6kb2,0
Pcx,0
Mrpl11,0
Rab1b,0
Sf3b2,0
Banf1,0
Ctsw,0
Cfl1,0
Rela,0
Map3k11,0
Scyl1,0
Mrpl49,0
Znhit2,0
Cdc42bpg,0
Map4k2,1
Sf1,1
Gpr137,0
Nudt22,0
Cox8a,0
Mark2,0
Atl3,0
Wdr74,0
Tmem223,0
Ttc9c,0
B3gat3,0
Asrgl1,0
Incenp,0
Dagla,0
Ddb1,0
Tmem132a,0
Prpf19,0
AW112010,0
Ms4a6b,0
Cep78,0
Pcsk5,0
Nmrk1,0
D030056L22Rik,0
Pip5k1b,0
Rfx3,0
Ermp1,0
Ranbp6,1
Asah2,0
Sgms1,0
Atad1,0
Tnks2,0
Exoc6,0
Myof,0
Ffar4,1
Cyp2c55,0
Aldh18a1,0
Tm9sf3,0
Pgam1,0
R3hcc1l,0
Erlin1,1
Chuk,0
Npm3,0
Nolc1,0
Pcgf6,0
Neurl1a,0
Sfr1,1
Pdcd4,0
Ablim1,0
Atrnl1,1
Eif3a,0
Csf2ra,1
Tbc1d25,0
Cybb,0
Gpr34,1
Maoa,0
Fundc1,0
Slc9a7,0
Pgrmc1,1
Upf3b,0
6030498E09Rik,0
Xpnpep2,0
Phf6,0
Cd99l2,0
Xlr4b,0
Abcd1,0
Irak1,1
Flna,1
Dnase1l1,0
Taz,0
Gdi1,0
G6pdx,0
Pls3,0
Igbp1,1
Ogt,0
Rps4x,0
Rlim,0
Atp7a,0
Sh3bgrl,0
Pof1b,0
Cstf2,0
Nox1,0
Bhlhb9,0
Tceal8,0
Morf4l2,0
Slc25a53,0
Cldn2,0
Amot,0
Ubqln2,0
Sms,0
Rps6ka3,0
Sh3kbp1,0
Cdkl5,0
Rai2,0
Tmsb4x,0
Tlr7,1
Prps2,0
Arhgap6,0
Ddx3y,0
mt-Co1,0
mt-Co2,0
mt-Co3,0
mt-Nd3,0
