gene,label
Fam135a,0
Ptp4a1,0
Kansl3,0
Zap70,1
Inpp4a,0
Rpl31,0
Mrps9,0
Nck2,1
Col5a2,0
Slc39a10,0
Nab1,0
Ankrd44,0
Sf3b1,0
Hspe1,0
Bzw1,0
Fam117b,0
Nrp2,1
Fastkd2,0
Ikzf2,0
Smarcal1,0
Vil1,0
Ap1s3,0
Cul3,0
Cab39,0
2810459M11Rik,0
Armc9,0
Dgkd,0
Hes6,0
Ppp1r7,0
Dtymk,0
Zcchc2,0
Dsel,0
Tsn,0
Tfcp2l1,0
Dbi,1
Mapkapk2,0
Ikbke,0
Elk4,0
Klhdc8a,1
Sox13,0
Prelp,0
Adipor1,1
Klhl12,0
Ppp1r12b,0
Csrp1,0
Ptprc,1
Tpr,0
Rgl1,0
Smg7,0
Dhx9,0
Fam20b,0
Vamp4,0
Mettl18,0
Mpzl1,1
Pou2f1,0
Pbx1,0
Nos1ap,0
Atf6,0
Fcgr4,0
Fcgr3,0
Tomm40l,0
Ndufs2,0
Usf1,0
Ncstn,1
Ifi205,0
Fh1,0
Cdc42bpa,0
Parp1,0
Acbd3,0
H3f3a,0
Sde2,0
Wdr26,0
Lbr,0
Esrrg,1
Nenf,0
Hhat,0
Traf3ip3,0
Plxna2,1
Bend7,0
Usp6nl,0
Vim,0
Commd3,0
Gpr158,1
Myo3a,1
Pnpla7,0
Inpp5e,0
Ralgds,0
Rapgef1,0
Endog,0
Exosc2,0
Pomt1,0
Ptges2,0
Angptl2,0
Gapvd1,0
Rabepk,1
Ndufa8,0
Ppp6c,0
Arhgap15,0
Acvr2a,1
A430018G15Rik,0
Gpd2,0
Rbms1,0
Tank,1
Cers6,0
Ssb,0
Ubr3,0
Tlk1,0
Dync1i2,0
Cdca7,0
Hnrnpa3,0
Nfe2l2,0
Rbm45,0
Cwc22,0
Itga4,0
Itgav,1
Serping1,0
Ube2l6,0
Ptprj,1
Ddb2,0
Arhgap1,0
Dgkz,0
Slc35c1,0
Cd82,0
Ttc17,0
Commd9,0
Pamr1,0
Caprin1,0
Katnbl1,0
Ppp1r14d,0
Itpka,0
Eif3j1,0
B2m,0
Sord,0
Dut,0
Usp8,0
1810024B03Rik,0
Fbln7,0
Smox,1
Macrod2,0
Rrbp1,0
Snx5,0
Sec23b,0
Slc24a3,0
Acss1,0
Nsfl1c,0
Chmp4b,1
Dynlrb1,0
Ncoa6,1
Edem2,0
Myl9,0
Samhd1,0
Nnat,0
Mafb,0
Ttpal,0
Serinc3,0
Tomm34,0
Pigt,0
Ncoa5,1
Zmynd8,1
Sulf2,1
Slc9a8,0
Bcas1,0
Rae1,0
Osbpl2,1
Gid8,0
Helz2,1
Pex2,0
E2f5,0
Ythdf3,0
Cyp7b1,0
Fndc3b,0
Mecom,0
Ndufb5,0
Fxr1,0
Anxa5,0
Nudt6,0
Mgst2,0
Ufm1,0
Gmps,0
Lxn,0
Fstl5,0
Rps3a1,0
Lrba,1
Lmna,0
Rab25,0
Ssr2,1
Slc50a1,0
Adam15,1
Pygo2,0
Adar,0
Ubap2l,0
Jtb,0
Chtop,0
S100a13,0
S100a4,0
Them4,1
Snx27,1
Pogz,0
Cdc42se1,0
Setdb1,0
Mtmr11,0
Wdr3,0
Ttf2,0
Cd2,0
Csde1,0
Bcas2,0
Ptpn22,1
Lrig2,0
Slc16a1,0
Rap1a,0
Cept1,0
Ahcyl1,1
Csf1,0
Gstm1,0
Sars,0
Prpf38b,0
Fam102b,0
Arhgap29,0
Synpo2,0
Sec24b,0
Papss1,0
Aimp1,0
Tbck,0
Ube2d3,0
Ppp3ca,0
Eif4e,0
Gtf2b,0
Ddah1,0
Zzz3,0
Pigk,0
Rabggtb,0
Cth,0
Asph,1
Esrp1,0
Decr1,0
Nbn,0
Manea,0
Lyrm2,0
4933421O10Rik,0
Ube2j1,0
Rars2,0
Lingo2,0
Bag1,1
Dctn3,0
Ccl21a,0
Tpm2,0
Clta,1
Gne,0
Trim14,0
Galnt12,0
Tmeff1,1
Slc44a1,0
Rad23b,0
Txn1,0
Slc31a1,0
Cdk5rap2,0
Nfib,0
Ttc39b,0
Psip1,0
Jak1,0
Insl5,0
Mier1,0
Cc2d1b,0
Ttc39a,0
Cmpk1,0
Mast2,0
Rnf220,0
Atp6v0b,1
Kdm4a,0
Ptprf,1
Ppcs,0
Guca2b,1
Nfyc,0
Zmpste24,0
Inpp5b,0
Mtf1,0
Snip1,0
Zc3h12a,0
Ago1,0
5730409E04Rik,0
Psmb2,0
AU040320,0
Zmym4,0
Smim12,0
Rnf19b,0
Yars,0
Hdac1,0
Eif3i,0
Kpna6,1
Ptp4a2,0
Pef1,0
Snrnp40,0
Phactr4,0
Arid1a,1
Hmgn2,0
Lin28a,0
Cd52,0
Pafah2,0
Stmn1,0
Syf2,0
Lypla2,0
Rpl11,0
Hp1bp3,0
Ddost,0
Necap2,0
Spen,1
Slc25a34,0
2510039O18Rik,0
Agtrap,1
Gpr157,1
Rere,0
Acot7,0
Kcnab2,0
Prkcz,0
Nadk,0
Atad3a,0
Aurkaip1,0
Ankib1,0
Krit1,0
Sri,0
Dmtf1,0
Phtf2,0
Dnajc2,0
Fam126a,0
Chpf2,0
Kmt2c,0
Tyms,0
Cenpa,0
Gtf3c2,0
Snx17,0
Ppm1g,0
Mrpl33,0
Tmem129,0
Mfsd10,0
Htra3,0
Sh3tc1,0
Grpel1,0
Mrfap1,0
Fbxl5,0
Fgfbp1,0
Ldb2,0
Pi4k2b,0
Rbpj,0
Smim14,0
Rbm47,0
Fryl,0
Ociad2,1
Pdgfra,1
Sult1d1,0
Naaa,0
Anxa3,0
Sec31a,0
Hsd17b11,0
Pkd2,0
Noc4l,0
1700095B10Rik,0
Sart3,0
Ssh1,0
Kctd10,0
Tchp,0
Rnf10,0
Pxn,0
Suds3,0
Taok3,0
Ptpn11,0
Trafd1,0
Aldh2,0
Kdm2b,0
Mlxip,0
Arl6ip4,0
Tmed2,0
Bri3bp,0
Ran,1
Mrps17,0
Tmem248,0
Gtf2i,0
Baz1b,0
Pom121,0
Polr2j,0
Lrwd1,0
Ap1s1,1
Trim56,0
Ppp1r35,0
Cops6,0
Nxpe5,0
Lamtor4,0
Sun1,0
Get4,0
Actb,0
Rac1,0
Eif2ak1,0
Baiap2l1,1
Bud31,1
Zkscan14,0
N4bp2l2,0
Hepacam2,0
Pon3,0
Pon2,0
Glcci1,0
Mdfic,0
Cped1,0
Ptprz1,1
Pot1a,0
Atp6v1f,1
Irf5,0
Tnpo3,1
Ahcyl2,0
Nrf1,0
1810058I24Rik,0
Ptn,0
Zfp956,0
Rarres2,1
Gimap4,0
Gimap6,0
Tmem176b,0
Hnrnpa2b1,0
Hibadh,0
Tax1bp1,0
Gars,0
Aqp1,0
Vopp1,0
Abcg2,0
Tigd2,0
Serbp1,0
Igkv4-72,0
Krcc1,0
Kcmf1,0
Pole4,0
Exoc6b,0
Cct7,0
Mxd1,0
Isy1,0
Sec61a1,0
Xpc,0
Nr2c2,1
9530026P05Rik,0
Frmd4b,0
Foxp1,0
Rybp,0
Arl8b,0
Srgap3,0
Rpusd3,0
Sec13,0
Mbd4,0
Zfp422,0
Kdm5a,0
Il17ra,1
Klrg1,1
Clec4a1,0
Clec4a3,0
Atn1,0
Usp5,1
Cdca3,0
Nop2,0
Gapdh,1
Mrpl51,0
Itfg2,0
Clec2d,1
2310001H17Rik,0
Klrk1,1
Mansc1,0
Mgp,0
Mgst1,0
Aebp2,0
Kras,0
Fgfr1op2,0
Myadm,1
Cacng6,1
Tmc4,0
Ncr1,0
Ptprh,1
Trim28,0
Sae1,0
Tmem160,0
Ap2s1,0
Snrpd2,0
Opa3,0
Apoe,1
Pld3,0
Psmc4,0
Dll3,1
Sycn,0
Sirt2,0
Zfp260,0
Capns1,0
Tbcb,0
Polr2i,0
Cox6b1,0
Sbsn,0
Cd22,1
Fxyd3,0
Tshz3,0
Uri1,0
Pop4,0
Emc10,0
Med25,0
Fcgrt,1
Rps11,0
Ruvbl2,0
Kdelr1,1
Ush1c,0
Ube3a,0
Mcee,0
Lrrk1,0
Aldh1a3,0
Rgma,0
Klhl25,0
Abhd2,0
Idh2,0
Iqgap1,0
Wdr73,0
Sec11a,0
Zfp592,0
Btbd1,0
Stard5,0
Tmem135,0
Crebzf,0
Prcp,0
Aamdc,0
Uvrag,0
Serpinh1,0
Mrpl48,0
Fchsd2,0
Trpc2,0
Pgap2,0
Rhog,0
Trim34a,0
Trim5,0
Ampd3,0
Eif4g2,0
Dkk3,0
1110004F10Rik,0
Ubfd1,0
Plk1,0
Aldoa,0
Mvp,0
Maz,0
AI467606,0
Cd2bp2,0
Prr14,0
Stx4a,0
Bckdk,0
Kat8,0
Pycard,0
Itgam,1
Sec23ip,0
Htra1,0
Mki67,0
Adam8,0
Psmd13,0
Ifitm2,0
Rnh1,0
Irf7,0
Cd151,0
Nadsyn1,0
Map2k7,0
Arglu1,0
Col4a2,0
Tmco3,0
Ank1,0
Unc5d,1
Ubxn8,0
Gsr,0
Cnot7,0
Asah1,0
Slc25a4,0
Galnt7,0
Spock3,0
Atp6v1b2,1
Atp13a1,0
Nr2c2ap,0
Upf1,0
Isyna1,0
Ssbp4,0
Jund,0
Myo9b,0
Dda1,0
Plvap,0
Colgalt1,0
B3gnt3,1
Rab8a,0
Il15,1
Trmt1,0
Heatr3,0
Rbl2,0
Mmp2,0
Ces1h,0
Got2,0
Bean1,0
Cmtm4,0
Dync1li2,0
Sf3b3,0
Cog4,0
Tmem170,0
Gabarapl2,0
Wwox,0
1700030J22Rik,0
Plcg2,1
Hsbp1,0
Zdhhc7,0
Mvd,0
Aprt,0
Coa6,0
Birc2,1
Arhgap42,0
Maml2,1
Cwc15,0
Mrpl4,0
Tyk2,1
Dnm2,0
Carm1,0
Cnn1,0
Rp9,0
Acad8,0
Arhgap32,0
Fli1,0
Kirrel3,0
Srpr,1
Gramd1b,0
Hyou1,0
Rps25,0
Arcn1,0
Ube4a,0
Cd3e,1
Tmprss4,0
Rexo2,0
Rbm7,0
Drd2,1
Pts,0
Fdx1,0
Dmxl2,0
Idh3a,0
Ireb2,0
Rcn2,0
Tspan3,0
Ppcdc,0
Cox5a,0
Nptn,0
Hexa,0
Paqr5,1
Smad3,0
Rpl4,0
Oaz2,0
Herc1,0
Tpm1,0
Gtf2a2,0
Polr2m,0
Rsl24d1,0
Gsta4,0
Col12a1,0
Ibtk,0
Pccb,0
Col6a4,0
Alas1,0
Rpl29,0
Tex264,1
Rnf123,0
Impdh2,0
Dhx30,0
Smarcc1,0
Ubp1,0
Rpsa,1
Nktr,0
Snrk,0
Kif15,0
Xcr1,1
Ccr1,1
Pcmt1,0
Katna1,0
Ginm1,0
Tab2,1
Stxbp5,0
Utrn,1
Abracl,0
Hbs1l,0
Med23,1
Lama2,0
Rwdd1,1
Rev3l,0
Gtf3c6,0
Cdk19,0
Cd164,1
Ranbp2,0
Psap,0
Aifm2,0
Hk1,0
Ddx50,0
Herc4,0
Zwint,0
Derl3,0
Smarcb1,0
Col6a2,0
Icosl,1
Pdxk,0
Cdc34,0
Fstl3,0
Ptbp1,0
Gpx4,0
Atp5d,0
Tcf3,0
Mknk2,0
Eef2,0
Gna11,0
Ckap4,0
Rtcb,0
Hsp90b1,0
Mybpc1,0
Socs2,1
Eea1,0
Btg1,1
Dcn,1
4930430F08Rik,0
Tspan8,0
Lyz1,0
Rap1b,0
Xpot,0
Mon2,0
Ctdsp2,0
Arhgap9,0
Spryd4,0
Cs,0
Esyt1,0
Erbb3,1
Drg1,0
Tcn2,0
Pes1,0
Ccdc157,0
Gas2l1,0
Ewsr1,0
Nudcd3,0
Ogdh,0
Tns3,0
Lgalsl,0
Xpo1,0
Usp34,0
Pex13,1
Erlec1,0
Npm1,0
Lcp2,1
Rars,0
Wwc1,0
Ttc1,1
Rnf145,0
Trim41,0
Canx,0
Clk4,0
Fstl4,1
Slc22a21,0
Rapgef6,0
Hint1,0
Mfap3,0
Galnt10,0
Sap30l,0
Mprip,0
Rasd1,0
Shmt1,0
Tmem11,0
Map2k3,0
Prpsap2,0
Ncor1,1
Pmp22,0
Ntn1,0
Rangrf,0
Chd3,0
Zbtb4,0
Pfn1,0
Nup88,0
Txndc17,0
Mnt,0
Sgsm2,0
Tsr1,0
Ovca2,0
Myo18a,0
Lgals9,0
Psmd11,0
Tmem98,0
Usp32,0
Appbp2,0
Ptrh2,0
Gdpd1,0
Cuedc1,0
Mrps23,0
Trim25,0
Mbtd1,0
Tob1,0
Luc7l3,0
Ppp1r9b,0
Itga3,0
Spop,0
Zfp652,0
Snx11,0
Pnpo,0
Stac2,0
Grb7,1
Casc3,0
Igfbp4,1
Smarce1,0
Jup,0
Nt5c3b,0
Ghdc,0
Stat3,1
Mlx,0
Ccr10,1
Ezh1,0
Brca1,0
Nbr1,1
Ubtf,0
Ccdc43,0
Hexim1,0
Kansl1,0
Efcab3,0
Cyb561,0
Smarcd2,0
Kpna2,0
Gna13,1
2610035D17Rik,0
Slc39a11,0
Mif4gd,0
H3f3b,0
Cygb,1
St6galnac2,0
Jmjd6,1
Tmc6,0
Cant1,0
Baiap2,1
Mrpl12,0
P4hb,0
Rfng,0
Pum2,0
Odc1,0
Id2,0
Dld,0
Agr3,0
Bzw2,0
Arl4a,0
Strn3,0
Sptssa,0
Eapp,0
Snx6,1
Fam177a,0
Ralgapa1,0
Kcnh5,0
Sgpp1,0
Syne2,0
Fut8,0
Pigh,0
Zfyve26,0
Erh,0
Numb,0
Fos,0
Irf2bpl,0
Gstz1,0
Nrxn3,1
Cep128,0
Sel1l,0
Flrt2,1
Lgmn,0
Tmem251,0
Ifi27l2a,0
Serpina3f,0
Eif5,0
Inf2,0
Brf1,0
Mta1,0
Igha,0
Ighg1,1
Akr1e1,0
Dip2c,0
Mtr,0
Cdk13,0
Elmo1,0
Slc17a4,0
Gpld1,0
Cdkal1,0
Irf4,1
Eci2,0
Rreb1,0
Cage1,0
Dsp,0
Susd3,0
Simc1,0
Uimc1,0
Prelid1,0
Rgs14,0
Slc35d2,0
Sdha,0
Ccdc127,0
Ell2,0
Glrx,0
Arsk,0
Fam172a,0
Cox7c,0
Rps23,0
Atg10,0
Zbed3,0
F2r,1
Nsa2,0
Fcho2,0
Naip1,0
Smim15,0
Map3k1,0
Fgf10,0
Top2b,0
Oit1,0
Rpp14,0
Ecd,0
Mrps16,0
Vcl,0
Zcchc24,0
Dennd6a,1
Tkt,0
Mustn1,0
Arhgap22,0
Glud1,0
Sncg,0
Ccser2,0
Bmp4,1
Parp2,0
Pnp,0
Mettl17,0
Tox4,0
Dad1,0
Psmb5,0
Dhrs4,0
Tinf2,0
Cryl1,0
Micu2,0
Dleu2,0
Ctsb,0
Msra,0
Ccdc25,0
Trim35,0
Ppp2r2a,0
Adamdec1,0
Sorbs3,0
Slc39a14,0
Fndc3a,0
Rcbtb2,0
Itm2b,0
Esd,0
Epsti1,0
Rgcc,0
Sugt1,0
Mzt1,0
Tbc1d4,0
Commd6,0
Slitrk5,1
Gpc5,0
Hs6st3,0
Tm9sf2,0
Clybl,0
Prkaa1,0
Dab2,1
Egflam,0
C030047K22Rik,0
Laptm4b,0
Polr2k,0
Pabpc1,0
Atp6v1c1,1
Zfpm2,0
Ext1,0
Rnf139,0
Tatdn1,0
Ndufb9,0
Tmem71,0
Sla,1
Gpr20,1
Ly6c1,0
Zc3h3,0
Cyc1,0
Sharpin,0
Hsf1,0
Dgat1,0
Cpsf1,0
Zfp7,0
Rpl8,0
Apol10a,0
Cyth4,0
Sh3bp1,1
H1f0,0
Pick1,1
Tomm22,0
Apobec3,0
Slc25a17,0
St13,1
Zc3h7b,0
Xrcc6,0
Rrp7a,0
A4galt,1
Parvb,0
Fbln1,0
Creld2,0
Plxnb2,1
Tmem117,0
Endou,0
Rapgef3,0
Slc48a1,0
Vdr,1
Kansl2,0
Ccnt1,0
Prkag1,0
Tuba1a,0
Tuba1c,0
Tmbim6,0
Larp4,0
Dip2b,0
Slc11a2,0
Dazap2,1
Eif4b,0
Pfdn5,0
Pcbp2,0
Copz1,0
Coro7,0
Dnaja3,0
Ubn1,0
Zc3h7a,0
Parn,0
Bfar,0
Pla2g10,0
Spidr,0
Fgd4,0
Mapk1,0
Sdf2l1,0
Tmem191c,0
Iglc2,1
Abcf3,0
Tmem41a,0
Tbccd1,0
Eif4a2,0
Ccdc50,0
Ppp1r2,0
Cep19,0
Mylk,0
Fam162a,0
Ildr1,1
Slc15a2,0
Iqcb1,1
Rabl3,0
Ndufb4,0
B4galt4,0
Gtpbp8,0
Cd47,1
St3gal6,1
Cpox,0
Gbe1,0
Usp25,0
Atp5j,0
App,1
Ifngr2,1
Runx1,0
Morc3,0
Chaf1b,0
Dyrk1a,0
Hmgn1,0
Tmprss2,1
Tulp4,0
Mpc1,0
Sft2d1,0
1700010I14Rik,0
Smoc2,0
1600012H06Rik,0
Phf10,0
Tbp,0
Ppp2r1a,0
Zfp944,0
Srrm2,0
Kctd5,0
Eci1,0
Pkd1,0
Tsc2,0
Gfer,0
Noxo1,0
Ndufb10,0
Stub1,0
Nme4,0
Atp6v0e,1
Phf1,0
Cuta,0
Bak1,0
Snrpc,0
Fkbp5,1
Brpf3,0
Fgd2,0
Zfp763,0
Cd320,1
Rps18,0
H2-Ab1,0
H2-Aa,0
H2-Eb1,0
Rnf5,0
H2-Q4,0
H2-Q6,0
Tubb5,0
H2-T22,0
Trim31,0
Ppp1r11,0
Cenpq,0
Tnfrsf21,1
Pla2g7,0
Cyp39a1,0
Supt3,0
Cdc5l,0
Hsp90ab1,0
F630040K05Rik,0
Srf,0
Daam2,0
Satb1,0
Ranbp3,0
Rab12,0
Zbtb14,0
Xdh,0
Dpy30,0
Eif2ak2,0
Prkd3,0
Atl2,0
Cox7a2l,0
Plekhh2,0
Zfp438,0
Colec12,1
Chst9,0
Dsc2,0
Pik3c3,0
Sap130,0
Sil1,0
Matr3,0
Mzb1,0
Ube2d2a,0
Psd2,0
Ankhd1,0
Tmco6,1
Ik,0
Hars,0
Ap3s1,0
Isoc1,0
Rps14,0
Cd74,1
Csnk1a1,0
Sec11c,0
Lman1,1
Impa2,0
Mbd2,0
Mbd1,0
Atp5a1,0
Zadh2,0
Cndp2,0
Tmx3,0
Chka,0
Ndufs8,0
Aip,1
Kdm2a,0
Zdhhc24,0
Pacs1,0
Sf3b2,0
Fibp,0
Ovol1,0
Map3k11,0
Dpf2,0
Capn1,0
Trmt112,0
Stip1,0
Cox8a,0
Slc3a2,0
Snhg1,0
Ganab,0
Ahnak,0
Incenp,0
Cpsf7,0
Vps37c,0
Ms4a6b,0
Gna14,0
Nmrk1,0
1110059E24Rik,0
Trpm3,1
Sgms1,0
Rpl9-ps6,0
Pten,0
Lipo1,0
Ankrd22,0
Pank1,0
Myof,0
Tm9sf3,0
Pgam1,0
Mms19,1
R3hcc1l,0
Sema4g,1
Mrpl43,0
Sfr1,1
Ablim1,0
Timp1,0
C330007P06Rik,0
Upf3b,0
Mcts1,0
6030498E09Rik,0
Stag2,0
Utp14a,0
Hs6st2,1
Gpc3,0
Hprt,0
Bcap31,1
Rpl10,0
Taz,0
Gdi1,0
Tbl1x,1
Tab3,0
Il1rapl1,1
Msn,0
Hsf3,0
Rps4x,0
Pbdc1,0
Atp7a,0
2610002M06Rik,0
Morf4l2,0
Cldn2,0
Morc4,0
Tsc22d3,0
Apex2,0
Huwe1,0
Prdx4,0
Eif1ax,0
Pdha1,0
Cdkl5,0
Rbbp7,0
Piga,0
Tmsb4x,0
Prps2,0
Mid1,0
Zfy1,0
Usp9y,0
mt-Nd2,0
