gene,label
Nop14,0
Mrfap1,0
Wfs1,0
Evc2,0
Lyar,0
Fbxl5,0
Cd38,0
Qdpr,0
Lap3,0
Sod3,0
Anapc4,0
Rbpj,0
Stim2,0
Pgm2,0
Rfc1,0
Rpl9,0
Rbm47,0
Uchl1os,0
Cnga1,1
Usp46,0
Scfd2,0
Lnx1,0
Hopx,0
Ugt2b5,0
Grsf1,0
Rassf6,0
Pf4,0
Naaa,0
Scarb2,0
Ccni,0
Hnrnpdl,0
Hpse,0
Gfi1,0
Rpl5,0
Dr1,0
Atp5k,0
Chfr,0
A630023P12Rik,0
Noc4l,0
Ep400,0
Chek2,0
Sgsm1,0
Sart3,0
Tmem119,0
Mmab,0
Mvk,0
Tchp,0
Acads,0
Triap1,0
Taok3,0
BC051077,0
Trafd1,0
Ccdc63,0
Orai1,0
Setd1b,0
Mlxip,0
Zcchc8,0
Arl6ip4,0
Eif2b1,0
Atp6v0a2,0
Tmem248,0
Sbds,0
Clip2,0
Baz1b,0
Rasa4,0
Lrwd1,0
Muc3,0
Zan,0
Mepce,0
Cops6,0
Cnpy4,0
Lamtor4,0
Zfp68,0
Get4,0
Ints1,0
Brat1,0
Sdk1,0
Actb,0
Rnf216,1
Rac1,0
Trrap,0
Smurf1,1
Rpl21,0
Mtif3,0
Uspl1,0
N4bp2l1,0
Stard13,0
Hepacam2,0
Gng11,0
Glcci1,0
Ndufa4,0
1110019D14Rik,0
Tes,0
Met,1
Capza2,0
Tspan12,0
Calu,0
Mkln1,0
Plxna4,1
Akr1b3,0
Cnot4,0
1810058I24Rik,0
Braf,0
Mgam,0
1700074P13Rik,0
Trbc1,1
Sval1,0
Ezh2,0
Gimap8,0
Malsu1,0
Skap2,0
Hoxa3,0
Hoxa7,0
Hoxa9,0
Hibadh,0
Tax1bp1,0
Aqp1,0
Ppm1k,0
Vopp1,0
Snca,0
Atoh1,1
Gadd45a,0
0610030E20Rik,0
Pole4,0
Mthfd2,0
Sfxn5,0
Snrpg,0
Pcbp1,0
1600020E01Rik,0
Rab7,0
Aldh1l1,0
Nup210,0
Chchd4,0
Xpc,0
Foxp1,0
Arl8b,0
Edem1,0
Grm7,1
Rpusd3,0
Il17re,1
Emc3,0
Brk1,0
Slc6a11,0
D830050J10Rik,0
Mbd4,0
Rassf4,0
Bms1,0
Adipor2,1
Fbxl14,0
Rad52,0
Wnk1,0
Klrg1,1
Mfap5,0
Apobec1,0
C3ar1,1
Clec4a1,0
Lpcat3,0
Cops7a,0
Zfp384,0
Acrbp,0
Nop2,0
Gapdh,1
Tapbpl,0
Cd9,0
D6Wsu163e,0
Foxm1,0
Clec2d,1
Tmem52b,0
Klra17,0
Magohb,0
Tas2r105,0
Plbd1,0
Arhgdib,0
Strap,1
C2cd5,0
Sspn,0
Stk38l,0
Mrps35,0
Dennd5b,0
Cnot3,0
Ppp1r12c,0
Zfp787,0
Vmn2r52,0
Trim28,0
Lig1,0
Napa,1
Zc3h4,0
Npas1,0
Calm3,0
Pnmal2,0
Opa3,0
Ercc1,0
Bcl3,0
Zfp94,0
Ceacam10,0
Rps19,0
Rabac1,0
Erf,0
Pafah1b3,0
Ltbp4,0
Shkbp1,1
Pld3,0
Akt2,0
Zfp60,0
Paf1,0
Nfkbib,0
Eif3k,0
Psmd8,0
Zfp568,0
Capns1,0
Nfkbid,1
Ffar2,1
Usf2,0
Pepd,0
Cebpg,0
Cep89,0
Zfp141,0
2310002F09Rik,0
Klk1,0
2410002F23Rik,0
Emc10,0
Vrk3,0
Tbc1d17,0
Akt1s1,0
Pnkp,0
Fuz,0
Irf3,0
Prrg2,0
Gys1,0
Ftl1,0
Bax,0
Fam83e,0
Grwd1,0
Zdhhc13,0
E2f8,0
Svip,0
Cyfip1,0
Tm2d3,1
Snrpa1,0
Chsy1,0
Asb7,0
Adamts17,0
Rgma,0
Mfge8,0
Ticrr,0
Idh2,0
Blm,0
Crtc3,0
2310010J17Rik,0
Tmem126b,0
Ints4,0
Dgat2,0
Rps3,0
Spcs2,0
Lipt2,0
Ucp2,0
Coa4,0
Arhgef17,0
Stard10,1
Pde2a,0
Rhog,0
Smpd1,0
Mrpl17,0
Dkk3,0
Rps15a,0
Coq7,0
Tmc5,0
Gde1,0
Knop1,0
Thumpd1,0
Hs3st4,1
Gsg1l,1
Il27,1
Sult1a1,0
Coro1a,0
Mvp,0
Maz,0
Kif22,0
Zfp771,0
Ctf1,0
Bckdk,0
Kat8,0
Itgax,1
Bag3,0
Sec23ip,0
Uros,0
Dhx32,0
Dock1,0
Glrx3,0
Zfp511,0
Rnh1,0
Hras,0
Deaf1,0
Lsp1,0
Nadsyn1,0
Dhcr7,0
Ccnd1,0
Arhgef18,0
Pnpla6,0
Pet100,0
Timm44,0
Elavl1,0
Abhd13,0
Cars2,0
Ing1,0
Ankrd10,0
Tubgcp3,0
Fbxo25,0
Cln8,0
Agpat5,0
Alg11,0
Slc25a15,0
Pomk,0
Fnta,0
Hook3,0
Zfp703,0
Ubxn8,0
Eri1,0
AI429214,0
Tlr3,1
Rwdd4a,0
Aga,0
Hpgd,0
Sap30,0
Tll1,0
Lpl,1
Atp13a1,0
Mau2,0
Sugp1,0
Slc25a42,0
Cope,0
Isyna1,0
Rab3a,0
Mast3,0
Ccdc124,0
Haus8,0
Nr2f6,0
Ankle1,0
Dda1,0
Gtpbp3,0
Bst2,0
Rab8a,0
Ednra,1
Rbmxl1,0
Mmaa,0
Scoc,0
Prkaca,0
Calr,0
Syce2,0
Prdx2,0
Cnep1r1,0
Adcy7,0
Rbl2,0
Mmp2,0
Lpcat2,0
Ces1f,0
Ces1h,0
Amfr,1
Mt2,0
Herpud1,0
Cpne2,0
Slc38a7,0
Tradd,1
Atp6v0d1,1
Enkd1,0
Edc4,0
Ctrl,0
Slc7a6os,0
Nob1,0
Psmd7,0
Dhodh,0
Il34,1
Pdpr,0
Glg1,1
Mlkl,1
Cfdp1,0
Nudt7,0
1700030J22Rik,0
Hsdl1,0
Atp2c2,0
Rnf166,0
Piezo1,0
Galns,0
Nup133,0
Taf5l,0
Ttc13,0
2810004N23Rik,0
Ntpcr,0
Rbm34,0
Gucy1a2,0
Cep57,0
Zfp426,0
Ubl5,0
Ppan,1
Eif3g,0
Icam4,0
Cdkn2d,0
Dnm2,0
Yipf2,0
Smarca4,0
Rab3d,0
Zfp653,0
Pigyl,0
Rp9,0
St14,0
Nfrkb,0
Fli1,0
Fam118b,0
Rpusd4,0
Tcea1,0
Sntg1,0
2610203C22Rik,0
Vcpip1,0
Cops5,0
Cspp1,0
A830018L16Rik,0
Tram1,0
Gsta3,0
Ccdc115,0
Fam168b,0
Inpp4a,0
Eif5b,0
Rpl31,0
Il1r1,1
Tpp2,0
Slc39a10,0
Stat1,1
Inpp1,0
Dnah7a,0
Clk1,0
Casp8,0
Fzd7,1
Sumo1,0
Bmpr2,1
Fam117b,0
Cyp20a1,0
Lancl1,1
Arpc2,0
Aamp,0
Vil1,0
Bcs1l,0
Ttll4,0
Wdfy1,0
Cul3,0
Sp110,1
Inpp5d,0
Hjurp,0
Mlph,0
Rnpepl1,0
Pign,0
Phlpp1,0
Dsel,0
Tsn,0
Ralb,1
Ptpn4,1
Rbbp5,0
Snrpe,0
Optc,0
Prelp,0
Phlda3,0
Camsap2,0
Kif14,0
Ptprc,1
Aspm,0
Cdc73,0
Tpr,0
Rnasel,0
Tor1aip2,0
Abl2,0
Rabgap1l,0
Cenpl,0
Prrc2c,0
Dpt,0
Xcl1,0
Nuf2,0
Hsd17b7,0
Nos1ap,0
Fcgr4,0
Tomm40l,0
Ppox,0
Pfdn2,0
Tstd1,0
Alyref2,0
Ly9,1
Vangl2,0
Pex19,1
Igsf8,0
Aim2,0
Mndal,0
Ifi205,0
Mptx1,0
Akt3,0
Adss,0
Cdc42bpa,0
Acbd3,0
Sde2,0
Srp9,0
Brox,0
Lyplal1,0
Kctd3,0
Smyd2,0
Rcor3,0
Traf3ip3,0
Fam171a1,0
Nmt2,0
Ccdc3,0
Camk1d,0
Sec61a2,0
Vim,0
Stam,1
Ehmt1,0
Arrdc1,0
Noxa1,0
Sapcd2,0
Traf2,1
Rxra,1
Ttf1,0
Setx,0
Rapgef1,0
Exosc2,0
Lamc3,0
Pomt1,0
Swi5,0
Fpgs,0
Ralgps1,0
Mapkap1,0
Rabepk,1
Ttll11,0
Gtdc1,0
Orc4,0
Nmi,0
Upp2,0
Cd302,1
Stk39,0
Nostrin,0
Ubr3,0
Ttc30a1,0
Plekha3,0
Ube2e3,0
Itga4,0
Pde1a,0
Zc3h15,0
Ube2l6,0
Tnks1bp1,0
Kbtbd4,0
Ptpmt1,0
Psmc3,0
Madd,1
Ddb2,0
Cry2,0
Slc35c1,0
Trp53i11,0
Ext2,0
Ttc17,0
Traf6,1
Pamr1,0
Cd44,1
Abtb2,0
Hipk3,0
Eif3m,0
Nop10,0
Emc4,0
Aqr,0
Zfp770,0
Dph6,0
3110099E03Rik,0
Bub1b,0
Rtf1,0
Adal,0
Ckmt1,0
Hypk,0
Eif3j1,0
Usp8,0
Ciao1,0
Mrps5,0
Bub1,0
Chchd5,0
Mrps26,0
4930402H24Rik,0
Mkks,0
Slx4ip,0
Sptlc3,0
Tasp1,0
Rrbp1,0
Sec23b,0
Foxa2,0
Cst3,0
Zfp120,0
Sdcbp2,0
Zcchc3,0
Commd7,0
a,0
Eif6,0
Ergic3,0
Samhd1,0
Blcap,0
Zhx3,0
Oser1,0
Fitm2,0
Serinc3,0
Slc2a10,0
Cse1l,0
B4galt5,0
Rnf114,0
Ptpn1,1
Zfp64,0
Tshz2,0
Rab22a,0
Stx16,1
Cdh26,1
Gmeb2,1
Hnf4g,0
Zfp704,0
Fabp5,1
Chmp4c,1
E2f5,0
Mtfr1,0
Tnfsf10,1
Pld1,0
Pik3ca,0
Mrpl47,0
Ttc14,0
Sox2ot,0
Pgrmc2,0
Cog6,0
Postn,0
Aadac,0
Ssr3,1
Mfsd1,0
Kpna4,0
Ppid,0
Glrb,1
Mrpl24,0
Mef2d,0
Rhbg,0
Pmf1,0
Syt11,0
Fdps,1
Fam189b,0
Gba,0
Slc50a1,0
Efna4,1
Adam15,1
Shc1,1
Ubap2l,0
4933434E20Rik,0
Tpm3,1
Jtb,0
Chtop,0
S100a11,0
Scnm1,0
Cdc42se1,0
Golph3l,0
Ensa,1
Adamtsl4,0
Tars2,0
Plekho1,0
Otud7b,0
Mtmr11,0
Polr3c,0
Hmgcs2,0
Wars2,0
Ttf2,0
Ptgfrn,0
Sike1,0
Nras,0
Wdr77,1
Cept1,0
Gstm3,0
Gstm4,0
Ampd2,0
Vav3,0
Dph5,0
Dbt,0
Sass6,0
Frrs1,0
Rwdd3,0
Gclm,0
Fnbp1l,0
Pde5a,0
Casp6,0
Bank1,1
Unc5c,1
Gbp3,0
Ssx2ip,0
Nexn,0
Pigk,0
Acadm,0
Cryz,0
Lrrc7,1
Chchd7,0
Nsmaf,1
Ccne2,0
Decr1,0
Cngb3,1
Cpne3,1
Klhl32,0
Casp8ap2,1
Ankrd6,0
Ube2j1,0
Smu1,0
B4galt1,0
Nol6,0
Rpp25l,0
4930578G10Rik,0
Cd72,1
Gba2,0
Reck,0
Clta,1
Pax5,0
Tomm5,0
Slc25a51,0
Tstd2,0
Ncbp1,0
Anp32b,0
Grin3a,1
Fkbp15,0
Cdc26,0
Alad,0
Kif12,0
C630043F03Rik,0
Focad,0
Mtap,0
Tusc1,0
Caap1,0
Ift74,0
Dock7,0
Ror1,1
Cachd1,0
Oma1,0
Ttc4,0
Yipf1,0
Scp2,0
Echdc2,0
Ttc39a,0
Faf1,1
Skint6,0
Foxd2,0
Stil,0
Hpdl,0
Hectd3,0
Rps8,0
Atp6v0b,1
Med8,0
Slc2a1,1
Ybx1,0
Rimkla,0
Scmh1,0
Kcnq4,1
Trit1,0
Mycbp,0
Inpp5b,0
Meaf6,0
Mrps15,0
Thrap3,1
Trappc3,0
5730409E04Rik,0
A630031M04Rik,0
Phc2,0
Ak2,0
Txlna,0
Khdrbs1,0
Pef1,0
Tinagl1,0
Srsf4,0
Trnau1ap,0
Atpif1,0
Eya3,0
Stx12,1
Sfn,0
Hmgn2,0
Cd52,0
Tmem50a,0
Fuca1,0
Rpl11,0
Hnrnpr,0
Hp1bp3,0
Pink1,0
Camk2n1,0
Rnf186,0
Rcc2,0
Ddi2,0
Efhd2,0
Tmem51,0
Dhrs3,1
Zfp933,0
Mfn2,0
Rere,0
Acot7,0
Pank4,0
Prkcz,0
Cdk11b,0
Atad3a,0
B3galt6,0
Ttll10,0
Noc2l,0
Slc25a40,0
Fgl2,0
Armc10,0
Psmc2,0
Reln,0
Orc5,0
Pus7,0
Tomm7,0
Abcf2,0
Insig1,0
Rbm33,0
Lmbr1,1
4632411P08Rik,0
Preb,0
Gtf3c2,0
Krtcap3,0
Gpn1,0
Slc4a1ap,0
Rbks,0
Letm1,0
Rnf4,1
Fam193a,0
Stt3a,0
Ei24,0
Vwa5a,0
Gramd1b,0
Oaf,0
Thy1,0
Rnf26,0
Cbl,0
C2cd2l,0
Ift46,0
Ube4a,0
Cd3e,1
Dscaml1,0
Pafah1b2,0
Bud13,0
Rbm7,0
Zw10,0
Bco2,0
Ddx10,0
Dmxl2,0
Wdr61,0
Ube2q2,0
Cspg4,0
Neo1,1
Myo9a,0
Lrrc49,0
Uaca,1
Kif23,0
Paqr5,1
Glce,0
Cln6,0
Aagab,0
Smad6,0
Dpp8,0
Spg21,0
Herc1,0
Rps27l,0
Bnip2,0
Gtf2a2,0
Adam10,0
Tex9,0
Rfx7,0
Rab27a,0
Bmp5,1
Elovl5,0
Eef1a1,0
Phip,1
Ttk,0
Me1,0
Cyb5r4,0
Snhg5,0
Zfp949,0
9330159M07Rik,0
Mthfs,0
Tmed3,0
Plscr1,0
Atr,0
Rnf7,0
Zbtb38,0
Slc25a36,0
Faim,1
Pccb,0
Dnajc13,0
Wdr82,0
Tex264,1
Cyb561d2,0
Rassf1,0
Gmppb,0
Rhoa,0
Qars,0
Uqcrc1,0
Shisa5,0
Dhx30,0
Epm2aip1,0
Clasp2,0
Azi2,0
Acaa1a,0
Exog,0
Vipr1,1
Snrk,0
Exosc7,0
Sacm1l,0
Xcr1,1
Plekhg1,0
Rmnd1,0
Nup43,0
Tab2,1
Utrn,1
Pex3,0
Ccdc28a,0
Map3k5,0
Bclaf1,0
Tcf21,0
Rnf217,0
Rwdd1,1
Frk,0
Hs3st5,0
Lama4,0
E130307A14Rik,0
Cd164,1
Ccdc162,0
Sesn1,0
Prep,0
Tbc1d32,0
Smpdl3a,0
Lims1,1
Pald1,0
Ppa1,0
Tysnd1,0
Tspan15,0
Vps26a,0
Dna2,0
Hnrnph3,0
Herc4,0
Lrrtm3,0
Bicc1,0
Tfam,0
Zwint,0
Ggt5,0
Susd2,0
Mif,0
Zfp280b,0
Prmt2,1
Fam207a,0
Itgb2,0
Icosl,1
Pdxk,0
Tpgs1,0
Cdc34,0
Ptbp1,0
2310011J03Rik,0
Izumo4,0
Ap3d1,0
Sf3a2,0
Lmnb2,0
Eef2,0
Tle6,0
Hcfc2,0
Txnrd1,0
Chst11,0
Prdm4,0
Rtcb,0
Timp3,0
1700113H08Rik,0
Nup37,0
Dram1,0
Mrpl42,0
Dcn,1
Kitl,1
Nap1l1,0
Phlda1,0
Zfc3h1,0
Lyz1,0
Slc35e3,0
Lemd3,0
Tbk1,0
Xpot,0
Avpr1a,1
Mon2,0
Tsfm,0
Tspan31,0
Arhgap9,0
Atp5b,0
Rnf41,1
Ormdl2,0
Eif4enif1,0
Pik3ip1,0
Limk2,0
Rnf185,0
Pes1,0
Hormad2,0
Ogdh,0
Igfbp3,1
Spred2,0
Actr2,0
Slc1a4,0
Ugp2,0
Ehbp1,0
Tmem17,0
Cct4,0
Xpo1,0
Fancl,0
Acyp2,0
Asb3,0
Bod1,0
Kcnip1,0
Kcnmb1,0
Dock2,0
Adam19,0
Cyfip2,1
Mgat1,0
Canx,0
Hnrnph1,0
Clk4,0
Rmnd5b,0
Sar1b,0
9530068E07Rik,0
Slc22a5,0
Slc22a21,0
Fnip1,0
Zfp672,0
Guk1,0
Snap47,1
Nt5m,0
Rasd1,0
Tom1l2,0
Drg2,0
Llgl1,0
Tmem11,0
Grap,1
Ttc19,0
2410006H16Rik,0
Trim16,0
Tvp23b,0
Pmp22,0
Hs3st3b1,0
Sco1,0
Slc25a35,0
Trappc1,0
Trp53,0
Elp5,0
Gabarap,1
Pelp1,1
Cxcl16,0
Rabep1,0
Nup88,0
Derl2,0
Mis12,0
Pafah1b1,0
Ovca2,0
Prpf8,0
Pitpna,0
Inpp5k,0
Crk,0
Timm22,0
Myo18a,0
Tlcd1,0
Aldoc,0
Pigs,0
Unc119,1
Psmd11,0
Fndc8,0
Slfn2,0
Taf15,0
Ccl5,1
Ccl6,0
Heatr6,0
Hnf1b,0
Tada2a,0
Znhit3,1
Usp32,0
Appbp2,0
Rad51c,0
Mrps23,0
Akap1,0
Mbtd1,0
Eme1,0
Sgca,0
Ttll6,0
Snx11,0
Cdk5rap3,0
Sp2,0
Kpnb1,1
Mrpl45,0
Socs7,1
Mllt6,0
Rpl19,0
Nr1d1,1
Cdc6,0
Krt28,0
Dnajc7,0
Nkiras2,0
Stat3,1
Ezh1,0
Rundc1,0
Etv4,0
Ppy,0
Tmub2,0
Atxn7l3,1
Ubtf,0
Grn,0
Fzd2,1
Ccdc43,0
Arhgap27,0
Plekhm1,0
Gosr2,0
Efcab3,0
Taco1,0
Limd2,0
Ftsj3,0
Ern1,0
Cep95,0
Smurf2,1
Kpna2,0
1700012B07Rik,0
Sox9,0
Ttyh2,0
Slc9a3r1,1
Cdr2l,0
Nup85,1
Caskin2,0
Galk1,0
Exoc7,0
Prpsap1,0
Mxra7,0
Mettl23,0
Srsf2,0
Sec14l1,0
Birc5,0
Pgs1,0
Cbx4,0
Chmp6,1
Bahcc1,0
Hexdc,0
Wdr45b,0
Tbcd,0
Metrnl,0
Rhob,0
Pum2,0
Rrm2,0
Cmpk2,0
Acp1,0
Prkar2b,0
Nubpl,0
Akap6,0
Fkbp3,0
Mgat2,0
Dnaaf2,0
Klhdc2,0
Nemf,0
Rtn1,0
Trmt5,0
Slc38a6,0
Ppp2r5e,0
Sgpp1,0
Tex21,0
Gpx2,0
Rab15,0
Mpp5,0
Exd2,0
Pcnx,0
Acot1,0
4732463B04Rik,0
Coq6,0
Entpd5,0
Arel1,0
Ylpm1,0
Dlst,0
Tmed10,0
Sptlc2,0
Tshr,1
Zc3h14,0
Nrde2,0
Golga5,0
Chga,0
Unc79,0
Ifi27l2a,0
Dicer1,0
Gskip,0
Papola,0
Bcl11b,0
Wars,0
Wdr25,0
Meg3,0
Mark3,0
Akt1,1
Gpr132,1
Ighg2b,0
Net1,0
Akr1c13,0
Akr1e1,0
Tbce,0
Mrpl32,0
Psma2,0
Mplkip,0
Stard3nl,0
Epdr1,0
Elmo1,0
Exoc2,0
Foxq1,0
Serpinb9,0
Tubb2b,0
Psmg4,0
Ly86,0
Cage1,0
Tmem14c,0
Mcur1,0
4931429P17Rik,0
Ippk,0
Aspn,0
Spin1,0
Sfxn1,0
Nop16,0
Higd2a,0
Nsd1,1
Mxd3,0
Fam193b,0
Tmed9,0
Txndc15,0
Isca1,0
Fancc,0
Zfp367,0
Mrpl36,0
Lpcat1,0
Cast,0
Rfesd,0
Arsk,0
Ssbp2,0
Rasgrf2,0
Mtx3,0
Tbca,0
Zbed3,0
Sv2c,0
Nsa2,0
Arhgef28,0
Utp15,0
Fcho2,0
Mrps27,0
Smn1,0
Naip5,0
Cd180,1
Mast4,0
Ndufaf2,0
Gpbp1,0
Map3k1,0
Dhx29,0
Itga1,1
Emb,0
Mrps30,0
4833420G17Rik,0
Hmgcs1,0
Nr1d2,1
Top2b,0
B230110C06Rik,0
Slc4a7,0
Pxk,1
Kcnk5,0
Nudt13,0
Mrps16,0
Comtd1,0
Kcnma1,0
Ppif,0
Bap1,0
Ankrd28,0
Arhgap22,0
Psmc6,0
Cnih1,0
Gmfb,0
Lgals3,1
Parp2,0
Pnp,0
Slc7a7,0
1700123O20Rik,0
Slc7a8,0
Dhrs4,0
Nedd8,0
Tinf2,0
Cbln3,0
Khnyn,0
Zmym5,0
Zmym2,1
Cab39l,0
Cdadc1,0
Shisa2,1
Ebpl,0
Ints9,0
Ccdc25,0
Sorbs3,0
Hr,1
Rcbtb2,0
Rb1,0
Zc3h13,0
Cog3,0
Tpt1,0
Lacc1,1
Akap11,0
Kbtbd7,0
Sugt1,0
Tdrd3,0
Mzt1,0
Dnajc3,0
Gpr18,1
Fbxo4,0
Oxct1,0
Prlr,1
Rad1,0
C1qtnf3,0
Tars,0
Sub1,0
Basp1,0
Cct5,0
Mtdh,0
Rpl30,0
Polr2k,0
Ubr5,0
Sybu,0
Med30,0
Rnf139,0
Mtss1,1
Trib1,0
Gsdmc2,0
Tmem71,0
Phf20l1,0
Ly6a,0
Gsdmd,0
Pycrl,0
Maf1,0
Bop1,0
Hsf1,0
Adck5,0
Recql4,0
Rpl8,0
Rac2,0
Sh3bp1,1
Lgals1,0
Polr2f,0
Kdelr3,1
Gtpbp1,0
Pdgfb,1
Fam83f,0
Sgsm3,0
Tef,0
Phf5a,0
Xrcc6,0
Desi1,0
Ccdc134,0
Serhl,0
A4galt,1
Pacsin2,0
Mcat,0
Parvb,0
5031439G07Rik,0
Ttc38,0
Creld2,0
Nell2,0
Racgap1,0
Slc11a2,0
Krt7,0
Zfp740,0
Aaas,0
Itga5,1
Zfp263,0
Ubn1,0
Abat,0
Tmem186,0
Emp2,0
Nubp1,0
Socs1,1
Cpped1,0
Parn,0
Ntan1,0
Mcm4,0
Dnm1l,0
Top3b,0
Ube2l3,0
Aifm3,0
Smpd4,0
Klhl22,0
Comt,0
Cdc45,0
2510002D24Rik,0
Mrpl40,0
Iglc2,1
Eif2b5,0
Clcn2,0
Eif4a2,0
Rfc4,0
Mb21d2,0
Lsg1,0
Bdh1,0
Osbpl11,1
Itgb5,1
Sec22a,0
Pdia5,0
Parp9,0
Slc15a2,0
Lrrc58,0
Nr1i2,1
Adprh,0
Poglut1,0
Lsamp,0
Naa50,0
Ccdc80,0
Gcsam,1
Cd47,1
Trmt10c,0
Tmem45a,0
Hspa13,0
Mrpl39,0
App,1
Ltn1,0
Hunk,0
Ifnar1,1
Donson,0
Itsn1,0
Rcan1,0
Ttc3,0
Dyrk1a,0
Psmg1,0
Brwd1,0
Dscam,0
Tfb1m,0
Arid1b,0
Rsph3b,0
Rnaset2a,0
Tcp1,0
1600012H06Rik,0
Pdcd2,0
Rgmb,0
Vmn2r90,0
Zfp54,0
Zfp942,0
Zfp943,0
Zfp945,0
Ccnf,0
Eci1,0
Tsc2,0
Zfp598,0
Rps2,0
Msrb1,0
Telo2,0
Ube2i,0
Lmf1,0
Decr2,0
Nme4,0
Phf1,0
Cuta,0
Ggnbp1,0
Rpl10a,0
Fkbp5,1
Srpk1,0
Mapk14,0
Stk38,0
Btbd9,0
Pknox1,0
Cbs,0
Zfp870,0
Cyp4f13,0
Rps28,0
Vps52,0
Ring1,0
Brd2,0
H2-DMa,0
H2-DMb1,0
Psmb9,0
Tap1,0
Tap2,0
Ager,1
Dxo,0
Ehmt2,0
D17H6S53E,0
Atp6v1g2,1
Tcf19,0
Cchcr1,0
Tubb5,0
Mrps18b,0
Tmem63b,0
F630040K05Rik,0
Polr1c,0
Zfp318,0
Rpl7l1,0
Tbcc,0
Unc5cl,0
Satb1,0
Kat2b,0
Safb2,1
Rpl36,0
Slc25a23,0
Fer,1
Ralbp1,1
Rab12,0
Smchd1,0
Spast,0
Nlrc4,0
Prkd3,0
Eml4,1
Cox7a2l,0
Srbd1,0
Pigf,0
Mtpap,0
Epc1,0
Ccny,0
Usp14,0
Rbbp8,0
Ss18,1
Chst9,0
Dsc2,0
Slc39a6,0
Tpgs2,0
Map3k2,0
Gypc,0
Brd8,1
Ube2d2a,0
Pfdn1,0
Ankhd1,0
Slc35a4,0
Cd14,0
Ik,0
Hars,0
Nr3c1,1
Ppp2r2b,0
Tmed7,0
Eif1a,0
Gramd3,0
Lmnb1,0
Csf1r,1
Ppargc1b,1
Fbxo38,0
Ptpn2,1
Seh1l,0
Cep192,0
Rnmt,1
Cxxc1,0
Smad2,1
Pias2,1
Haus1,0
Rbfa,0
Txnl4a,0
Nfatc1,1
Tshz1,0
Socs6,0
Unc93b1,1
Ptprcap,0
Rps6kb2,0
Ccs,0
Mrpl11,0
Brms1,0
Rab1b,0
Sart1,0
AI837181,0
Ctsw,0
Cfl1,0
Rnaseh2c,0
Malat1,0
Frmd8,0
Map4k2,1
Plcb3,1
Fkbp2,0
Otub1,0
Naa40,0
Snhg1,0
Wdr74,0
Nxf1,0
Tmem179b,0
B3gat3,0
Mta2,0
Asrgl1,0
Fads3,0
Fads1,0
Syt7,0
Sdhaf2,0
Tmem132a,0
Prpf19,0
Ms4a8a,0
Mrpl16,0
Zfand5,1
Tjp2,0
Pip5k1b,0
Pgm5,0
Rfx3,0
Glis3,0
Rpl9-ps6,0
Pten,0
Lipo1,0
Kif11,0
Myof,0
Ffar4,1
Fra10ac1,0
Hells,0
Cyp2c68,0
Aldh18a1,0
Entpd1,0
Zfp518a,0
Frat2,0
Mms19,1
R3hcc1l,0
Nkx2-3,0
Pprc1,0
Trim8,0
Nt5c2,0
Pdcd11,0
4833407H14Rik,0
Acsl5,0
Hspa12a,0
Pim2,0
Suv39h1,0
Rbm3,0
Lancl3,0
Tspan7,0
Fundc1,0
Ndufb11,0
Cdk16,0
Timp1,0
Elk1,0
Stag2,0
Tenm1,0
Xpnpep2,0
Utp14a,0
Phf6,0
Fam122b,0
Htatsf1,0
Atp11c,0
Xlr4b,0
Idh3g,0
Pdzd4,0
L1cam,0
Dnase1l1,0
Atp6ap1,1
Fam3a,1
Vbp1,0
Eif2s3x,0
Maged1,1
Zxdb,0
Amer1,0
Heph,0
Gjb1,0
Cxcr3,1
Ercc6l,0
Ftx,0
Cstf2,0
Nox1,0
Armcx6,0
Bhlhb9,0
Bex4,0
Cldn2,0
Amot,0
Ubqln2,0
Eif1ax,0
Reps2,1
Ctps2,0
Ace2,1
Piga,0
Tmsb4x,0
Frmpd4,0
mt-Co1,0
mt-Co3,0
