gene,label
Zfp451,0
Fam168b,0
Uggt1,0
Neurl3,0
Pdcl3,0
Fhl2,0
Hspd1,0
Spats2l,0
Idh1,0
Fn1,0
Bcs1l,0
Cyp27a1,0
Cnppd1,0
Sgpp2,0
Cul3,0
Eif4e2,0
Arl4c,0
Agap1,0
Ilkap,0
Asb1,0
Ndufa10,0
Rnf152,0
Dbi,1
Ccdc93,0
Actr3,0
Nckap5,0
Ccnt2,0
Dars,0
Pigr,1
Plekha6,0
Sox13,0
Prelp,0
Ptprc,1
Dennd1b,0
Smg7,0
Qsox1,0
Prrc2c,0
Atp1b1,0
Fcgr2b,1
Ndufs2,0
Alyref2,0
Dcaf8,0
Tagln2,0
Fh1,0
Hnrnpu,0
Pycr2,0
Tmem63a,0
Lbr,0
Capn2,0
Brox,0
Camk1d,0
Celf2,0
Atp5c1,0
Mrc1,1
Myo3a,1
Psd4,0
Sapcd2,0
Ubac1,0
Sec16a,0
Rpl7a,1
Surf4,0
Fnbp1,0
Swi5,0
Fpgs,0
Cdk9,0
Gapvd1,0
Psmd5,0
Ndufa8,0
Rbm43,0
Gpd2,0
Baz2b,0
Ly75,1
Kcnh7,0
Gorasp2,0
Itgav,1
Serping1,0
Prg2,0
Madd,1
Acp2,0
Dgkz,0
Slc35c1,0
Ehf,0
Cat,0
Nop10,0
Srp14,0
Ppp1r14d,0
Chp1,0
Snap23,1
Tgm5,0
Duox2,0
Slc30a4,0
Fbn1,0
Snrnp200,0
Zc3h8,0
Slc20a1,1
Dtd1,0
Acss1,0
Fkbp1a,1
H13,0
Tpx2,0
Snta1,0
Chmp4b,1
Dynlrb1,0
Edem2,0
Procr,1
Romo1,0
Scand1,0
Dlgap4,1
Samhd1,0
Rpn2,0
Top1,0
Srsf6,0
Slpi,0
Pltp,0
Stau1,0
Rnf114,0
Zfp64,0
Tshz2,0
Vapb,0
Ctsz,0
Arfgap1,0
Tpd52,0
Impa1,0
Mecom,0
Supt20,0
Rfxap,0
Ccnl1,0
Lxn,0
Schip1,0
Smc4,0
Fstl5,0
Plrg1,0
Trim2,0
Lrba,1
Rab25,0
Rit1,0
Scamp3,0
Adam15,1
Adar,0
4933434E20Rik,0
Rps27,0
Slc39a1,0
Chtop,0
S100a13,0
S100a6,0
Pogz,0
Psmd4,0
Mrps21,0
Plekho1,0
Otud7b,0
Hsd3b3,0
Hao2,0
Atp1a1,0
Sike1,0
Dram2,0
Lamtor5,0
Gnai3,1
Prpf38b,0
Slc30a7,0
Vcam1,0
Cnn3,0
Slc44a3,0
Arhgap29,0
Dkk2,1
Tbck,0
Gstcd,0
Lmo4,0
Ddah1,0
Prkacb,0
Pigk,0
Zranb2,0
Penk,1
Trp53inp1,0
Esrp1,0
Rngtt,0
Spink4,0
Bag1,1
Nfx1,0
Sigmar1,1
Arhgef39,0
Tpm2,0
Tln1,0
Gne,0
Exosc3,0
Trim14,0
Coro2a,0
Ptpn3,0
Ptbp3,0
Kdm4c,0
Nfib,0
Plin2,0
Rps6,0
Acer2,0
Plaa,0
Osbpl9,1
Skint5,0
Akr1a1,0
Toe1,0
Hectd3,0
Rnf220,0
Atp6v0b,1
Smap2,0
Macf1,0
Sf3a3,0
1110065P20Rik,0
Meaf6,0
Psmb2,0
Eif3i,0
Khdrbs1,0
Rpa2,0
Wdtc1,0
Nudc,0
Sfn,0
Pnrc2,0
Id3,0
C1qb,0
Alpl,0
Capzb,0
Zbtb17,0
Spen,1
Efhd2,0
Rpl22,0
Chd5,0
Pex10,0
Rer1,0
Cdk11b,0
Atad3a,0
Aurkaip1,0
Sdf4,0
Armc10,0
Fam126a,0
9530036O11Rik,0
Eif2b4,0
Snx17,0
Fosl2,0
Tnip2,0
Hgfac,0
Grpel1,0
Lyar,0
Med28,0
Ncapg,0
Kcnip4,0
0610040J01Rik,0
Rpl9,0
Ube2k,0
Usp46,0
Kit,1
Srd5a3,1
Srp72,0
Noa1,0
Igfbp7,1
Slc4a4,0
Coq2,0
Mrps18c,0
Ptpn13,1
Gfi1,0
Atp5k,0
Chfr,0
Golga3,0
2900026A02Rik,0
Coro1c,0
Acads,0
Triap1,0
Cox6a1,0
Pxn,0
Rplp0,0
Prkab1,0
Wsb2,0
Ddx54,1
Arpc3,0
Rsrc2,0
Gtf2i,0
Hip1,0
Mdh2,0
Ywhag,0
Rasa4,0
Polr2j,0
Ephb4,1
Eif3b,0
Lfng,0
Eif2ak1,0
Baiap2l1,1
Bud31,1
Zkscan14,0
Cdk8,0
Polr1d,0
Stard13,0
Samd9l,0
Pon2,0
Ica1,0
Mdfic,0
Cav1,0
Cped1,0
Pot1a,0
Mkln1,0
Wdr91,0
Mtpn,0
Tmem213,0
Mgam,0
1700074P13Rik,0
Rarres2,1
Tra2a,0
Cycs,0
Snx10,0
Skap2,0
Hibadh,0
Tax1bp1,0
Nt5c3,0
Grid2,1
Igkc,1
Rpia,0
Thnsl2,0
Tgoln1,0
Suclg1,0
Pole4,0
Wbp1,1
Snrpg,0
Anxa4,0
Antxr1,1
Hmces,0
Rpn1,0
Mcm2,0
Fbln2,1
Cntn3,0
Edem1,0
Srgap3,0
Camk1,0
Pparg,1
Wnk1,0
Kdm5a,0
M6pr,1
Clec4a1,0
Atn1,0
Cops7a,0
Zfp384,0
Scnn1a,0
Tspan9,0
2310001H17Rik,0
Klrd1,0
Klra7,0
Mansc1,0
Cdc42ep5,0
Ppp6r1,0
U2af2,0
Epn1,0
Ccdc9,0
Bbc3,0
Pglyrp1,1
Vasp,0
Apoe,1
Irgq,0
Ethe1,0
Cd177,0
Ceacam10,0
Supt5,0
Zfp36,0
Nfkbib,0
Sirt2,0
Psmd8,0
Capns1,0
Psenen,1
Fxyd3,0
Gramd1a,0
Gpi1,0
Pepd,0
Lrp3,0
Rhpn2,0
Uri1,0
Ccne1,0
Klk1,0
Tbc1d17,0
Prmt1,0
Rras,0
Fcgrt,1
Rpl13a,0
Nucb1,0
Rpl18,0
Kcnj14,0
Herc2,0
Aldh1a3,0
Ntrk3,1
Cib1,0
Ngrn,0
Iqgap1,0
Whamm,0
Homer2,1
Rps3,0
C2cd3,0
Arhgef17,0
P2ry6,1
Fchsd2,0
Stard10,1
Clpb,0
Rhog,0
Dkk3,0
Parva,0
Acsm3,0
Tmem159,0
Anks4b,0
Coro1a,0
Aldoa,0
Mvp,0
B130055M24Rik,0
Itgam,1
9430038I01Rik,0
Echs1,0
Ifitm1,0
Ifitm3,0
Taldo1,0
Mob2,0
Kcnq1,0
Snapc2,0
Arglu1,0
Ing1,0
Tubgcp3,0
Lamp1,1
Grtp1,0
Chrnb3,1
Unc5d,1
Mak16,0
Asah1,0
Sorbs2,1
Sh3rf1,0
Lsm4,0
B3gnt3,1
Arhgap10,0
Farsa,0
Vps35,0
Tox3,0
Mmp2,0
Mt2,0
Mt1,0
Herpud1,0
Zfp319,0
Cnot1,1
Bean1,0
Nae1,0
Slc7a6os,0
Prmt7,0
Nip7,0
Chst4,1
Rfwd3,0
4933408N05Rik,0
Plcg2,1
Atp2c2,0
Zdhhc7,0
Ttc13,0
Ntpcr,0
Itgb1,1
Casp1,0
Arhgap42,0
Endod1,0
Cwc15,0
Mrpl4,0
Icam1,1
Smarca4,0
Cnn1,0
Anln,0
St14,0
Tmem45b,0
Gramd1b,0
Thy1,0
Rps25,0
Rdx,0
Idh3a,0
Dnaja4,0
Hmg20a,0
Ppcdc,0
Scamp2,0
Nptn,0
Neo1,1
Tipin,0
Spg21,0
Zfp609,0
Rps27l,0
Tpm1,0
Tinag,0
Fbxo9,0
Sh3bgrl2,0
Slc25a36,0
Stag1,0
Anapc13,0
Ryk,1
Dusp7,0
Rpl29,0
Acy1,0
Gnai2,0
Gpx1,0
Impdh2,0
Ccdc51,0
Map4,0
Smarcc1,0
Cnot10,0
Wdr48,0
Abhd5,0
Kif15,0
Cdcp1,0
Akap12,0
Utrn,1
Nhsl1,0
Slc35d3,0
Map7,0
Bclaf1,0
Rps12,0
Gtf3c6,0
Pdss2,0
Nus1,1
Mcu,0
Ppa1,0
Ccar1,1
Nrbf2,0
Bicc1,0
Specc1l,1
Smarcb1,0
Rrp1,0
Polrmt,0
Fstl3,0
Misp,0
Uqcr11,0
Rexo1,0
Csnk1g2,0
Izumo4,0
Ap3d1,0
Lsm7,0
Timm13,0
Sgta,0
Map2k2,0
Gna11,0
Nfyb,0
Chst11,0
Cdk17,0
Elk3,0
Nudt4,0
Dcn,1
Mgat4c,0
Pawr,0
Nav3,0
Lyz2,0
Rap1b,0
Grip1,0
Tmbim4,0
Msrb3,0
Ctdsp2,0
Ptges3,0
Cnpy2,0
Pa2g4,0
Suox,0
Pik3ip1,0
Xbp1,0
Ykt6,0
Nudcd3,0
Ddc,0
C1d,1
Ugp2,0
Cct4,0
Ahsa2,0
Rtn4,0
Bod1,0
Snrnp25,0
Irgm1,0
Cnot6,0
Mgat4b,0
Maml1,1
Clk4,0
Sar1b,0
Ppp2ca,0
Vdac1,0
Sparc,0
G3bp1,0
2410006H16Rik,0
Trim16,0
Cox10,0
Elac2,0
Rangrf,0
Tnk1,0
Slc2a4,0
Slc25a11,0
Pfn1,0
Kif1c,0
Nup88,0
Mnt,0
Ovca2,0
Prpf8,0
Myo1c,0
Blmh,0
Pigs,0
Tmem97,0
Psmd11,0
Myo1d,0
Ccl8,0
Mtmr4,0
Srsf1,0
Col1a1,0
Spop,0
Hoxb13,0
Snx11,0
Nfe2l1,0
Pnpo,0
Osbpl7,1
Stac2,0
Cdk12,0
Grb7,1
Med24,1
Jup,0
Ghdc,0
Ccr10,1
Psme3,0
Pyy,1
Atxn7l3,1
Gpatch8,0
Eftud2,0
Efcab3,0
Ftsj3,0
Kpna2,0
Pitpnc1,0
Arsg,0
Ttyh2,0
Nt5c,0
Sumo2,0
Fbf1,0
Ubald2,0
Mettl23,0
Pgs1,0
Eif4a3,0
Rnf213,0
Slc25a10,0
P4hb,0
Alyref,0
Gps1,0
Pum2,0
Sdc1,1
Ddx1,0
Kidins220,1
Adi1,0
Dgkb,0
Arhgap5,0
Npas3,0
Sptssa,0
Nfkbia,0
Ralgapa1,0
Pnn,0
Rps29,0
Rpl36al,0
Nemf,0
Arf6,0
Mnat1,0
Wdr89,0
Syne2,0
Mpp5,0
Plek2,0
Vti1b,0
Zfyve26,0
Srsf5,0
Calm1,0
Catsperb,0
Trip11,1
Wars,0
Zfp839,0
Rcor1,0
Klc1,0
Cep170b,0
Crip1,0
Gdi2,0
Adarb2,0
Dip2c,0
Stard3nl,0
Zkscan3,0
Abt1,0
Acot13,0
Dusp22,0
Irf4,1
Serpinb1a,0
Tubb2a,0
Prpf4b,0
Riok1,0
Dsp,0
Mcur1,0
Jarid2,0
Atxn1,0
Sptlc1,0
4833439L19Rik,0
Higd2a,0
Prelid1,0
Ddx41,0
Fam193b,0
Spock1,0
Hnrnpa0,0
2210016F16Rik,0
Golm1,0
Rsl1,0
Nsun2,0
Rps23,0
Atg10,0
Msh3,0
Lhfpl2,0
Hexb,0
Elovl7,0
4833420G17Rik,0
Thrb,1
Oit1,0
Sec24c,0
Adk,0
Dlg5,0
Appl1,1
Mustn1,0
Pbrm1,1
Bap1,0
Sh3bp5,0
Glud1,0
Bmp4,1
Lgals3,1
Tep1,0
Ndrg2,0
Slc7a7,0
Mrpl52,0
Dhrs4,0
Mdp1,0
Pspc1,0
Cryl1,0
Mtmr6,0
Dleu2,0
Fdft1,0
Ccdc25,0
Ptk2b,1
Ppp2r2a,0
4930438E09Rik,0
Adamdec1,0
Reep4,0
Lpar6,1
Esd,0
Klf5,0
Lmo7,0
Slitrk5,1
Gpr180,1
Ggact,0
Oxct1,0
Plcxd3,0
Lifr,1
Egflam,0
Prlr,0
Tars,0
Sub1,0
Zfr,0
Cdh12,0
Zfp622,0
Cpq,0
Laptm4b,0
Matn2,0
Polr2k,0
Pabpc1,0
Zfp706,0
Grhl2,0
Ncald,1
Rims2,0
Zfpm2,0
Eif3e,0
Trps1,0
Tnfrsf11b,1
Tmem65,0
Khdrbs3,0
Ly6a,0
Ly6c2,0
Fam83h,0
Scrib,0
Grina,0
Gpaa1,0
Txn2,0
Eif3d,0
Cyth4,0
Sh3bp1,1
Nol12,0
Polr2f,0
Kdelr3,1
Tomm22,0
Sun2,0
Rpl3,0
Slc25a17,0
St13,1
Ndufa6,0
Serhl,0
Poldip3,0
Cdpf1,0
Plxnb2,1
Arsa,0
Cpne8,0
Tmem117,0
Senp1,0
Kansl2,0
Tuba1b,0
Tuba1a,0
Nckap5l,0
Gpd1,0
Cox14,0
Pou6f1,0
Cela1,0
Acvr1b,1
Eif4b,0
Igfbp6,0
Calcoco1,1
Copz1,0
Cluap1,0
Parn,0
Pdxdc1,0
Mcm4,0
Mapk1,0
Aifm3,0
Parl,0
Eif2b5,0
2510009E07Rik,0
Pigx,0
Cep19,0
Slc12a8,0
Fam162a,0
Golgb1,0
Gsk3b,0
Lsamp,0
Sidt1,0
Cd200,0
Tfg,0
St3gal6,1
Cpox,0
Pros1,0
Nrip1,1
Usp25,0
Atp5j,0
App,1
Usp16,0
Map3k7cl,0
Scaf4,0
Son,0
Clic6,0
Cbr1,0
Chaf1b,0
Dyrk1a,0
Hmgn1,0
1700010I14Rik,0
Acat2,0
Zfp53,0
Zfp948,0
Paqr4,1
Prss32,0
Tsc2,0
Gfer,0
Snhg9,0
Mapk8ip3,0
Rab40c,0
Rgs11,0
Phf1,0
Cuta,0
Bak1,0
Spdef,0
BC004004,0
Tff3,0
Slc37a1,0
Ndufa7,0
Tapbp,0
H2-K1,0
Tap2,0
Rnf5,0
Hspa1b,0
Vars,0
Tubb5,0
2310061I04Rik,0
Rpp21,0
Trim26,0
Vegfa,0
Klc4,0
Ubr2,0
Stap2,1
Plin3,1
Cntnap5c,0
Lbh,0
Yipf4,0
Birc6,0
Crim1,0
Srsf7,0
Map4k3,0
Cox7a2l,0
Ppm1b,0
Cript,0
Epcam,0
Zfp438,0
Zeb1,0
Epc1,0
Usp14,0
Snrpd1,0
Mib1,1
Riok3,0
Dtna,0
Srp19,0
Reep5,0
Ctnna1,0
Ankhd1,0
Pcdhga9,0
Myot,0
Ppic,0
Rbm22,0
Hmgxb3,0
Csnk1a1,0
Wdr7,0
Lman1,1
Afg3l2,0
Seh1l,0
Rnmt,1
Smad4,1
Lipg,0
Rpl17,0
Txnl4a,0
Dok6,0
Cdk2ap2,0
Coro1b,0
Ppp1ca,0
Drap1,0
Fibp,0
Cfl1,0
Ehbp1l1,0
Scyl1,0
Malat1,0
Neat1,0
Otub1,0
Slc22a27,0
Snhg1,0
Stx5a,1
Nxf1,0
Mta2,0
Incenp,0
Fth1,0
Ddb1,0
Tmem109,0
AW112010,0
Ms4a8a,0
Ms4a6c,0
Cep78,0
Pcsk5,0
Smarca2,0
Jak2,1
Papss2,0
Pten,0
Ankrd22,0
Tnks2,0
Mms19,1
Pi4k2a,0
Sfr1,1
Casp7,0
Trub1,0
Atrnl1,0
Tbc1d25,0
Dynlt3,0
Gpr34,1
Maoa,0
Timp1,0
Pgrmc1,1
Slc25a5,0
Hs6st2,1
Cd99l2,0
Flna,1
Atp6ap1,1
G6pdx,0
Zc3h12b,0
Hsf3,0
Cox7b,0
2610002M06Rik,0
Nox1,0
Slc25a53,0
Cldn2,0
Tmem164,0
Kdm5c,0
Rbbp7,0
Trappc2,0
Arhgap6,0
Ddx3y,0
mt-Co2,0
mt-Atp6,0
mt-Co3,0
mt-Nd3,0
mt-Nd4,0
mt-Cytb,0
