gene,label
Sgk3,0
Sulf1,0
Zfp451,0
Ccdc115,0
Fam168b,0
Eif5b,0
Rev1,0
Pdcl3,0
Tgfbrap1,1
Tpp2,0
Col5a2,0
Slc39a10,0
Asnsd1,0
Stk17b,0
Sf3b1,0
Mob4,0
Ppil3,0
Orc2,0
Ndufb3,0
Nop58,0
Bmpr2,1
Fam117b,0
Cyp20a1,0
Cd28,0
Eef1b2,0
Adam23,0
Rpl37a,0
Tns1,0
Ttll4,0
Zfand2b,0
Glb1l,0
Ap1s3,0
Sp110,1
Atg16l1,0
Col6a3,0
Mlph,0
Pask,0
Hdlbp,0
Ing5,0
Rnf152,0
Tsn,0
Clasp1,0
Slc35f5,0
R3hdm1,0
Mcm6,0
Dars,0
Mapkapk2,0
Nucks1,0
Klhdc8a,1
Mdm4,0
Zc3h11a,0
Optc,0
Klhl12,0
Timm17a,0
Pkp1,0
Camsap2,0
Kif14,0
B3galt2,0
Tpr,0
Rnasel,0
Qsox1,0
Tor1aip1,0
Soat1,0
Mrps14,0
Cenpl,0
Xcl1,0
Mpzl1,1
Creg1,0
Pou2f1,0
Gpa33,0
Fcgr2b,1
Fcgr4,0
Tomm40l,0
Fcer1g,1
B4galt3,0
Tstd1,0
Alyref2,0
Ly9,1
Cd84,1
Kcnj10,0
Tagln2,0
Dusp23,0
Mndal,0
Mptx1,0
Fh1,0
Akt3,0
Zbtb18,0
Hnrnpu,0
Ahctf1,0
Parp1,0
Acbd3,0
Capn2,0
Disp1,0
Brox,0
Kctd3,0
Smyd2,0
Fam171a1,0
Hspa14,0
Mcm10,0
Cdc123,0
Nudt5,0
Sec61a2,0
Kin,0
Dnajc1,0
Acbd5,0
Yme1l1,0
Hnmt,0
Ehmt1,0
Pnpla7,0
Nsmf,0
Noxa1,0
Sapcd2,0
Dnlz,0
Rxra,1
Setx,0
Rapgef1,0
Set,0
Dolpp1,0
Exosc2,0
Pomt1,0
St6galnac6,0
Stxbp1,1
Rpl12,0
Slc2a8,0
Ralgps1,0
Mrrf,0
Ppp6c,0
Orc4,0
Rbm43,0
A430018G15Rik,0
Upp2,0
Ly75,1
Galnt3,0
Stk39,0
Itga6,0
Hoxd8,0
Prkra,0
Pde1a,0
Dnajc10,0
Zc3h15,0
Ube2l6,0
Mtch2,0
Ndufs3,0
Ptpmt1,0
Psmc3,0
Acp2,0
Arfgap2,0
Ext2,0
Commd9,0
Cd44,1
Pdhx,0
Ehf,0
Fbxo3,0
Tcp11l1,0
Qser1,0
Kif18a,0
Nop10,0
Emc4,0
3110099E03Rik,0
Spred1,0
Fam98b,0
Bub1b,0
Knstrn,0
Haus2,0
Tgm5,0
Adal,0
Wdr76,0
Sord,0
Itpripl1,0
1810024B03Rik,0
Snrnp200,0
Bub1,0
Ckap2l,0
Tgm6,0
Vps16,0
Gfra4,1
Cdc25b,0
Mavs,0
Pank2,0
Smox,1
Tmem230,0
Crls1,0
Pcsk2,0
Dtd1,0
Gzf1,0
Zfp120,0
Tbc1d20,0
Id1,0
Plagl2,0
Commd7,0
Snta1,0
Pxmp4,0
Zfp341,0
a,0
Trpc4ap,0
Aar2,0
Ndrg3,0
Samhd1,0
Blcap,0
Rprd1b,0
Hnf4a,0
Serinc3,0
Ube2c,0
Snx21,0
Ncoa5,1
Slc2a10,0
B4galt5,0
Slc9a8,0
Zfp64,0
Cdh26,1
Mrgbp,0
Arfgap1,0
Gmeb2,1
Pcmtd2,0
Hnf4g,0
Il7,1
Fabp5,1
Impa1,0
Mtfr1,0
Gyg,0
Pld1,0
Mecom,0
Pik3ca,0
Ttc14,0
Exosc9,0
Ccna2,0
Spata5,0
Ankrd50,0
Rab33b,0
Foxo1,0
Ufm1,0
Postn,0
Dclk1,0
Arhgef26,0
Dhx36,0
Lxn,0
Mfsd1,0
Ppm1l,0
Fnip2,0
Glrb,1
Plrg1,0
Mnd1,0
Rrnad1,0
Gpatch4,0
Rab25,0
Arhgef2,1
Fdps,1
Clk2,0
Gba,0
Efna4,1
Shc1,1
Ubap2l,0
4933434E20Rik,0
Tpm3,1
Rps27,0
Ilf2,0
S100a4,0
Mrpl9,0
Snx27,1
Pogz,0
Psmb4,0
Scnm1,0
Setdb1,0
Tars2,0
Rprd2,0
Otud7b,0
Mtmr11,0
Polr3c,0
Wars2,0
Syt6,0
Rap1a,0
Wdr77,1
Strip1,0
Ahcyl1,1
Gstm3,0
Gstm2,0
Gstm4,0
Ampd2,0
Amigo1,1
Vcam1,0
Sass6,0
Rwdd3,0
Gclm,0
Pde5a,0
Papss1,0
Dnajb14,0
Lamtor3,0
Unc5c,1
Gbp2,0
Pkn2,0
Bcl10,0
Samd13,0
Zzz3,0
Cryz,0
Srsf11,0
Chchd7,0
Nsmaf,1
Plekhf2,0
Ndufaf6,0
Ccne2,0
Otud6b,0
Decr1,0
Ripk2,1
Cpne3,1
Klhl32,0
Ndufaf4,0
Ufl1,0
Casp8ap2,1
Ankrd6,0
Ube2j1,0
Rars2,0
Zfp292,0
Smu1,0
Spink4,0
Chmp5,1
Dcaf12,0
Ubap1,0
Sigmar1,1
4930578G10Rik,0
Pigo,0
Tln1,0
Gba2,0
Gne,0
Polr1e,0
Exosc3,0
Ncbp1,0
Baat,0
Smc2,0
E130308A19Rik,0
Fkbp15,0
Alad,0
Rgs3,0
C630043F03Rik,0
Bnc2,0
Rps6,0
Mllt3,0
Klhl9,0
Caap1,0
Tm2d1,1
Itgb3bp,1
Cachd1,0
Jak1,0
Leprot,1
Mier1,0
Ttc4,0
Echdc2,0
Zyg11b,0
Ttc39a,0
Skint1,0
Tmem69,0
Akr1a1,0
Prdx1,0
Toe1,0
Hpdl,0
Urod,0
Eif2b3,0
Dmap1,0
Atp6v0b,1
Zfp691,0
Ybx1,0
Rimkla,0
Scmh1,0
Kcnq4,1
Smap2,0
Trit1,0
Akirin1,0
Mycbp,0
Fhl3,1
9930104L06Rik,0
Meaf6,0
Mrps15,0
Map7d1,0
Trappc3,0
Clspn,0
Zmym1,0
Phc2,0
Ak2,0
Tmem234,0
Pum1,0
Sdc3,0
Ptpru,1
Mecr,0
Snhg12,0
Phactr4,0
Dnajc8,0
Tmem222,0
Wdtc1,0
Pigv,0
Ubxn11,0
Nipal3,0
Ephb2,1
Alpl,0
Rnf186,0
Akr7a5,0
Crocc,0
Efhd2,0
Pdpn,1
Zfp933,0
Miip,0
2510039O18Rik,0
Ctnnbip1,0
Rere,0
A430005L14Rik,0
Wrap73,0
Pank4,0
Prkcz,0
Atad3a,0
Gatad1,0
Krit1,0
Lrrd1,0
Dmtf1,0
Fgl2,0
Armc10,0
Psmc2,0
Orc5,0
Pus7,0
Rint1,0
Prkag2,0
Insig1,0
Lmbr1,1
Mapre3,0
Cad,0
Gpn1,0
Mrpl33,0
Rnf4,1
Nop14,0
Dok7,1
Sh3tc1,0
Afap1,0
Evc2,0
Clnk,1
C1qtnf7,0
Fbxl5,0
Ncapg,0
Dhx15,0
Pi4k2b,0
Anapc4,0
Pgm2,0
Tlr1,1
Rpl9,0
Smim14,0
Uchl1os,0
Tmem33,0
Gabrb1,1
Slain2,0
Lnx1,0
Clock,0
Noa1,0
Polr2b,0
Sult1d1,0
Grsf1,0
Slc4a4,0
Ankrd17,0
Rassf6,0
Mrpl1,0
Hnrnpdl,0
Hpse,0
Mrps18c,0
Lrrc8d,0
Tgfbr3,1
Gfi1,0
Rpl5,0
Pigg,0
Fgfrl1,1
A630023P12Rik,0
Pus1,0
Chek2,0
Ttc28,0
Pitpnb,0
Tpst2,0
2900026A02Rik,0
Sgsm1,0
Sart3,0
Mmab,0
Mvk,0
Unc119b,0
Cit,0
Hspb8,1
BC051077,0
Rph3a,0
Rpl6,0
Trafd1,0
Pptc7,0
Vps29,0
Gpn3,0
Atp2a2,0
Tmem120b,0
Atp6v0a2,0
Ran,1
Mrps17,0
Gtf2i,0
Mlxipl,0
Pom121,0
Polr2j,0
Alkbh4,0
Cldn15,0
Zan,0
Ppp1r35,0
Mepce,0
Cops6,0
Ap4m1,0
Taf6,0
Zfp68,0
Micall2,0
Ints1,0
Snx8,0
Chst12,0
Brat1,0
Gna12,1
Sdk1,0
Rac1,0
Eif2ak1,0
Trrap,0
Smurf1,1
Zkscan14,0
Rnf6,0
Rpl21,0
Mtif3,0
Lnx2,0
Slc46a3,0
N4bp2l1,0
Pon3,0
Ndufa4,0
Tmem106b,0
2610001J05Rik,0
Tfec,0
Ndufa5,0
Gcc1,0
Impdh1,0
Calu,0
Flnc,0
Smo,1
Ube2h,0
Agbl3,0
Wdr91,0
1810058I24Rik,0
Creb3l2,0
Trim24,1
Ubn2,0
Adck2,0
1700074P13Rik,0
Trbc1,1
Sval1,0
Sval3,0
Pdia4,0
Zfp956,0
Zfp777,0
Tmem176a,0
Malsu1,0
Cycs,0
Snx10,0
Hoxa11os,0
Hibadh,0
Znrf2,0
Ppm1k,0
Herc6,0
Fam13a,0
Tigd2,0
Tnip3,1
Rmnd5a,0
0610030E20Rik,0
Pole4,0
Mthfd2,0
Exoc6b,0
Fam136a,0
Snrpg,0
Pcbp1,0
1600020E01Rik,0
Arhgap25,0
Aplf,0
Hmces,0
Rab7,0
Rpn1,0
Nup210,0
Mrps25,0
9530026P05Rik,0
Magi1,0
Gxylt2,0
Pdzrn3,1
Cntn3,0
Crbn,0
Grm7,1
Rpusd3,0
Emc3,0
Brk1,0
Slc6a11,0
Mbd4,0
Zfp422,0
Cxcl12,1
Hnrnpf,0
Csgalnact2,0
Bms1,0
Kdm5a,0
Atp6v1e1,1
Mfap5,0
C3ar1,1
Clec4a3,0
Tpi1,0
Ptms,0
Cops7a,0
Zfp384,0
Acrbp,0
Nop2,0
Ncapd2,0
Ltbr,1
Tnfrsf1a,1
D6Wsu163e,0
Ccnd2,0
Foxm1,0
Klrb1c,0
Clec2d,1
Tmem52b,0
Klra17,0
Bcl2l14,0
Dusp16,0
Ddx47,0
Gucy2c,1
Wbp11,0
Golt1b,0
Kcnj8,0
C2cd5,0
Sspn,0
Stk38l,0
Myadm,1
Prpf31,0
Tmc4,0
Zfp444,0
Vmn2r52,0
Lig1,0
Napa,1
Bbc3,0
Zc3h4,0
Irf2bp1,0
Six5,0
Opa3,0
Ercc1,0
Relb,0
Apoc2,0
Tomm40,0
Zfp180,0
Zfp94,0
Rabac1,0
Erf,0
Egln2,0
Ltbp4,0
Akt2,0
Zfp60,0
Dll3,1
Sycn,0
Nfkbib,0
Sirt2,0
Psmd8,0
Spint2,0
Zfp568,0
Nfkbid,1
Arhgap33,0
U2af1l4,0
Ffar2,1
Lsm14a,0
Pepd,0
Cebpg,0
Lrp3,0
Cep89,0
Ccne1,0
Zfp788,0
2410002F23Rik,0
Vrk3,0
Tbc1d17,0
Akt1s1,0
Fuz,0
Irf3,0
Rps11,0
Rpl13a,0
Tead2,0
Gys1,0
Ftl1,0
Bax,0
Ppp1r15a,0
Dbp,0
Kcnj14,0
Grwd1,0
Nomo1,0
Nav2,0
Svip,0
Ube3a,0
Chrna7,1
Tm2d3,1
Chsy1,0
Asb7,0
Klhl25,0
Aen,0
Ticrr,0
Ap3s2,0
Ngrn,0
Wdr73,0
Sec11a,0
Zfp592,0
2310010J17Rik,0
Sytl2,0
Tmem126b,0
Rab30,0
Ints4,0
Aamdc,0
Clns1a,0
Acer3,0
Uvrag,0
Rps3,0
Lipt2,0
Pgm2l1,0
Arhgef17,0
Rrm1,0
Dchs1,1
Spon1,0
Pde3b,0
Gde1,0
Knop1,0
Uqcrc2,0
Polr3e,0
Ubfd1,0
Ndufab1,0
Nsmce1,0
Il4ra,1
Gsg1l,1
Il27,1
Ypel3,0
Hirip3,0
Cdipt,1
Maz,0
Kif22,0
Spn,0
Zfp688,0
B130055M24Rik,0
Ctf1,0
Kat8,0
Sec23ip,0
Wdr11,0
Htra1,0
Dmbt1,1
Dhx32,0
Dock1,0
Ptpre,1
Echs1,0
Phrf1,0
Rplp2,0
Pnpla2,0
Ap2a2,0
Tollip,1
Mob2,0
Osbpl5,1
Ccnd1,0
Arhgef18,0
Camsap3,0
Snapc2,0
Ing1,0
Cln8,0
Alg11,0
Golga7,0
Ash2l,0
Zfp703,0
Unc5d,1
Gtf2e2,0
Leprotl1,1
Trappc11,0
Ing2,0
Dctd,0
Aga,0
Neil3,0
Vegfc,1
Scrg1,0
Sap30,0
Cbr4,0
Tll1,0
Ints10,0
Atp13a1,0
Mau2,0
Cope,0
Isyna1,0
Lsm4,0
Rab3a,0
Ccdc124,0
Map1s,0
Myo9b,0
Plvap,0
Slc27a1,0
Colgalt1,0
Rab8a,0
Rbmxl1,0
Hhip,1
Zfp330,0
Scoc,0
Dnajb1,0
Pkn1,0
Syce2,0
Cnep1r1,0
Heatr3,0
Cyld,0
Mmp2,0
Lpcat2,0
Ces1h,0
Amfr,1
Cpne2,0
D230025D16Rik,0
Enkd1,0
Ctrl,0
Slc7a6os,0
Nob1,0
Psmd7,0
Atxn1l,0
Chst4,1
Il34,1
Aars,0
Pdpr,0
Mlkl,1
Cfdp1,0
Tmem170,0
Nudt7,0
Gcsh,0
Mphosph6,0
Mlycd,0
Taf1c,0
Atp2c2,0
Cotl1,0
Fbxo31,0
Taf5l,0
2310022B05Rik,0
2810004N23Rik,0
Tsnax,0
Coa6,0
Rbm34,0
Tmem123,1
Arhgap42,0
Cep57,0
Cwc15,0
Amotl1,0
Ubl5,0
Angptl6,1
Ppan,1
Dnmt1,0
Mrpl4,0
Icam1,1
Cdkn2d,0
Ilf3,0
Carm1,0
Rab3d,0
Zfp653,0
Dpy19l1,0
St14,0
Fli1,0
Foxred1,0
Fam118b,0
Ccdc15,0
Vwa5a,0
Gramd1b,0
Arhgef12,1
Pdzd3,1
Nlrx1,0
C2cd2l,0
Rps25,0
Ift46,0
Dscaml1,0
Bace1,0
Sidt2,0
Pts,0
Bco2,0
2310030G06Rik,0
Sik2,0
Wdr61,0
Ireb2,0
Etfa,0
Rcn2,0
Edc3,0
Lrrc49,0
Uaca,1
Glce,0
Itga11,0
Map2k5,0
2300009A05Rik,0
Smad6,0
Dpp8,0
Igdcc4,0
Zfp609,0
Gtf2a2,0
Adam10,0
Tinag,0
Gsta4,0
Slc17a5,0
Ttk,0
Ibtk,0
Me1,0
Cyb5r4,0
Snhg5,0
Zfp949,0
Mthfs,0
Ctsh,0
Morf4l1,0
Plscr1,0
Trpc1,1
Tfdp2,0
Amotl2,0
Uba5,0
Acpp,0
Mrpl3,0
Ppm1m,0
Twf2,0
Tusc2,0
Rbm5,0
Gmppb,0
Ccdc51,0
Nme6,0
Cdc25a,0
Ccdc12,0
Epm2aip1,0
Cnot10,0
Slc22a14,0
Acaa1a,0
Xylb,0
Vipr1,1
Zdhhc3,1
Cdcp1,0
Tmem158,1
Ccr5,1
Plekhg1,0
Rmnd1,0
Tab2,1
Stxbp5,0
Grm1,1
Pex3,0
Aig1,0
Slc35d3,0
Bclaf1,0
Tcf21,0
Ncoa7,1
Rnf217,0
Dse,0
Marcks,0
Lama4,0
Traf3ip2,1
Snx3,0
Sec63,0
Dcbld1,0
Tbc1d32,0
Hsf2,0
Lims1,1
Ppa1,0
Tysnd1,0
Col13a1,0
Vps26a,0
Herc4,0
Ctnna3,1
Lrrtm3,0
Reep3,0
Bicc1,0
Tfam,0
Ggt5,0
Ddt,0
Gstt1,0
Mif,0
Zfp280b,0
Rrp1,0
Pdxk,0
Tpgs1,0
Wdr18,0
Cnn2,0
Tcf3,0
Izumo4,0
Ap3d1,0
Dot1l,0
Sf3a2,0
Pias4,0
Mrpl54,0
Hmg20b,0
Hcfc2,0
Nfyb,0
1700028I16Rik,0
Ckap4,0
Cry1,0
Rtcb,0
1700113H08Rik,0
Nup37,0
Dram1,0
Cdk17,0
Fgd6,0
Socs2,1
Lum,0
Epyc,0
Atxn7l3b,0
Zfc3h1,0
Yeats4,0
Slc35e3,0
Helb,0
Lemd3,0
Ppm1h,0
Tspan31,0
Shmt2,0
Ankrd52,0
Esyt1,0
Erbb3,1
Rps26,0
Suox,0
Cdk2,0
Mmp19,0
Ormdl2,0
Eif4enif1,0
Limk2,0
Rnf185,0
Hormad2,0
Purb,0
Tbrg4,0
Adcy1,0
Grb10,1
4930554G24Rik,0
Lgalsl,0
Tmem17,0
Cct4,0
Xpo1,0
Pnpt1,0
Acyp2,0
Cpeb4,0
Hba-a1,0
Fbxw11,0
Ranbp17,1
Lcp2,1
Rars,0
Mat2b,0
Med7,1
Mgat1,0
Maml1,1
Clk4,0
Hnrnpab,0
Nhp2,0
0610009B22Rik,0
Slc22a21,0
Pdlim4,0
Anxa6,0
Ccdc69,0
Slc36a1,0
Sap30l,0
Zfp672,0
Snap47,1
Llgl1,0
Top3a,0
Tmem11,0
Ttc19,0
Trim16,0
Cdrt4,0
Elac2,0
Ndel1,0
Slc25a35,0
Vamp2,0
Fxr2,0
Tnk1,0
Acap1,0
Slc2a4,0
Pelp1,1
Arrb2,1
Pfn1,0
Mis12,0
Nlrp1b,0
Itgae,0
Emc6,0
Cluh,0
Ovca2,0
Inpp5k,0
Rph3al,0
Timm22,0
Slc6a4,0
Tlcd1,0
Aldoc,0
Nf1,0
AI662270,0
Taf15,0
Ccl5,1
Ccl6,0
Wfdc17,0
Tada2a,0
Dhrs11,0
Znhit3,1
Usp32,0
Appbp2,0
Med13,1
Rad51c,0
Dynll2,0
Mmd,1
Ankrd40,0
Eme1,0
Mrpl27,0
Xylt2,0
Sgca,0
Pdk2,0
Spop,0
Zfp652,0
Ttll6,0
Hoxb13,0
Cdk5rap3,0
Mrpl45,0
Rpl19,0
Ormdl3,0
Med24,1
Thra,1
Krt28,0
Nkiras2,0
Kat2a,0
Stat3,1
Atp6v0a1,1
Psme3,0
Etv4,0
Ubtf,0
Fzd2,1
Ccdc43,0
Eftud2,0
Dcakd,0
Acbd4,0
Hexim1,0
Plekhm1,0
Gosr2,0
Kansl1,0
Taco1,0
Ftsj3,0
Pitpnc1,0
Ttyh2,0
Rab37,0
Cdr2l,0
Grb2,1
Galk1,0
Ten1,0
Exoc7,0
Prpsap1,0
Mxra7,0
Srsf2,0
Tmc6,0
Birc5,0
Cbx4,0
Tbc1d16,1
Anapc11,0
Rfng,0
Dus1l,0
Fasn,1
Hexdc,0
Dnmt3a,0
Pdia6,0
Odc1,0
Adi1,0
Tmem18,0
Acp1,0
Cog5,0
Prkar2b,0
Agr2,1
Dgkb,0
Arl4a,0
Akap6,0
Eapp,0
Brms1l,0
Gemin2,0
Fancm,0
Dnaaf2,0
Mnat1,0
Trmt5,0
Slc38a6,0
Mthfd1,0
Hspa2,0
Fntb,0
Gpx2,0
Mpp5,0
Eif2s1,0
Pigh,0
Vti1b,0
Pcnx,0
Dcaf4,0
Coq6,0
Entpd5,0
Arel1,0
Jdp2,0
Gstz1,0
Ahsa1,0
Sptlc2,0
Alkbh1,0
Tshr,1
Sel1l,0
Flrt2,1
Kcnk10,0
Tdp1,0
Nrde2,0
Lgmn,0
Dicer1,0
Bcl11b,0
Wars,0
Wdr25,0
Meg3,0
Zfp839,0
Tecpr2,0
Exoc3l4,0
Inf2,0
Akt1,1
Gpr132,1
Mta1,0
Crip1,0
Igha,0
Akr1c14,0
Akr1e1,0
Pitrm1,0
Idi1,0
Tbce,0
Hecw1,0
Mrpl32,0
Mplkip,0
Epdr1,0
Trim27,0
Slc17a4,0
Acot13,0
9330162012Rik,0
Gpld1,0
A330102I10Rik,0
Mylk4,0
Serpinb9,0
Psmg4,0
Prpf4b,0
Cage1,0
Slc35b3,0
Ofcc1,0
Smim13,0
Tmem170b,0
Cd83,1
Mylip,0
Nup153,0
4931429P17Rik,0
Spin1,0
Auh,0
Thoc3,0
4833439L19Rik,0
Faf2,0
Mxd3,0
B4galt7,0
Txndc15,0
Pitx1,0
Smad5,1
Hnrnpk,0
Naa35,0
Isca1,0
Fbp2,0
Fancc,0
Zfp367,0
Ptdss1,0
Rsl1,0
Nsun2,0
Lpcat1,0
Tppp,0
Pdcd6,1
Sdha,0
Ccdc127,0
Cast,0
Arsk,0
Polr3g,0
Hapln1,0
Msh3,0
Thbs4,0
Arsb,0
Scamp1,0
Ap3b1,0
Aggf1,0
Sv2c,0
Nsa2,0
Fcho2,0
Ptcd2,0
Mrps27,0
Smn1,0
Naip5,0
Naip6,0
Naip1,0
Srek1ip1,0
Ndufaf2,0
Elovl7,0
Gpbp1,0
Slc38a9,0
Emb,0
Paip1,0
Ccl28,1
Hmgcs1,0
Ube2e1,0
Nr1d2,1
Top2b,0
Oit1,0
Pdhb,0
Rpp14,0
Kcnk5,0
Fam149b,0
Dnajc9,0
Fut11,0
Kcnma1,0
Ppif,0
Arhgef3,0
Bap1,0
Ankrd28,0
Oxnad1,0
Glud1,0
Ccser2,0
Tspan14,0
Gnpnat1,0
Wdhd1,0
Exoc5,0
Osgep,0
Apex1,0
Pnp,0
Mettl3,0
1700123O20Rik,0
Dhrs4,0
Tinf2,0
Cbln3,0
Sdr39u1,0
Zmym5,0
Cryl1,0
Ift88,0
Sap18,0
Cab39l,0
Shisa2,1
Spata13,0
Mipep,0
Kpna3,0
Ephx2,0
Chmp7,0
Bin3,0
Hr,1
Rcbtb2,0
Lpar6,1
Esd,0
Tpt1,0
Gtf2f2,0
Akap11,0
Tdrd3,0
Dach1,0
Mzt1,0
Mir17hg,0
Gpc5,0
Gpc6,1
Ipo5,1
Lifr,1
Prlr,1
Rad1,0
C1qtnf3,0
6030458C11Rik,0
C030047K22Rik,0
Cdh18,1
Zfp706,0
Ubr5,0
Slc25a32,0
Rims2,0
Nudcd1,0
Utp23,0
Med30,0
Mal2,0
Wdyhv1,0
Fer1l6,0
Them6,0
Gsdmd,0
Eef1d,0
Puf60,0
Exosc4,0
Maf1,0
Hsf1,0
Adck5,0
Recql4,0
Lrrc14,0
Rpl8,0
Apol9b,0
Rac2,0
Sh3bp1,1
Pla2g6,0
Kdelr3,1
Gtpbp1,0
Apobec3,0
Mgat3,0
Sgsm3,0
St13,1
Tef,0
Tob2,0
Aco2,0
Xrcc6,0
Desi1,0
Ndufa6,0
Cyb5r3,0
Mcat,0
Arhgap8,0
5031439G07Rik,0
Ttc38,0
Creld2,0
Trabd,0
Tubgcp6,0
Chkb,0
Arsa,0
Rabl2,0
Zcrb1,0
Scaf11,0
Slc38a2,0
Slc38a4,0
Pced1b,0
Ccnt1,0
Ddx23,0
Prkag1,0
Racgap1,0
Acvrl1,1
Krt7,0
Igfbp6,0
Zfp740,0
Espl1,0
Aaas,0
Pcbp2,0
Itga5,1
Cluap1,0
Trap1,0
Dnaja3,0
Ubn1,0
Abat,0
Pmm2,0
1810013L24Rik,0
Emp2,0
Nubp1,0
Socs1,1
Rmi2,0
Litaf,0
Parn,0
Rrn3,0
Ntan1,0
Mcm4,0
Top3b,0
Ydjc,0
Aifm3,0
Smpd4,0
Ranbp1,0
Cdc45,0
Iglc2,1
Eif2b5,0
Abcf3,0
Alg3,0
Vps8,0
2510009E07Rik,0
Tmem41a,0
Rfc4,0
St6gal1,0
Fgf12,0
4632428C04Rik,0
Lsg1,0
Ppp1r2,0
Dlg1,0
Fbxo45,0
Rnf168,0
Rpl35a,0
Osbpl11,1
Pdia5,0
Lsamp,0
Spice1,0
Atg3,0
Cd47,1
Alcam,1
Trmt10c,0
Nit2,0
Col8a1,0
Arl6,0
4930453N24Rik,0
Chmp2b,1
Usp25,0
Ltn1,0
Map3k7cl,0
Scaf4,0
Urb1,0
Ifnar1,1
Itsn1,0
Brwd1,0
Dscam,0
Tfb1m,0
Rsph3b,0
Rnaset2b,0
Rnaset2a,0
Mpc1,0
Sft2d1,0
Igf2r,1
Thbs2,0
1600012H06Rik,0
Tbp,0
Rgmb,0
Vmn2r90,0
Zfp54,0
Zfp53,0
Zfp942,0
Zfp945,0
Thoc6,0
Hcfc1r1,0
Pkmyt1,0
Ccnf,0
Eci1,0
Mapk8ip3,0
Tsr3,0
Lmf1,0
Nme4,0
Axin1,0
Luc7l,0
Dusp1,0
Ggnbp1,0
AI413582,0
Spdef,0
Snrpc,0
Ppard,1
Rpl10a,0
Brpf3,0
Mtch1,0
Mdga1,0
Rsph1,0
Wdr4,0
Pknox1,0
U2af1,0
Brd4,0
Akap8,0
Wiz,0
Zfp871,0
Zfp870,0
Zfp763,0
Kifc1,0
Vps52,0
Rxrb,1
Psmb8,0
Tap2,0
Ager,1
C4b,0
Slc44a4,0
Vars,0
Gpank1,0
D17H6S53E,0
Ddx39b,0
Tcf19,0
Cchcr1,0
Tubb5,0
Nrm,0
Mrps18b,0
Ppp1r10,0
H2-T22,0
Trim26,0
Ppp1r11,0
Gabbr1,1
Hsp90ab1,0
Polr1c,0
Guca1a,1
Usp49,0
Nfya,0
Oard1,0
Unc5cl,0
Daam2,0
Tbc1d5,1
Lonp1,0
Clpp,0
Slc25a23,0
Fer,1
Vapa,0
Ralbp1,1
Lama1,0
Zbtb14,0
Myl12b,0
Smchd1,0
Spast,0
Slc30a6,0
Eif2ak2,0
Gemin6,0
Map4k3,0
Cox7a2l,0
Pigf,0
Cript,0
Epc1,0
Ccny,0
Rbbp8,0
Ankrd29,0
Ss18,1
Mapre2,0
Tpgs2,0
Wdr36,0
Paip2,0
Cxxc5,0
Pfdn1,0
Sra1,1
Slc35a4,0
Hars,0
Pcdhb12,1
Rnf14,1
Gnpda1,0
Arhgap26,1
Dcp2,0
Trim36,0
Lmnb1,0
Iigp1,0
Rps14,0
Csf1r,1
Ppargc1b,1
Sec11c,0
Lman1,1
Gnal,1
Psmg2,0
Ptpn2,1
Seh1l,0
Acaa2,0
Lipg,0
Haus1,0
Txnl4a,0
Nfatc1,1
Zfp516,0
Zadh2,0
Ppp6r3,0
Ndufs8,0
Aldh3b1,0
Ptprcap,0
Rps6kb2,0
Kdm2a,0
Ccs,0
Mrpl11,0
Brms1,0
Banf1,0
Sart1,0
Drap1,0
Cfl1,0
Frmd8,0
Vegfb,1
Nudt22,0
Stip1,0
Naa40,0
Atl3,0
Snhg1,0
Wdr74,0
Polr2g,0
Ints5,0
Incenp,0
Fads3,0
Syt7,0
Sdhaf2,0
Tmem109,0
Prpf19,0
Mrpl16,0
Gna14,0
1110059E24Rik,0
Pgm5,0
Glis3,0
Asah2,0
Rpl9-ps6,0
Minpp1,0
Pten,0
Lipo1,0
Ide,0
Ffar4,1
Fra10ac1,0
Cyp2c70,0
Tm9sf3,0
Pgam1,0
Mms19,1
Hif1an,0
Pax2,0
Btrc,0
Pprc1,0
Nolc1,0
Trim8,0
As3mt,0
Pcgf6,0
Taf5,0
Neurl1a,0
Sorcs1,1
Bbip1,1
Hspa12a,0
Tbc1d25,0
Ftsj1,0
Lancl3,0
Tspan7,0
Atp6ap2,0
Usp9x,0
Fundc1,0
Cdk16,0
Timp1,0
Elk1,0
Rpl39,0
Ndufa1,0
6030498E09Rik,0
Utp14a,0
Cd99l2,0
Cetn2,0
Nsdhl,0
Xlr3a,0
Zfp275,0
Ssr4,0
Mecp2,0
Emd,0
Taz,0
Vbp1,0
Pls3,0
Tab3,0
Maged1,1
Gjb1,0
Ercc6l,0
Rps4x,0
Ftx,0
Atp7a,0
2610002M06Rik,0
Hmgn5,0
Sytl4,0
Rpl36a,0
Armcx6,0
Armcx3,0
Bhlhb9,0
Tceal8,0
Morf4l2,0
Cldn2,0
Pfkfb1,0
Maged2,0
Huwe1,0
Cdkl5,0
Zrsr2,0
Ace2,1
Trappc2,0
Tmsb4x,0
Hccs,0
mt-Co2,0
mt-Cytb,0
