gene,label
Cnga3,1
Crim1,0
Fkbp8,1
Hip1r,1
Ipo4,0
Nefh,0
Pex14,0
Ppp5c,1
Prmt8,1
Tubb4a,0
Otub1,0
Nrip3,0
Lynx1,0
Camkk2,0
Ttll7,0
Sec14l1,0
Gas6,0
Cntnap1,0
Coro2b,1
Hrh3,0
Zdhhc7,1
Doc2a,0
Plec,1
Rgmb,0
Svop,0
Rap1gap,0
Cplx1,0
Map3k10,0
Hspbp1,1
St6galnac5,0
Ncs1,0
Mpnd,1
Nrsn1,0
Ak1,0
Ptprf,1
Ppm1l,0
Antxr2,0
Snx17,0
Rph3a,0
Tox,0
Abca3,0
Fezf2,1
Them6,0
Cyr61,0
Ing1,0
Nxph4,0
Stxbp1,1
Otub1,0
Scamp5,1
Camkk2,0
Cntnap1,0
Wscd2,0
Grin2a,0
Pgd,0
Doc2a,0
Trp53i11,0
Slc7a10,0
Galns,0
Gsg1l,1
Aldh1l1,0
Ctgf,0
Ptgfrn,0
Zfpm2,0
Abhd12,0
Pitpnm2,0
Nceh1,1
Htra1,0
Nptx1,0
Plbd2,0
Lamp5,0
Gpr37l1,1
Ntng2,1
Cplx3,1
Ncs1,0
Apba2,1
Zbtb16,0
Nxph3,0
