gene,label
Npy4r,1
Vit,0
Lrrc61,0
Chst13,0
H2-M10.1,0
Gpt,0
Il2ra,1
Thbs2,0
Zfp334,0
Gpr162,0
Pitpnm3,0
Pggt1b,0
Zfp185,0
Klrb1a,0
Nrros,0
Cntnap3,0
AF366264,0
Sertad4,0
Eddm3b,0
Mss51,0
Fam199x,0
6330403L08Rik,0
Lrrc27,0
Klhl41,0
Klb,1
Resp18,0
Otud1,0
Glt6d1,0
Tmem71,0
Tmem115,0
Has3,0
Spryd3,1
Arhgef37,0
Tktl1,0
1700034H15Rik,0
Rnf169,0
Polg2,0
Coro7,0
Susd4,0
Rslcan18,0
Klhl42,0
Atm,0
Lrp11,0
Pkd1l1,1
C230014O12Rik,0
Skor1,0
Naif1,0
Dnmt3l,0
Mirg,0
Gdpd3,0
Ogfrl1,1
Sla2,1
Zcwpw1,0
Cwf19l1,0
Adhfe1,0
Kctd1,0
Dlx6,0
Ccdc58,0
Tdrd5,0
Syde2,0
1700057H21Rik,0
Rab2b,0
9430073C21Rik,0
Dbx2,0
Ggps1,1
Coil,0
Tvp23a,0
Tnfsf14,1
Trpa1,0
Il15ra,1
Slc15a3,0
Pisd,0
Ipp,0
Cmtm5,0
C330002G04Rik,0
Cacng1,1
Zic5,0
Naalad2,0
Ak8,0
Hspa12b,0
AW495222,0
Guca1a,1
Usp13,0
Thoc1,0
Ccnb3,0
Akr1cl,0
Qsox2,0
Tsacc,0
Ascl2,0
Ccdc14,0
Il1a,0
Cnbd2,0
Steap1,0
Slc26a7,0
Usp43,0
Tas2r105,0
Klk1b8,0
Fam149a,0
Usp54,0
Tusc1,0
Maf,0
Bbs5,0
Ptger2,1
Impg1,1
Cep44,0
Slc18a2,0
Vmn2r29,0
Spryd7,0
Sowahb,0
Tfb2m,0
Adamts16,0
Crisp3,0
Ccdc81,0
1110059G10Rik,0
Nek4,0
A730011C13Rik,0
Slc22a16,0
Dcx,0
Ccl11,0
Anks3,0
Pnpla1,0
Mcoln1,1
Gp1bb,1
Wnt2b,0
Amacr,0
Cpz,0
Pycr1,0
Tnrc18,0
3110040N11Rik,0
CK137956,0
Fancg,0
Gys2,0
Gpsm1,1
C2cd4b,0
Vmn2r86,0
Ebag9,1
Cntnap1,0
Esrrb,1
Zfp661,0
Mycbpap,0
Klrg2,0
Arih2,0
Nr4a3,1
5730455P16Rik,0
Gpr173,1
Lipk,0
4930405D11Rik,0
Fmnl1,0
Zfp804b,0
Fam151b,0
Trpt1,0
Tspyl2,0
Hexim2,0
Aasdh,0
Ccl1,1
Caprin2,0
Mphosph10,0
Bdp1,0
2610316D01Rik,0
Rgs7bp,0
Zfp329,0
Isl2,0
Crhr1,1
Grk5,1
Hamp,0
Setd7,0
Obox3,0
Pgbd1,0
Fbxo44,0
Tyr,0
Snx31,0
Serpind1,0
Fndc5,0
4833422C13Rik,0
Dzank1,0
Serpina3f,0
Gpr146,1
Tbpl2,0
Dchs1,1
Ccdc69,0
Lrtm1,0
Spaca1,0
1700088E04Rik,0
Stk36,0
1700030J22Rik,0
Dixdc1,0
Cd200r1,1
Dennd2c,0
Tbc1d19,0
Heca,0
Armc3,0
Sephs1,0
Zfp641,0
Snx30,0
Cntfr,1
Hdgfl1,0
Skint2,0
Hap1,0
St8sia1,0
Lrrc17,0
Arl13b,0
Nphp4,0
Zfp36l2,0
Hbb-bt,0
3110056K07Rik,0
Glis2,0
Mdh1b,0
Phykpl,0
Begain,1
Prokr2,1
Cacna1a,0
AI847159,0
Bcdin3d,0
Zfp458,0
Colec10,0
Vmn2r104,0
Tsnaxip1,0
Homer3,1
Klhdc8b,0
Tnnt1,0
Gmip,0
Adam9,0
Sh2d4b,0
Fam151a,0
BC025920,0
Tsen54,0
Thpo,1
Hps4,0
9330185C12Rik,0
Unc80,0
Dll3,1
Jpx,0
Snrpb2,0
Zswim3,0
Gpr15,1
Pcmtd1,0
Syt4,0
Kcne4,0
BC048403,0
Tyro3,1
Hook1,0
Aspg,0
Olfr1129,0
Fan1,0
Prf1,0
Patz1,0
C030017D09Rik,0
Zfp213,0
Rxfp1,1
Klhl38,0
Tmem132b,0
Ceacam18,0
Oplah,0
Nkd1,0
Zcchc9,0
Oacyl,0
Rimklb,0
Dscc1,0
Adamts8,0
Cilp,0
Olfr641,0
Def6,0
Dcstamp,0
Kcnk13,0
Pcdha2,1
Krt222,0
Ogdhl,0
Stag3,0
Hsdl1,0
Bmp1,0
Fap,0
Brd9,0
Rmi1,0
Suco,0
Fkrp,0
Rai14,0
Rhox3h,0
Sclt1,0
Mark1,0
Adcy5,1
Ptgfr,1
Ccdc62,1
Ston2,0
Elovl2,0
Lrif1,1
Mxra8,0
Ulk3,0
Zbtb8a,0
Sfrp4,0
Trem1,1
Pik3cg,0
Dnal1,0
Cep41,0
Prkcg,1
Thap1,0
Fam185a,0
Klf7,0
Ceacam5,0
Bfar,0
Tagln3,0
Ppara,1
6720427I07Rik,0
Map3k15,0
Gtf2ird2,0
Slc25a18,0
Mycl,1
Nup205,0
Grik1,1
Phospho2,0
Arl6ip5,0
1700086P04Rik,0
B3gat1,0
Ogfod2,0
Spag5,0
Chrna3,1
Slc16a3,0
Mars2,0
Fanci,0
Baat,0
Enpp6,0
Htr7,1
Pon1,0
Gpr143,0
Snx32,0
Fam221b,0
Tapt1,0
Cidea,0
Pstpip2,0
Klhl7,0
Fnbp4,0
Zscan21,0
Prokr1,1
Rab28,0
Adcy3,0
Pax4,0
Sfrp5,1
H2-Ob,0
Bmp6,1
Kmo,0
Mfsd7a,0
Ackr4,1
Banf2,0
Tmod4,0
Zbtb40,0
Scube1,0
Rgs16,0
Prkd2,1
Map6,0
Zfp235,0
Fbxo41,0
Wif1,0
Jak3,1
Clec2g,0
Clps,0
Cfp,0
Yod1,0
Recql5,0
Itga2,1
Dancr,0
Vwa2,0
Slc7a14,1
Fkbp1b,0
Bdkrb2,1
Tbc1d8b,0
Zfp646,0
Rimbp2,0
Il21r,1
Itih1,0
Pkd2l2,0
Pitx2,0
Drd4,1
4932435O22Rik,0
Bmf,0
Dctn1,0
Nlrp1b,0
Tgm4,0
Zfp629,0
Slc25a29,0
Depdc5,0
Ghrhr,1
Kcnk6,0
Slc25a33,0
Sult1e1,1
Gsdma,0
Zfp30,0
Prickle2,0
Krt17,0
Olfr943,0
Mto1,0
Cdkn2b,0
Cdnf,0
Nsg1,0
Shf,0
Dbr1,0
Lrr1,1
Lyz1,0
Slc30a8,0
D330041H03Rik,0
Tfap2d,0
Tatdn3,0
Zfp428,0
Rnase1,0
9430015G10Rik,0
Zfp697,0
Kremen1,1
Npsr1,1
Zfp524,0
2700081O15Rik,0
Pcdh19,0
Cmtr1,0
Rnf135,0
Xrcc2,0
Wdfy4,0
Zbtb25,0
Zfp760,0
Lect2,0
4933439K11Rik,0
Polr1a,0
Neu4,0
Lhx2,0
Emx1,0
Slc7a2,0
Rgs21,1
Mrpl35,0
Wdr31,0
Tbx5,0
Olfm3,1
Celf5,0
Calcrl,1
Trim71,0
Wdr18,0
Abcb4,0
Nr1h5,0
Ifnlr1,1
Hyal4,0
1700093J21Rik,0
T2,0
Nfkbid,1
Tmem202,0
P2ry13,1
Wfikkn2,0
Myl2,0
Fdxr,0
C430042M11Rik,0
Mex3d,0
Dhx58,0
Cd248,0
Ret,1
Gfpt2,0
Mchr1,1
Theg,0
Trmt13,0
A630091E08Rik,0
Cnga1,1
AI429214,0
Disp2,0
Katnal2,0
Tmem141,0
1700028E10Rik,0
B430219N15Rik,0
Srl,0
1700031A10Rik,0
Asah2,0
Adnp2,0
Amhr2,1
Itga10,0
Rad54l2,0
Ndor1,0
Rps6ka2,0
Swap70,0
4930558K02Rik,0
Neu2,0
Tecrl,0
Gbp8,0
Chd5,0
Pnmal1,0
Vmn2r24,0
Mapk8ip2,0
Mrpl1,0
Pomgnt2,0
Cyp24a1,0
Cd2,0
Endou,0
Lmbr1,1
Ppp1r12a,0
Tmem120b,0
Eef1e1,0
Prim1,0
Tub,0
Klhl4,0
Psmd1,0
Zbtb43,0
Tnfrsf11b,1
1700019D03Rik,0
Flywch2,0
Lst1,0
Prap1,0
Crisp1,0
3110082I17Rik,0
Neto1,1
4933408J17Rik,0
Slc22a17,1
Tmem116,0
P4htm,0
Gabrg1,1
Psg17,0
1700028I16Rik,0
Draxin,0
4933411O13Rik,0
E230001N04Rik,0
Gchfr,0
Cd276,0
Rab3b,0
Rtkn,0
Lancl2,0
St6gal2,0
Hmx1,0
Hoxa2,0
Plp1,0
Scg3,0
Fam214a,0
Adamts13,0
Hoxa13,0
Hsh2d,1
Gins3,0
Vcan,0
Rilp,0
Defb18,0
Il12b,1
Mup3,0
Homer1,1
Ngf,0
Slc9b1,0
Amph,0
Pcsk1,0
Tchp,0
Axin2,0
Serpinb9b,0
Stard8,0
Gnl3l,0
Cpeb2,0
Dqx1,0
Sun3,0
Cep97,0
Asb5,0
1700057G04Rik,0
Top1mt,0
Brap,0
Cecr2,0
Adam12,0
Adcy4,1
Igf2,0
Brdt,0
Insl6,0
Rab26,0
Wipi1,0
Pop1,0
Atp10a,0
Kat6b,0
Sh2d3c,0
Nexn,0
Cep192,0
Entpd3,0
Ankrd36,0
Gpr68,1
Ngb,0
Vps18,0
Scgb3a1,0
Six3,0
B130055M24Rik,0
Polr3f,0
Trim47,0
Mcph1,0
4930550C14Rik,0
Kbtbd7,0
Kbtbd13,0
Pax9,0
Casc1,0
Grp,0
4930568D16Rik,0
Elfn1,0
Sertad1,0
Cryba4,0
A2m,0
Slc6a20a,0
Impdh1,0
A830005F24Rik,0
Fbxo47,0
A630001G21Rik,0
Dffb,0
Kifap3,0
Sptbn2,0
Dynlt1c,0
Ch25h,0
Usp49,0
Bbs2,0
Raver2,0
Zbtb37,0
Nox4,0
Mapk4,1
Zc2hc1a,0
Vwa5b2,0
Tnfrsf17,1
Lcmt1,0
4930579G18Rik,0
M1ap,0
A230006K03Rik,0
Coq4,0
Siva1,1
Ccdc152,0
Mcm9,0
9330159M07Rik,0
Cramp1l,0
Scly,0
Phkg2,0
AB124611,0
Notch4,1
Eif4ebp2,0
Slc4a5,0
Myom2,0
Gpr137c,0
Vmn2r76,0
Klhdc1,0
Ccm2l,1
Dock6,0
Tmem175,0
Lzts1,0
Tmem207,0
Pdyn,1
Dis3,0
Npc1l1,0
Gpr139,1
Eras,0
Tnfrsf1b,1
Aox3,0
Duoxa2,0
Mybl2,0
Snhg11,0
Zfp637,0
Fam20a,0
Gdpd4,0
Mpzl3,0
Prl7b1,0
Xlr3a,0
Musk,1
Krtap9-5,0
Apoa4,0
Wdr70,0
Nsl1,0
4930412B13Rik,0
Chst1,0
mt-Nd6,0
Mga,0
Cbx2,0
Abcb10,0
Loxl2,0
Prodh,0
Brca1,0
Serpina1a,0
Prr5l,0
Zfp654,0
Tmem138,0
Il7,1
Thnsl2,0
Abca2,0
1700029I15Rik,0
Tmem156,0
Tor3a,0
Cntrob,0
Ccl27a,0
Melk,0
Nlrc3,1
Pxmp2,0
Bend4,0
Atp6v0a4,1
Ska1,0
Cyp2b13,0
Vmn2r58,0
Lrfn4,0
Pigw,0
Pax2,0
Gabrd,1
Cd200r2,1
Hrg,0
Stoml3,0
Elmod2,0
Dnttip2,1
Mroh8,0
Mynn,0
4930599N23Rik,0
Insc,0
Car5a,0
Ltbp2,0
Gxylt2,0
Ppp2r5b,0
4930524O07Rik,0
Hao1,0
Mthfd2l,0
3300002I08Rik,0
B3gnt8,0
Cetn3,0
Cln3,0
Ctxn1,0
Neil2,0
Sardh,0
Kank2,1
Ppp1r3e,0
Cul4b,0
Vpreb1,0
Rad17,0
Rnf25,0
Zfp605,0
Angptl7,0
Clec4a4,0
C2cd4a,0
Rp1l1,1
Depdc1a,0
Depdc1b,0
Ugt3a2,0
Olfr1313,0
Pcdh10,1
Wdr95,0
Lag3,0
4632428C04Rik,0
Triqk,0
Zbtb33,1
Lrriq3,0
Enkur,1
Tro,0
Tmem198b,0
Pcdhb15,1
Gadd45gip1,0
Klhl29,0
4732491K20Rik,0
Dmrtc1b,0
Rsph1,0
Lingo4,0
Nme8,0
Cd209a,0
Nkd2,1
Ubr7,0
Lrfn3,0
Man2a2,0
Grhl3,0
Myocd,0
C5ar1,1
Rint1,0
Slc16a4,0
Csf3r,1
Rnf144a,0
Ly6g6d,0
Aadacl3,0
Pak3,0
Cdh20,1
Kctd18,0
Zfp667,0
Zfp820,0
Phf11d,0
Slc16a6,0
Dennd3,0
Skint7,0
Kctd12b,0
Slc22a22,0
Lgr6,1
Lrsam1,1
Osr2,0
Map7d2,0
Mat1a,0
Arhgef10,0
Tmem196,0
Gng3,0
5830444B04Rik,0
Galnt9,0
Fez1,0
Lrig3,0
Cdk15,0
Cidec,0
Tctn3,0
1700121C08Rik,0
Tmem38a,0
Kri1,0
Irak1bp1,0
Sucnr1,1
Bcl9,0
Gstp1,0
4930471D02Rik,0
Bccip,0
Zfp346,0
Ntng1,0
Arhgef6,1
Spi1,0
Snhg4,0
Fgd6,0
4933430I17Rik,0
Far2,0
1110038F14Rik,0
Ccdc28b,0
Alx3,0
Zfp28,0
Ric8b,1
Atp13a2,0
Cacna1g,0
Scel,0
Tbc1d32,0
Slc30a5,0
Gsdmc,0
Wnk3,0
Clec4n,1
Rfx6,0
Sstr2,1
2310016D23Rik,0
Ikbip,0
Gng2,0
Cep70,0
Doc2g,0
Aak1,1
Zfp341,0
Tmem69,0
B230206L02Rik,0
A830009L08Rik,0
Mettl5,0
1700024B05Rik,0
Trdmt1,0
Gpr141,1
Cdan1,0
4930432B10Rik,0
Med4,0
Tbce,0
2410003L11Rik,0
Popdc2,0
Trpc6,1
4933408N05Rik,0
Mmp20,0
Aph1b,1
Pinx1,0
Serpinb11,0
Bpi,0
St3gal5,0
Lck,1
Fcgr1,0
Trhr,1
Yjefn3,0
Tmem231,0
Sp140,0
Rimkla,0
Hrh1,1
Tmed1,1
Ufsp1,0
Snapc4,0
Sncaip,0
Tha1,0
Fam43a,0
Zfp143,0
Tsc22d2,0
Dbn1,0
Olfr1080,0
9830144P21Rik,0
Taf1b,0
Agtpbp1,0
Tnn,0
Npffr1,1
Ercc6l2,0
P2ry2,1
Ano5,0
Rgs10,0
Eme2,0
Sag,1
Arnt2,1
Mobp,0
Tbc1d7,0
A930015D03Rik,0
Gbx1,0
Hsd17b13,0
Rbm12b2,0
Fbxo5,0
Slc10a5,0
Myo7a,0
Fchsd1,0
Nudt17,0
Spry4,1
Hyls1,0
Brsk1,0
Wasf3,1
Maf1,0
Sspo,0
Fam167b,0
Fcor,0
1700001K19Rik,0
Rel,0
Ciapin1,0
Hdac6,0
Sez6,0
Cyp3a44,0
Obox1,0
Anapc7,0
Wdr49,0
Avil,0
Zfp40,0
Nckap1l,0
Nlrp4a,0
Ints2,0
Ubd,0
Mapk1ip1,0
Vmn2r23,0
Atf3,0
Stac2,0
Arhgap25,0
Dusp12,0
Zfp418,0
Vmn2r60,0
Bcl9l,1
Lrrc72,0
Siglech,0
Gan,0
Apol7d,0
Hsd3b6,0
Tnnt3,0
Redrum,0
Zfp386,0
Ccr7,1
Ltb,1
Fitm2,0
1700022I11Rik,0
4931428F04Rik,0
F930017D23Rik,0
Sipa1l2,0
Arhgef15,1
Ighv7-2,0
D630029K05Rik,0
4931429P17Rik,0
Dmrtc1a,0
1700013H16Rik,0
Morc4,0
Shc4,1
Artn,1
Senp8,0
Cldn5,0
Dok2,0
Dsg1c,0
Pgm3,0
BC006965,0
Rnps1,0
Fam219a,0
Cep290,0
Slitrk2,1
Tmc8,0
Atp2b3,0
Slc2a12,0
Myt1,0
Cdh26,1
Epha8,1
Lpar3,1
Map3k6,0
Ulbp1,1
Prdm12,0
Cir1,0
Guf1,0
Usp8,0
B430212C06Rik,0
Lypd6,0
Abca8b,0
Gucy2e,0
Slc25a43,0
5031425E22Rik,0
Apol10b,0
Abca16,0
Mapk15,0
Psmg2,0
Rps6ka6,0
Zbtb5,0
Slc6a19,1
Caap1,0
A330035P11Rik,0
Armc6,0
Golim4,0
Tbc1d8,0
Grk4,1
Cmtm1,0
Abhd15,0
Rad52,0
Tex15,0
Smim3,0
Ms4a13,0
Hfm1,0
Lyl1,1
Klhl31,0
Fam222a,0
Heatr1,0
Gga2,1
9530082P21Rik,0
Fam219b,0
Slco1c1,1
Arl4c,0
Fmnl3,0
Arhgap19,0
Pdhx,0
Kcnc4,0
Trim72,1
Tubg2,0
Zfp748,0
4930445B16Rik,0
Rsad1,0
Ttc39c,0
Nfam1,1
Crispld1,0
Reep1,1
Ttc22,0
Lmod2,0
Cog8,0
Lhfpl1,0
Slc2a3,0
Sec1,0
Slc1a3,0
4930548K13Rik,0
Hspa2,0
Masp1,0
Ankef1,0
Tmem216,0
Ece2,0
Vamp1,0
Mtmr9,0
Ggnbp1,0
Gata2,0
Col11a2,1
Fmo4,0
Dsel,0
Icam2,0
Poli,0
Crybg3,0
Podxl2,1
Smc5,0
Gspt2,0
Plg,1
Galnt16,0
Tslp,1
Lrrc8b,0
Alg11,0
Hspbap1,0
Onecut3,0
Stard6,1
Slc8b1,0
Sct,0
Fcrla,1
Bpifb4,0
Gfra1,1
Ccnyl1,0
Ccne2,0
Gin1,0
Ttll3,0
Ndufaf1,0
Adssl1,0
Pag1,0
Abi3,0
Acsm1,0
Clca2,0
Crmp1,0
Hmga1,0
Gja4,0
Abtb1,0
Pth2r,1
Trim42,0
Gngt2,1
Slc17a3,0
Slc25a45,0
Spata2l,0
Traf3ip3,0
Calca,0
Rerg,0
Abhd8,0
Slc25a42,0
Zfp948,0
Ppfia4,0
Mfsd10,0
Sh3tc2,0
Cldn18,0
Cfb,0
5730409E04Rik,0
Rev1,0
Dkk2,1
Rbm41,0
Rpusd1,0
Catsper4,0
Rnf113a1,0
4930440I19Rik,0
Dnajc17,0
Mrps18c,0
Tmem39b,0
C1rl,0
Scfd1,0
Cd7,0
2810032G03Rik,0
Dyrk3,0
Sell,1
Cand2,0
Tlr5,1
Mutyh,0
Irak3,1
4932412D23Rik,0
Slco1b2,0
4931422A03Rik,0
Efcab2,0
Zfp3,0
Prph2,1
Rbmx2,0
Snai1,0
Agbl2,0
Uox,0
Ak5,0
Slc25a48,0
Fam222b,0
C130071C03Rik,0
A730081D07Rik,0
Tmem223,0
Epm2a,0
Ccr9,1
Gng7,1
Pvalb,0
Yrdc,0
Ager,1
Nynrin,0
Cd274,1
1110002E22Rik,0
A230108P19Rik,0
Blvrb,0
Gabra5,1
Qrich2,0
Fam169a,0
Hipk2,0
Asb16,0
Icam5,0
Vmn1r172,0
Prdm10,0
Nos3,0
Lcn2,0
Lmo1,1
Tmem42,0
Arl14,0
Glb1l,0
Plcb2,1
Megf6,0
Aifm3,0
Lemd1,0
Odf4,0
Txnrd2,0
Kirrel,0
Pikfyve,1
Sytl3,0
Lrch2,0
4930412C18Rik,0
Pex1,0
Dmwd,0
Lgi3,0
Zfp600,0
Polm,0
Eno1,0
N4bp3,0
Atf7ip2,0
Vsig2,0
Mrpl47,0
A330033J07Rik,0
Cd3g,1
Blm,0
Myg1,0
Zer1,0
Tlr6,1
Trp73,0
Jph1,0
Rgs12,0
Saal1,0
Vax1,0
Zfp628,0
Rnf214,0
Tnfaip8l3,0
Fam178b,0
Tmem209,0
Spock2,0
Tnfrsf19,1
Asz1,0
Zfp296,0
Mpp3,0
Emb,0
Hr,1
Chst5,0
Dnm1,0
Sycp3,0
Mrm1,0
Rhbdl3,0
Fmo3,0
4930430F08Rik,0
Ces5a,0
Krt15,0
Socs5,0
Ankrd22,0
Dcaf10,0
Tcp10c,0
Atp5g2,0
Fbxo32,0
Nxph4,1
Hoxd10,0
Bmp3,1
Cpb2,0
Vmn2r94,0
Otof,0
Dcun1d4,0
Ccdc126,0
Pigp,0
Gdap2,0
Fam189b,0
Arl5b,0
Chadl,0
Mfsd2a,0
Phf19,0
Gtf3c2,0
Lin7b,0
Ccnc,0
Plekhm2,0
Hapln1,0
Zfp420,0
Acot12,0
Rgs18,0
Ybx2,0
Trat1,1
Tcf23,0
Jmjd4,0
Tmprss11a,0
Pmfbp1,0
Csgalnact2,0
4933405E24Rik,0
Wdr27,0
Nek11,0
Klk1b9,0
Akna,0
Prmt2,1
D130052B06Rik,0
Slco4a1,0
Prcc,0
Kcnh2,0
Shq1,0
Slc13a5,0
Elmod3,0
Ttc26,0
Cenpi,0
Orc3,0
Ppfibp1,0
Tmem150c,0
Sptbn5,1
Stc1,0
Tbx22,0
Smad9,0
4933402D24Rik,0
Zswim8,0
Slc25a14,0
Mllt11,0
Stat5a,1
Sult2a1,0
Lrrc4b,1
Spink13,0
Znhit6,0
Raet1e,1
Cd300ld,1
Syp,0
Zfp831,0
Cd8a,1
2310002F09Rik,0
Traip,0
Kbtbd4,0
Cradd,1
Mesp2,0
Nuak1,0
Sdr9c7,0
Phkg1,0
Arl11,0
2810001G20Rik,0
Gpc2,0
Kif19a,0
Cbln3,0
Zfp101,0
4930595M18Rik,0
Pot1b,0
Pax1,0
Gas1,0
E2f7,0
Pebp4,0
Mpp2,0
Klhl13,0
Ears2,0
E130006D01Rik,0
Mmab,0
Gab3,0
Kif3a,0
Ssbp4,0
Rtkn2,0
Angptl4,0
Rragd,0
Zfp239,0
Klhl24,1
4930512H18Rik,0
1700074P13Rik,0
Rnf182,0
Pld3,0
Cpn1,0
Zfp521,0
Dhrs9,0
Art3,0
Rgl3,0
Prpf40b,0
Nrk,0
Slc25a32,0
Nxpe3,1
Gpr176,1
Pnpla3,0
Kcnq3,1
Iqch,0
Ago4,0
Dck,0
St6galnac5,0
Tnfsf11,1
Abcg1,0
Mogat1,0
Rapgef4,1
Alg12,0
Rnaseh1,0
Ppp1r15a,0
Tmem101,0
BC055324,0
Insrr,1
L3hypdh,0
Flrt2,1
Gsta1,0
Rbm46,0
Grhpr,0
Ankrd55,0
4930455G09Rik,0
Ccdc39,0
Slc23a3,0
Akap8l,0
Dnajc27,0
Hcn2,0
Coro2b,0
Psmg4,0
Sema7a,0
Myh10,0
Capn9,0
Tmem132e,0
Dact3,0
Cfi,0
Tm6sf1,0
Xab2,0
Cyb5r2,0
Zfp738,0
Htr1d,1
Ror2,1
Shank1,0
Vmn2r97,0
Wdr47,0
Vmn2r114,0
Kcnh6,0
Dnajc24,0
Zfp39,0
Cdk20,0
Slc27a6,0
Satb1,0
Rdh11,0
Spats1,0
Nfil3,0
Pole3,0
Cenph,0
Cldn10,0
Myot,0
Stap1,0
Ppp1r35,0
Zfp689,0
Col6a6,0
Odf3b,0
Fam117a,0
Msh3,0
Speg,0
4930545L23Rik,0
Htr3b,1
Cacng5,1
Skor2,1
Ccdc116,0
Oas3,0
Ces1h,0
Gpr65,1
Cngb1,1
a,0
Lrwd1,0
Ttll4,0
Zfp46,0
Tceal5,0
Efna3,1
Map4k1,0
Mzf1,0
Trmt12,0
Plekhg5,0
1700069L16Rik,0
Mitd1,0
Stk32a,0
Ttk,0
M5C1000I18Rik,0
Alyref2,0
Ptbp2,0
Fgfr4,1
Ssmem1,0
Spryd4,0
D3Ertd751e,0
Zfp932,1
Trim59,0
Pnmal2,0
Klk8,0
Zfp612,0
Zfp639,0
Camk2a,0
Zbtb16,0
Lmtk2,0
Plekhf1,0
Ang4,1
Elmod1,0
Dlx3,0
Taok2,1
Tlx1,0
Ppp1r17,0
St6galnac4,0
Zfp558,0
Nxnl2,1
Tonsl,0
Tnfrsf4,1
Cd22,1
Ccr1,1
Etaa1,0
Tet1,0
Fzd1,1
Ly86,0
9330160F10Rik,0
Msrb2,0
Tspyl4,0
Tfec,0
Plau,1
Rabl2,0
Aen,0
D830050J10Rik,0
Adat2,0
Atp1b2,0
Tek,1
Tcte1,0
Hfe,1
Tsen15,0
Rab19,0
Ybey,0
Aldh1l2,0
Ltb4r1,1
Zbtb6,0
Dmrtc2,0
C030014I23Rik,0
Cited4,0
Zcchc17,0
Cyp2e1,0
Mmp3,0
Mtfr2,0
Cd40lg,0
Srcin1,0
Avpr1a,1
Slco1a6,0
Nlgn3,1
Npas1,0
Sult4a1,0
Mtmr12,0
Slc5a10,0
Vmn2r109,0
Swsap1,0
Chek1,0
Grid2ip,1
Fzd9,1
Ttf1,0
Nkiras1,0
Sstr1,1
Alas2,0
Zfp324,0
Efna4,1
Cckbr,1
Ace2,1
Pappa,1
Polh,0
Tmem64,0
Klf3,0
Mical3,0
Ankrd27,0
Ebf1,0
3110099E03Rik,0
Aldoart1,0
Cd69,1
Dhx57,0
Cbx8,0
Tmem128,0
4933413L06Rik,0
Pkd1l2,0
Slc24a4,0
Krt5,0
Sp9,0
Xpnpep2,0
Atoh8,0
Cacna1b,0
Dnajc5b,0
Dtx4,0
Neurl1a,0
Xlr4b,0
Ibsp,1
4930417H01Rik,0
C630028M04Rik,0
A330102I10Rik,0
Skint1,0
Prl8a6,0
Ddah2,0
4930578G10Rik,0
A630023P12Rik,0
Ppp1r3d,0
Phf7,0
Rnf215,0
Map3k7cl,0
Klra2,0
Ucp1,0
Calb1,1
4930465M20Rik,0
Cyb561d1,0
Zfp93,0
Rergl,0
Apol7a,0
Stox1,0
Lsm10,0
Bbc3,0
Bex1,0
Fam161b,0
Cyfip2,1
Hapln3,0
Ccdc83,0
Slc35d3,0
F630028O10Rik,0
Tex11,0
Tbx21,0
Slc25a25,0
Kcng2,0
Ppih,0
2700097O09Rik,0
Krba1,0
H2-Q10,0
Lrp5,1
Xcr1,1
Apoh,0
Gpr37l1,1
Mmd2,1
St6galnac1,0
Trim54,0
Abcc5,0
Gimap9,0
Crocc,0
Vps13c,0
Cacna1h,0
Nxph2,1
Sval3,0
Krt82,0
Acrbp,0
Serpine1,0
Ndufs5,0
Rpap2,0
Gprin3,0
Nudt6,0
Ptch2,1
Vwc2,0
Spata20,0
Tmem200c,0
Rab40b,0
Usp18,0
Slc17a2,0
Mtmr7,0
Rundc3a,0
Zfp874a,0
Nup98,0
Fads2,0
6330409D20Rik,0
Ubtd1,0
Zfp808,0
Topors,0
Snx18,0
Tbc1d17,0
Anxa10,0
4933431K23Rik,0
Slc5a4a,0
Gpr161,1
Trhr2,0
Ifnar2,1
Celf6,0
Recql,0
Smad7,1
Rasgrp4,0
Adam18,0
Ntn4,0
Camk2b,0
Bcap29,0
Klhl6,1
Nfasc,0
Zfp688,0
Zan,0
Rab6b,0
Ctrl,0
Cep72,0
Ccdc146,0
Ric3,1
Tnfrsf26,0
Dcbld2,0
Wdr91,0
Bag4,1
Sirt1,0
D930020B18Rik,0
1700064H15Rik,0
Prr12,0
Prkcb,1
F13a1,0
Strada,0
5330416C01Rik,0
Ap1ar,1
Tmem218,0
Pigl,0
Sars2,0
Dpf3,0
Taf11,0
Hic1,0
Olfr1314,0
Slfn8,0
Ceacam16,0
Defb36,0
Il17d,0
Ubxn7,0
Plb1,0
Zdhhc21,0
Pth1r,1
R3hcc1l,0
Wdr62,0
Acyp2,0
Lactb2,0
Agr3,0
Gmfg,0
Itgax,1
Zc2hc1c,0
Gcsam,1
Eva1c,0
B3galt2,0
Cd46,1
Osr1,0
Myct1,0
Kcna6,0
Abcc8,0
9530077C05Rik,0
9330198N18Rik,0
Nrtn,1
Bbs1,0
Bend3,0
Fbxw20,0
Prdm9,0
Cox15,0
Hdx,0
Tex10,0
Sema3g,0
Armcx6,0
Tlx2,0
Tsix,0
Mus81,0
Exoc3l2,0
Numbl,0
Lmbrd2,1
Fndc7,0
Car8,0
Zfp791,0
Sel1l2,0
Tmem88,0
Kbtbd2,0
Acap1,0
Colgalt2,0
Syap1,0
Usp9y,0
Rdh14,0
Pde4c,0
Car14,0
Gabra6,1
Sgip1,1
Magohb,0
AV039307,0
Cmklr1,1
Trim12c,0
Afap1l1,0
Nhlrc3,0
Pcdhb12,1
Zfp668,0
Kifc2,0
Slc6a20b,0
Mdm1,0
Prl,0
Phc1,0
Zbtb42,0
Wee1,0
Zfp775,0
Rdh5,0
Slc16a9,0
N6amt1,0
Fah,0
Zfp202,0
9030624G23Rik,0
Kif14,0
Noxred1,0
Mocs1,0
Lsm14b,0
Usp53,0
Cpn2,0
Krt25,0
Hmmr,0
Ifi204,0
Slc34a1,0
Kdm5d,0
Pcsk9,1
Dgcr6,0
Zfp94,0
Lat,1
Tmem260,0
Frs2,1
A530072M11Rik,0
Ccdc51,0
Irgc1,0
Zfp809,0
Tmem52,0
Tmem191c,0
Calhm2,0
BC024139,0
Mras,0
Tcp10b,0
Slc2a8,0
Kcnq4,1
Kif2c,0
Vwa3a,0
C530005A16Rik,0
Nol8,0
Pex11a,0
Mtrf1l,0
Frmd7,0
Klri2,0
3110009E18Rik,0
Tpte,0
Skint11,0
Ppt1,0
Ntf3,0
Phf11c,0
Asf1a,0
Dusp28,0
H2-Q6,0
Syt5,1
Tsku,0
Stxbp5l,0
AY074887,0
Dph5,0
Mfsd9,0
Ccdc174,0
1810055G02Rik,0
Gjb1,0
Tspyl5,0
Dok1,1
Rpap1,0
C030037D09Rik,0
Kcnt1,0
Ms4a18,0
Dnaja4,0
Eepd1,0
A930031H19Rik,0
Sertad3,0
Ankrd37,0
Tmie,0
Dok3,1
Ttc21a,0
Iah1,0
1500035N22Rik,0
Esco2,0
Olfr52,0
Dand5,0
Ogfod1,0
D130020L05Rik,0
Aox4,0
Tecta,0
Cd72,1
Bcl6b,0
1600002D24Rik,0
1700012B07Rik,0
Ptgs2,0
Zscan29,0
Add2,0
Dstyk,0
Mfsd6l,0
Nxph3,1
Mcm3ap,0
Ap5b1,0
Grin2d,1
Tspan2,0
Brinp1,0
Rhebl1,0
Kctd14,0
Ptrhd1,0
4930517O19Rik,0
Zfp949,0
Cenpm,0
Mecp2,0
Zfp182,0
Hrk,0
Slc14a1,0
Slc27a3,0
Mfsd12,0
Mtcp1,0
Thrsp,0
Pcp4,0
A930001C03Rik,0
Eaf1,0
Slc3a1,0
Usb1,0
Chrna9,1
Rsl1,0
Nat2,0
Emp2,0
Trim68,1
Gmpr2,0
Sema6a,1
Pnkd,0
AU022252,0
Cyp3a25,0
Rcc1,0
Kank4,0
Grpr,1
Il1r2,1
Axdnd1,0
Gfi1,0
Lat2,0
Spsb2,0
Tiam1,0
Morn2,0
Alpk2,0
9230106D20Rik,0
Rapsn,1
B230323A14Rik,0
Dgke,0
A630012P03Rik,0
Id4,0
H2-M3,0
4930562C15Rik,0
A630031M04Rik,0
Ighv1-19,0
Aldh5a1,0
Gsdmc3,0
Fbln2,1
Zfp287,0
D630045J12Rik,0
Hcst,1
Mslnl,0
Frmd5,0
Timd4,0
Dcaf17,0
Kcnj6,1
Mastl,0
Spopl,0
D630003M21Rik,0
Il12rb1,1
Foxred1,0
R3hcc1,0
Renbp,0
Gins4,0
Fgl1,0
Kcng3,0
Rcl1,0
Tgm6,0
C1qtnf7,0
Cxcl5,1
Zc3h12d,0
Peg12,0
Sorbs3,0
Plcd3,0
Zfp595,0
Cacng7,1
Kcnj14,0
Tmprss9,0
Lif,0
Kcnk9,0
Rhd,0
Dus4l,0
Ccp110,0
Inip,0
Mroh9,0
Cpa6,0
Lipe,0
Kctd9,0
Rbm38,0
Cyp27a1,0
Thap7,0
4921524J17Rik,0
Plch2,0
St7l,0
4921531C22Rik,0
Sufu,0
Lin28a,0
Klrb1,0
4930444P10Rik,0
Ttc9,0
Tmc1,0
Cnpy1,0
Ptafr,1
Irs2,1
BC051077,0
Higd1b,0
Meox2,0
3100003L05Rik,0
Ebf4,0
Mn1,0
Foxo6,0
Pyroxd1,0
Svs2,0
Enc1,0
Anln,0
Nes,0
Zcchc14,0
Plekhh3,0
Tfeb,0
Ttc38,0
Nup214,0
Fam122b,0
Efhd1,0
9430021M05Rik,0
Mapk7,1
Lrrc3,0
Fbn2,0
Smcp,0
Ccdc125,0
Scg5,0
Crb1,1
4632404H12Rik,0
Enpp3,0
Dmrta2,0
Heatr5b,0
Stbd1,0
Syce1l,0
Defb37,0
Mybpc2,0
Smcr8,0
B230217C12Rik,0
Ptprb,1
Rom1,1
Kif1a,0
Cnksr3,0
Brms1l,0
Dmrta1,0
Tmem240,0
1110051M20Rik,0
Tmem52b,0
Rab34,0
Olfml3,1
Aunip,0
Tgtp2,0
Tomm40l,0
Lonrf3,0
Zfp575,0
Sgsm1,0
Alg3,0
Gadl1,0
Dnah9,0
Asb18,0
Cmya5,0
Glb1l3,0
Cxcr3,1
Ikzf4,0
Hpdl,0
Rps19bp1,0
Ift57,0
Rho,0
Bmp7,1
B3galt4,0
Clip4,0
Klri1,0
Nvl,0
Mmp13,0
Acrv1,0
Pde6g,1
Epha1,1
Alms1,0
Sobp,0
Pik3c3,0
Plac8l1,0
Col4a3,0
Pabpc1l,0
Plxna3,1
Itln1,1
Ctf2,0
9330154J02Rik,0
Rgs4,0
Them6,0
Manba,0
Atl3,0
Akap10,0
