gene,label
Arfgef1,0
Ncoa2,1
Terf1,0
Jph1,0
Crispld1,0
Defb18,0
Tfap2d,0
Ogfrl1,1
Lmbrd1,0
Khdrbs2,0
Fam168b,0
Fam178b,0
Eif5b,0
Rev1,0
Aff3,0
Pdcl3,0
Tbc1d8,0
AI597479,0
Fhl2,0
Mob4,0
Mars2,0
Nif3l1,0
Stradb,0
Fzd7,1
Nbeal1,0
Raph1,0
4933402D24Rik,0
Pikfyve,1
Rpe,0
Kansl1l,0
Igfbp2,1
Rnf25,0
Stk36,0
Cyp27a1,0
Slc23a3,0
Abcb6,0
Glb1l,0
Stk16,0
Resp18,0
Gmppa,0
Mogat1,0
A630001G21Rik,0
Psmd1,0
Dgkd,0
Col6a3,0
Mlph,0
Ramp1,1
Hes6,0
Hdlbp,0
St8sia4,0
Slco4c1,0
Slco6c1,0
Gin1,0
Cntnap5b,0
Phlpp1,0
Bcl2,0
Vps4b,0
Serpinb5,0
Serpinb11,0
Dsel,0
Nckap5,0
Dars,0
Dyrk3,0
Lemd1,0
Pik3c2b,0
Lax1,0
Ppfia4,0
Cyb5r1,0
Ppp1r12b,0
Csrp1,0
Brinp3,0
BC034090,0
Xpr1,1
Lhx4,0
Tdrd5,0
Tnn,0
Fmo4,0
Fmo3,0
BC055324,0
Sell,1
Dpt,0
Gpa33,0
Pbx1,0
Rgs5,0
Fcrla,1
Fcgr2b,1
Fcgr4,0
Fcgr3,0
Tomm40l,0
Cd84,1
Pea15a,0
Kmo,0
Wdr64,0
Pld5,0
Akt3,0
Cnst,1
Sccpdh,0
Cdc42bpa,0
Enah,0
Capn2,0
Susd4,0
Tlr5,1
Hlx,0
C130074G19Rik,0
Rab3gap2,0
Tatdn3,0
1700034H15Rik,0
Slc30a1,0
Traf3ip3,0
Cd46,1
Suv39h2,0
Frmd4a,0
A230108P19Rik,0
Itih5,0
Prkcq,1
Il2ra,1
Vim,0
Tmem236,0
Nsun6,0
Gpr158,1
Apbb1ip,1
Pdss1,0
Yme1l1,0
Psd4,0
Nelfb,0
Tprn,0
Sapcd2,0
Olfm1,0
Ralgds,0
Slc27a4,0
Gle1,0
Zer1,0
Dolpp1,0
Ntmt1,0
BC005624,0
Hmcn2,0
Fubp3,0
Uck1,0
Dnm1,0
Ciz1,0
1110008P14Rik,0
Lcn2,0
Naif1,0
Dpm2,0
Sh2d3c,0
Lrsam1,1
Angptl2,0
Zbtb43,0
C230014O12Rik,0
Pbx3,0
Phf19,0
Gsn,0
4930568D16Rik,0
Rbm18,0
Pdcl,0
Rc3h2,0
Nr6a1,1
Arpc5l,0
Scai,0
Lrp1b,1
Kynu,0
Lypd6,0
1700057H21Rik,0
Nmi,0
Arl6ip6,0
Ccdc148,0
Tanc1,0
Dpp4,1
Ssb,0
Pdk1,0
Rapgef4,1
Chn1,1
Hoxd10,0
Rbm45,0
Ttn,0
Nup35,0
Serping1,0
Tnks1bp1,0
Olfr1080,0
Ptprj,1
Fnbp4,0
Agbl2,0
Kbtbd4,0
Madd,1
Ddb2,0
Arhgap1,0
Phf21a,0
1700029I15Rik,0
Cry2,0
Chst1,0
4930445B16Rik,0
4931422A03Rik,0
D430041D05Rik,0
Cstf3,0
Pax6os1,0
Gpr176,1
Srp14,0
Plcb2,1
Phgr1,0
Knstrn,0
Vps18,0
Ndufaf1,0
Mga,0
Vps39,1
Cdan1,0
Duox2,0
Atp8b4,0
Usp8,0
Fahd2a,0
9830144P21Rik,0
Snrpb,0
Idh3b,0
Ddrgk1,0
Itpa,0
Hao1,0
Plcb4,0
Snrpb2,0
Snx5,0
Polr3f,0
Dtd1,0
Crnkl1,0
Xrn2,0
Foxa2,0
Cd93,1
Gzf1,0
Sdcbp2,0
Bcl2l1,0
Ccm2l,1
Bpifb4,0
Trpc4ap,0
Mmp24,0
Ergic3,0
Romo1,0
Sla2,1
Samhd1,0
Rpn2,0
Nnat,0
Bpi,0
Mafb,0
Ptprt,1
Ttpal,0
Ywhab,0
Tomm34,0
Zfp334,0
Stau1,0
Ddx27,0
Snai1,0
Pmepa1,1
Zfp831,0
Cdh4,1
Adrm1,1
Slco4a1,0
Tpd52l2,0
Uckl1,0
Rgs19,0
Pkia,0
Zc2hc1a,0
Stmn2,0
Hey1,0
Zfand1,0
Car13,0
Car2,0
Cyp7b1,0
Spata16,0
Tnik,0
Sec62,0
Kcnmb2,0
Mfn1,0
Pcdh10,1
Naa15,0
Cog6,0
Lhfp,0
Stoml3,0
Tsc22d2,0
Rap2b,0
Kcnab1,0
Arl14,0
B3galnt1,0
Sptssb,0
Zbbx,0
Wdr49,0
Fstl5,0
Fnip2,0
Rbm46,0
Lrat,0
Sh3d19,1
Pear1,1
Insrr,1
Prcc,0
Slc25a44,0
Ubqln4,0
Arhgef2,1
Rit1,0
Gon4l,0
Msto1,0
Fam189b,0
Adar,0
Nup210l,0
Lingo4,0
Pogz,0
A730011C13Rik,0
Gabpb2,0
Mllt11,0
Ctss,0
Golph3l,0
Aph1a,1
Fcgr1,0
Txnip,0
Itga10,0
Nudt17,0
Gpr89,0
Zfp697,0
Hsd3b3,0
Hsd3b6,0
Gdap2,0
Man1a2,0
Cd2,0
Igsf3,0
Ngf,0
Sycp1,0
Dennd2c,0
Ap4b1,0
St7l,0
Slc16a4,0
Alx3,0
Celsr2,1
Fam102b,0
Vcam1,0
Dbt,0
Ptbp2,0
6530403H02Rik,0
F3,1
Bcar3,0
Arsj,0
Ank2,0
Sec24b,0
Tacr3,1
Slc9b1,0
Cisd2,0
Bank1,1
1110002E22Rik,0
Tspan5,0
Stpg2,0
Pdlim5,0
Gbp3,0
Gbp2,0
2410004B18Rik,0
Syde2,0
Rpf1,0
Uox,0
Gipc2,0
Nexn,0
Ak5,0
St6galnac5,0
Tnni3k,0
Lrriq3,0
Negr1,0
4930412C18Rik,0
2610301B20Rik,0
Plekhf2,0
Dpy19l4,0
Cdh17,0
Triqk,0
Necab1,0
Cngb3,1
Ggh,0
4930548K13Rik,0
Rragd,0
Pnrc1,0
Spaca1,0
Akirin2,0
Orc3,0
Lingo2,0
Dnaja1,0
Nfx1,0
Fam219a,0
Ccl27a,0
Creb3,0
Fam221b,0
Grhpr,0
Dcaf10,0
Xpa,0
Col15a1,0
Tgfbr1,1
Invs,0
Msantd3,0
Baat,0
Slc44a1,0
Tmem245,0
Ptpn3,0
Mup3,0
Akna,0
Atp6v1g1,1
Pappa,1
Frem1,1
Haus6,0
Acer2,0
Tek,1
Fggy,0
Raver2,0
Jak1,0
Slc35d1,0
Ttc22,0
Acot11,0
Prpf38a,0
Spata6,0
Skint5,0
Efcab14,0
Atpaf1,0
Lrrc41,0
Mast2,0
Mutyh,0
Eif2b3,0
Kdm4a,0
Cdc20,0
Ebna1bp2,0
Hivep3,1
Mfsd2a,0
1700121C08Rik,0
Inpp5b,0
Yrdc,0
Meaf6,0
Csf3r,1
5730409E04Rik,0
Smim12,0
Gja4,0
CK137956,0
Tlr12,0
Rnf19b,0
Fndc5,0
Fam167b,0
Ptp4a2,0
Zcchc17,0
Srsf4,0
Phactr4,0
Sytl1,0
Zdhhc18,0
Ubxn11,0
Mtfr1l,0
Clic4,0
Grhl3,0
Fuca1,0
Gale,0
C1qb,0
C1qc,0
Epha8,1
Zbtb40,0
Hspg2,0
Hp1bp3,0
Cda,0
Akr7a5,0
Plekhm2,0
Ddi2,0
Kazn,0
Prdm2,1
Pdpn,1
Aadacl3,0
Vps13d,0
Tnfrsf1b,1
Zfp600,0
Miip,0
Plod1,0
Angptl7,0
Tmem201,0
Eno1,0
Errfi1,0
Nphp4,0
Dffb,0
Trp73,0
Megf6,0
Ski,0
Pusl1,0
B3galt6,0
9430015G10Rik,0
Pex1,0
Lrrd1,0
Akap9,0
Cldn12,0
Adam22,1
Sema3d,0
Sema3a,0
Sema3e,1
Magi2,0
Gsap,0
Fgl2,0
Pmpcb,0
Reln,0
5031425E22Rik,0
Srpk2,0
Kcnh2,0
Gbx1,0
2900005J15Rik,0
Xrcc2,0
Dnajb6,0
Otof,0
Tcf23,0
Gtf3c2,0
Zfp512,0
Mrpl33,0
Depdc5,0
Fgfr3,1
Sh3bp2,0
Add1,0
Mfsd10,0
Grk4,1
Rgs12,0
Lrpap1,1
Crmp1,0
Stk32b,0
Zbtb49,0
Clnk,1
Fbxl5,0
Tapt1,0
Sod3,0
Tbc1d19,0
Tlr6,1
Tmem156,0
Rpl9,0
Ube2k,0
Uchl1,0
Gabra2,1
Corin,0
Dcun1d4,0
Chic2,0
Rest,0
Tmprss11a,0
Sult1b1,0
Sult1e1,1
Utp3,0
Mob1b,0
Slc4a4,0
Ankrd17,0
Rassf6,0
Pf4,0
Mthfd2l,0
Rchy1,0
Naaa,0
Stbd1,0
Cxcl13,1
Mrpl1,0
Bmp3,1
Rasgef1b,0
Tmem150c,0
Mrps18c,0
Ptpn13,1
Aff1,0
Hsd17b13,0
Sparcl1,0
Gbp6,0
Lrrc8b,0
Lrrc8c,0
Hfm1,0
Tmem175,0
Zfp605,0
Ankle2,0
Pole,0
E130006D01Rik,0
1700095B10Rik,0
Selplg,1
Mmab,0
Fam222a,0
Tchp,0
Pop5,0
Rab35,0
Vsig10,1
Wsb2,0
Tesc,0
Fbxw8,0
Plbd2,0
Slc8b1,0
Ptpn11,0
Brap,0
Ppp1cc,0
Arpc3,0
Anapc7,0
Setd1b,0
Zcchc8,0
Rsrc2,0
Vps37b,0
Ogfod2,0
Arl6ip4,0
Mphosph9,0
Sbno1,0
Gtf2h3,0
Ubc,0
Phkg1,0
Tyw1,0
Auts2,0
Gtf2ird2,0
Ncf1,0
Dnajc30,0
Nsun5,0
Tmem120a,0
Mdh2,0
Polr2j,0
Fis1,0
Ufsp1,0
Ephb4,1
Zcwpw1,0
Pilra,1
Zscan21,0
Nxpe5,0
Gpc2,0
Gpr146,1
Elfn1,0
Lfng,0
Ttyh3,0
Mmd2,1
E130309D02Rik,0
Zdhhc4,0
Zkscan14,0
Zkscan5,0
Wasf3,1
Rpl21,0
Flt1,1
Slc46a3,0
Slc7a1,0
Wdr95,0
N4bp2l1,0
1700028E10Rik,0
Sgce,0
Pon1,0
Pon3,0
Dlx6,0
Asz1,0
Ptprz1,1
Lmod2,0
Zfp800,0
Gcc1,0
Pax4,0
Snd1,0
Nrf1,0
Plxna4,1
Exoc4,0
Nup205,0
1810058I24Rik,0
9330158H04Rik,0
Klrg2,0
Hipk2,0
Tbxas1,0
Tmem178b,0
1700074P13Rik,0
Gstk1,0
Sspo,0
Rarres2,1
AI854703,0
Tmem176b,0
Malsu1,0
Tra2a,0
Stk31,0
Tax1bp1,0
Jazf1,0
Tril,0
Wipf3,0
Znrf2,0
Ghrhr,1
Adcyap1r1,1
Pde1c,1
Lancl2,0
Ccser1,0
Smarcad1,0
Prdm5,0
E230016M11Rik,0
Krcc1,0
Cd8a,1
Reep1,1
St3gal5,0
Rnf181,0
Capg,0
Elmod3,0
Tmsb10,0
Dnah6,0
Slc4a5,0
Actg2,0
Stambp,0
Nagk,0
Fbxo41,0
Aak1,1
Arhgap25,0
Prokr1,1
Gata2,0
Abtb1,0
Podxl2,1
Chst13,0
Fbln2,1
Chchd4,0
Xpc,0
Ccdc174,0
Mrps25,0
Mitf,0
Foxp1,0
Cntn6,0
Ttll3,0
Cidec,0
Il17re,1
Vhl,0
Irak2,1
Cand2,0
Zfand4,0
Rassf4,0
Zfp239,0
Rad52,0
B4galnt3,0
Slc25a18,0
Pex26,0
Mfap5,0
Apobec1,0
Foxj2,0
C3ar1,1
Clec4a3,0
Clec4a4,0
Vmn2r23,0
Vmn2r24,0
C1rl,0
Usp5,1
Gpr162,0
Lag3,0
Vamp1,0
Scnn1a,0
Tspan9,0
Klrb1a,0
Clec2h,0
Ybx3,0
Emp1,0
Plbd1,0
Rerg,0
Slco1c1,1
Slco1b2,0
Kcnj8,0
Cmas,0
D6Ertd474e,0
Sspn,0
Klhl42,0
Ppp1r12c,0
Tnnt1,0
Ppp6r1,0
Brsk1,0
Cox6b2,0
Zfp628,0
Zfp579,0
Zfp28,0
Peg3,0
Zscan22,0
Ehd2,0
C5ar1,1
Sae1,0
Tmem160,0
Ceacam5,0
Dmpk,0
Opa3,0
Zfp296,0
Clasrp,0
Apoe,1
Nlrp4e,0
Zfp428,0
Xrcc1,0
Ceacam10,0
Hnrnpul1,0
BC024978,0
Blvrb,0
Sertad1,0
Pld3,0
Paf1,0
Zfp420,0
Lrfn3,0
Fxyd1,0
Fxyd3,0
Gpi1,0
Cebpg,0
Nudt19,0
Tshz3,0
Zfp536,0
2310002F09Rik,0
Klk1b9,0
Lrrc4b,1
Josd2,0
Med25,0
Rras,0
Rcn3,0
Ppp1r15a,0
Ush1c,0
Ldha,0
Ano5,0
Slc17a6,0
Luzp2,0
Gabra5,1
Gabrb3,1
Atp10a,0
A230006K03Rik,0
4930554H23Rik,0
Otud7a,1
Tm2d3,1
Lrrk1,0
Adamts17,0
Lrrc28,0
Igf1r,1
Fam169b,0
Rgma,0
Slco3a1,0
Fanci,0
Mesp2,0
Zfp710,0
Prc1,0
Man2a2,0
Blm,0
Abhd17c,0
Zfand6,0
Vmn2r76,0
Prss23,0
Rab30,0
Myo7a,0
B3gnt6,0
Acer3,0
Serpinh1,0
Rnf169,0
P2ry6,1
Il18bp,1
Rnf121,0
Trpc2,0
Rhog,0
Trim21,0
Arfip2,0
Ilk,0
Tpp1,0
Dchs1,1
Cyb5r2,0
Lmo1,1
Akip1,0
Zfp143,0
Ampd3,0
Far1,0
Spon1,0
Calca,0
Calcb,1
Itpripl2,0
Gpr139,1
Acsm1,0
Eri2,0
Dcun1d3,0
Abca16,0
Eef2k,1
Gga2,1
Ern2,0
Lcmt1,0
Gsg1l,1
Sbk1,0
Bola2,0
Coro1a,0
B130055M24Rik,0
Prr14,0
Phkg2,0
Zfp629,0
Bckdk,0
Trim72,1
Bccip,0
Pwwp2b,0
Adam8,0
Tubgcp2,0
Mtg1,0
Bet1l,1
Ifitm1,0
Lrrc56,0
Sct,0
Slc25a22,0
Pnpla2,0
Tspan4,0
Chid1,0
Cdkn1c,0
Tpcn2,0
Mrgprf,1
Cd209a,0
Snapc2,0
Ctxn1,0
Col4a1,0
Col4a2,0
Grtp1,0
Arhgef10,0
Myom2,0
Angpt2,1
Slc25a15,0
Sfrp1,1
Lsm1,0
Fnta,0
Tex15,0
Tnks,0
Sgcz,0
Micu3,0
Vps37a,0
Pcm1,0
Fat1,1
Acsl1,0
Enpp6,0
Vegfc,1
Hand2,0
4930512H18Rik,0
Tmem192,0
Tma16,0
Lpl,1
Lzts1,0
Gmip,0
Rfxank,0
Slc25a42,0
Armc6,0
Cope,0
Klhl26,0
Abhd8,0
Zfp617,0
Zfp961,0
Ap1m1,1
Isx,0
Arhgap10,0
Inpp4b,0
Elmod2,0
Gipc1,1
Lyl1,1
Gadd45gip1,0
Rad23a,0
Wdr83,0
Vps35,0
Tox3,0
Aktip,0
Fto,0
Ces5a,0
Mt2,0
Nup93,0
Ciapin1,0
Zfp319,0
Cnot1,1
A330008L17Rik,0
Cmtm1,0
Dync1li2,0
Ces2g,0
4931428F04Rik,0
Slc9a5,0
Hsd11b2,1
Nutf2,0
Cog8,0
Nfat5,0
Pmfbp1,0
Cog4,0
Chst5,0
Tmem231,0
1700030J22Rik,0
Spata2l,0
Vps9d1,0
Abcb10,0
Capn9,0
4930433N12Rik,0
Casp4,0
Dcun1d5,0
Trpc6,1
Maml2,1
Cep57,0
Fut4,0
Mre11a,0
Fat3,1
Zfp266,0
S1pr2,1
Icam5,0
Kri1,0
Tmed1,1
Cnn1,0
Zfp810,0
Npsr1,1
Tbx20,0
Thyn1,0
Vps26b,0
Ncapd3,0
Ntm,0
St14,0
Fli1,0
Cdon,1
Hyls1,0
Pknox2,0
Vsig2,0
Ubash3b,1
Hmbs,0
Arcn1,0
Cd3g,1
Cep164,0
Bace1,0
Sidt2,0
Sik3,0
Bud13,0
Ncam1,1
Pts,0
Il18,0
Dlat,0
Dixdc1,0
Exph5,0
Atm,0
Rab39,0
Dmxl2,0
Cib2,1
Chrna3,1
Cspg4,0
Scamp2,0
Clk3,0
Stoml1,0
Cd276,0
Celf6,0
Skor1,0
Iqch,0
Rpl4,0
Snapc5,0
Tipin,0
Pdcd7,0
Csnk1g1,0
Tln2,1
Myo1e,0
Polr2m,0
Tcf12,0
Rsl24d1,0
Scg3,0
Lrrc1,0
Klhl31,0
Gsta1,0
Mto1,0
Col12a1,0
Phip,1
9330154J02Rik,0
Mthfs,0
Slc9a9,0
Tfdp2,0
Rasa2,0
Zbtb38,0
Trim42,0
Cldn18,0
Nck1,1
Ppp2r3a,0
Cep63,0
Amotl2,0
Tmem108,0
Acpp,0
Nek11,0
Col6a4,0
Rpl29,0
Cish,1
Sema3f,0
Traip,0
Ip6k1,0
Gmppb,0
Rnf123,0
Tcta,0
Prkar2a,0
Als2cl,0
Ubp1,0
Osbpl10,1
Stt3b,0
Rbms3,0
Cmc1,0
Golga4,0
Wdr48,0
Snrk,0
Topaz1,0
Tmem42,0
Slc6a20a,0
Ccr9,1
Ccr2,1
Ccr5,1
Akap12,0
Fbxo5,0
Rgs17,0
Oprm1,1
Lrp11,0
Ginm1,0
B430219N15Rik,0
4930432B10Rik,0
Epm2a,0
Hivep2,0
Heca,0
Ifngr1,1
E030030I06Rik,0
Raet1e,1
Slc2a12,0
Tbpl1,0
Med23,1
L3mbtl3,0
Hs3st5,0
Lama4,0
Fyn,0
Traf3ip2,1
Smpd2,0
F930017D23Rik,0
Hace1,0
Mcm9,0
Asf1a,0
Ranbp2,0
Spock2,0
Adamts14,0
Eif4ebp2,0
Lrrc20,0
Npffr1,1
Tet1,0
Sirt1,0
Ctnna3,1
Rtkn2,0
Fam13c,0
4930533K18Rik,0
Col6a1,0
Pcbp3,0
Ube2g2,0
Dnmt3l,0
Icosl,1
Hcn2,0
Abca7,0
Reep6,1
Onecut3,0
Rexo1,0
Csnk1g2,0
Btbd2,0
Izumo4,0
Dot1l,0
Gng7,1
Diras1,0
Sgta,0
Eef2,0
Fzr1,0
Tle6,0
Slc41a2,0
Nuak1,0
Tcp11l2,0
Polr3b,0
Ric8b,1
Hsp90b1,0
Gnptab,0
Sycp3,0
Mybpc1,0
Nr2c1,1
Cradd,1
Socs2,1
Mrpl42,0
Btg1,1
Atp2b1,0
Dusp6,0
Cep290,0
4930430F08Rik,0
Mgat4c,0
Ppfia2,0
Otogl,0
E2f7,0
Zfc3h1,0
Ptprr,1
Lyz1,0
Cpm,0
Irak3,1
Hmga2,0
Mon2,0
Avil,0
B4galnt1,0
Mbd6,0
Arhgap9,0
Nxph4,1
Stat6,1
Sdr9c7,0
Prim1,0
Stat2,1
Dnajc14,0
Pik3ip1,0
Limk2,0
Tbc1d10a,0
Npc1l1,0
Zmiz2,1
Igfbp3,1
Tns3,0
Pkd1l1,1
Abca13,0
Zpbp,0
Etaa1,0
Aftph,0
Ehbp1,0
Rel,0
Sptbn1,0
Erlec1,0
Cpeb4,0
Fbxw11,0
Npm1,0
D130052B06Rik,0
C1qtnf2,1
Il12b,1
Trim41,0
Flt4,1
Sqstm1,1
Adamts2,0
Col23a1,0
N4bp3,0
Sar1b,0
Zcchc10,0
Kif3a,0
Slc22a21,0
4933405E24Rik,0
Rapgef6,0
Cdc42se2,0
Gpx3,0
Ccdc69,0
Slc36a2,0
Sparc,0
Mfap3,0
Galnt10,0
4930438A08Rik,0
4933439C10Rik,0
Mprip,0
Nt5m,0
Dhrs7b,0
Pigl,0
Trim16,0
Pmp22,0
2810001G20Rik,0
Elac2,0
Myocd,0
9430073C21Rik,0
Odf4,0
Slc25a35,0
Pfas,0
Gucy2e,0
Chd3,0
Mpdu1,0
Senp3,0
Nlgn2,1
Gps2,1
Slc2a4,0
Phf23,0
Zmynd15,0
Slc25a11,0
Camta2,0
Zfp3,0
Pitpnm3,0
Ankfy1,0
Wdr81,0
Blmh,0
Abhd15,0
Fam222b,0
Spag5,0
Pigs,0
Tnfaip1,0
Crlf3,1
Rhbdl3,0
Myo1d,0
Ccl8,0
Rffl,0
Rad51d,0
Nle1,0
Mrm1,0
Myo19,0
Car4,0
Appbp2,0
Vmp1,0
Trim25,0
Pctp,0
Tmem100,0
Mmd,1
Cox11,0
Cacna1g,0
Rsad1,0
Mrpl27,0
Col1a1,0
Fam117a,0
Gngt2,1
Snf8,0
Nfe2l1,0
Mrpl45,0
Arhgap23,1
Lasp1,0
Fbxo47,0
Cdk12,0
Igfbp4,1
Ccr7,1
Krt15,0
Stat5a,1
Tubg2,0
Wnk4,0
Brca1,0
Dusp3,0
Mpp3,0
Mpp2,0
Pyy,1
Tmem101,0
Lsm12,0
G6pc3,0
Ubtf,0
Ccdc43,0
Map3k14,1
Arhgap27,0
Gosr2,0
Efcab3,0
Ftsj3,0
Icam2,0
Tex2,0
Polg2,0
Cep95,0
Smurf2,1
Axin2,0
Slc16a6,0
Wipi1,0
Abca8b,0
BC006965,0
Slc39a11,0
Sstr2,1
Kif19a,0
Cd300ld,1
Hid1,0
Sumo2,0
Gga3,1
Rnf157,0
Qrich2,0
Mfsd11,0
Tmc8,0
Tha1,0
Cyth1,0
Usp36,0
Timp2,0
Cbx2,0
Rptor,0
Nploc4,0
Slc25a10,0
Mafg,0
Aspscr1,0
Dcxr,0
Slc16a3,0
Cd7,0
Wdr45b,0
Adcy3,0
Ncoa1,1
Klhl29,0
2810032G03Rik,0
Nol10,0
Itgb1bp1,0
Taf1b,0
Rnf144a,0
Rnaseh1,0
Arl4a,0
Hectd1,0
Heatr5a,0
Nubpl,0
Arhgap5,0
Brms1l,0
Sec23a,0
Pnn,1
L3hypdh,0
Jkamp,0
Tmem30b,0
Prkch,1
Snapc1,0
Ppp2r5e,0
Sgpp1,0
Esr2,1
Hspa2,0
Max,0
Mpp5,0
Eif2s1,0
Galnt16,0
Pcnx,0
Zfyve1,0
Lin52,0
Npc2,0
Fos,0
Gpatch2l,0
Ngb,0
Ahsa1,0
Nrxn3,1
4930544I03Rik,0
Zc3h14,0
Psmc1,0
Fbln5,0
Otub2,0
Serpina1c,0
Serpina3f,0
Clmn,0
Gskip,0
Eml1,0
Slc25a29,0
Mirg,0
Zfyve21,0
Inf2,0
Adssl1,0
Crip2,0
Ighm,0
Ighv7-2,0
Zfp386,0
Tmem196,0
Pitrm1,0
Wdr37,0
Dip2c,0
Mtr,0
Heatr1,0
Lgals8,1
Ggps1,1
Amph,0
Stard3nl,0
Epdr1,0
Slc17a3,0
Acot13,0
Mrs2,0
2610307P16Rik,0
Uqcrfs1,0
Serpinb9b,0
Nqo2,0
Bphl,0
Tubb2a,0
F13a1,0
Cage1,0
Snrnp48,0
Bmp6,1
Bloc1s5,0
A730081D07Rik,0
Tbc1d7,0
Ranbp9,1
Rnf182,0
Atxn1,0
Dek,0
A330033J07Rik,0
Id4,0
6720427I07Rik,0
Bicd2,0
Ecm2,0
Rnf44,0
Zfp346,0
Rab24,0
Grk6,1
Dbn1,0
Caml,1
Slc25a48,0
Tgfbi,1
Ubqln1,0
Ntrk2,1
Agtpbp1,0
Ercc6l2,0
Ctsl,0
Cntnap3,0
Zfp369,0
Rslcan18,0
Zfp874b,0
Zfp748,0
Exoc3,0
Arrdc3,0
C130071C03Rik,0
Ccnh,0
Hapln1,0
Ssbp2,0
Acot12,0
Rasgrf2,0
Homer1,1
Lhfpl2,0
Zbed3,0
Iqgap2,0
Fam169a,0
Utp15,0
Tnpo1,1
Rad17,0
Mast4,0
Rgs7bp,0
Plk2,0
Mier3,0
Map3k1,0
Ndufs4,0
Hcn1,1
Atxn7,0
Zswim8,0
Camk2g,0
Kat6b,0
Polr3a,0
Zcchc24,0
Pde12,0
Arhgef3,0
Lrtm1,0
Spcs1,0
Nt5dc2,0
Stab1,1
Wdfy4,0
Glud1,0
Rgr,1
1700024B05Rik,0
Txndc16,0
Gpr137c,0
Ap5m1,0
Ttc5,0
Parp2,0
Osgep,0
Rnase1,0
Zfp219,0
Rab2b,0
Lrp10,1
Haus4,0
4930579G18Rik,0
Homez,0
Ppp1r3e,0
Dhrs1,0
Nynrin,0
Cbln3,0
Phf11d,0
Cdadc1,0
Mipep,0
Tnfrsf19,1
Sacs,0
Arl11,0
Kpna3,0
Dleu2,0
Gucy1b2,0
Mtmr9,0
Msra,0
Hmbox1,0
Pbk,0
Clu,0
Ptk2b,1
Ebf2,0
Stc1,0
Slc25a37,0
Loxl2,0
Pebp4,0
Ccar2,0
Bmp1,0
Lgi3,0
Dmtn,0
Dok2,0
Rcbtb2,0
Lpar6,1
Med4,0
Cpb2,0
Tnfsf11,1
Kbtbd7,0
Wbp4,1
Bora,0
Klf5,0
Mycbp2,0
Slitrk5,1
Gpr180,1
Dnajc3,0
Hs6st3,0
A330035P11Rik,0
Fgf14,0
AW549877,0
Oxct1,0
Rpl37,0
Egflam,0
Wdr70,0
Skp2,0
Cdh6,1
Cmbl,0
Pop1,0
Osr2,0
Polr2k,0
Pabpc1,0
Klf10,0
Rspo2,1
Trhr,1
Pkhd1l1,0
Kcnv1,0
Slc30a8,0
Deptor,0
Wdyhv1,0
Fbxo32,0
Tmem65,0
Trib1,0
Gsdmc,0
Tmem71,0
Trappc9,0
Chrac1,0
Dennd3,0
Slc45a4,0
Mroh5,0
Ly6a,0
Zc3h3,0
Mapk15,0
Grina,0
Smpd5,0
Oplah,0
Ppp1r16a,0
Gpt,0
Mfsd3,0
Arhgap39,0
Zfp7,0
1110038F14Rik,0
Rbfox2,1
Myh9,0
Pvalb,0
Cyth4,0
Sh3bp1,1
Ankrd54,0
1700088E04Rik,0
Apobec3,0
Adsl,0
Chadl,0
Csdc2,0
Cyp2d22,0
Cyp2d26,0
Nfam1,1
Pacsin2,0
Scube1,0
Efcab6,1
Pnpla3,0
Phf21b,0
5031439G07Rik,0
Atxn10,0
Ppara,1
Alg12,0
Pim3,0
Trabd,0
Hdac10,0
Plxnb2,1
Mapk8ip2,0
Rabl2,0
Kif21a,0
Dbx2,0
Slc38a1,0
Pced1b,0
Endou,0
Troap,0
Fmnl3,0
Letmd1,0
Pou6f1,0
Scn8a,0
Acvrl1,1
Eif4b,0
Csad,0
Pfdn5,0
Amhr2,1
Atp5g2,0
Itga5,1
Nckap1l,0
Zfp263,0
Nlrc3,1
Adcy9,1
Srl,0
Coro7,0
Atf7ip2,0
Tnfrsf17,1
Bfar,0
Myh11,0
Mcm4,0
Prkdc,0
Yars2,0
Fgd4,0
Vpreb1,0
Mapk1,0
Aifm3,0
Lztr1,0
Thap7,0
Slc7a4,0
Tango2,0
Iglc2,1
Klhl24,1
Abcf3,0
Vwa5b2,0
Alg3,0
Etv5,0
Masp1,0
Rtp4,1
Tmem207,0
Fgf12,0
Atp13a3,0
Fam43a,0
Pak2,0
Nrros,0
Fbxo45,0
Wdr53,0
Tnk2,0
Lrch3,0
Heg1,0
Itgb5,1
Mylk,0
Parp14,0
Ccdc58,0
Eaf2,0
Stxbp5l,0
Ndufb4,0
B4galt4,0
Gtpbp8,0
Cd200r1,1
BC016579,0
Tagln3,0
Phldb2,0
Trat1,1
Tomm70a,1
St3gal6,1
Cggbp1,0
Chmp2b,1
Robo2,1
Usp25,0
Ifngr2,1
Tmem50b,0
Son,0
Synj2,0
Tmem181a,0
Sytl3,0
Ezr,0
Agpat4,0
Plg,1
Smoc2,0
Thbs2,0
Wdr27,0
Fam120b,1
Psmb1,0
Vmn2r94,0
Ppp2r1a,0
Zfp820,0
Zfp40,0
9530082P21Rik,0
Flywch2,0
Pdpk1,1
Abca3,0
D330041H03Rik,0
Rab26,0
Meiob,0
Hagh,0
Spsb3,0
Mapk8ip3,0
Mrps34,0
Metrn,0
Stub1,0
Axin1,0
Hmga1,0
Spdef,0
Tead3,0
Slc26a8,0
Cmtr1,0
Glo1,0
Abcg1,0
Rsph1,0
Akap8l,0
Cyp4f16,0
Zfp101,0
Angptl4,0
Col11a2,1
Tap2,0
H2-Ob,0
H2-Aa,0
H2-Eb1,0
Ager,1
Tnxb,0
C4b,0
Stk19,0
Skiv2l,0
Cfb,0
Ly6g6d,0
Lst1,0
Ltb,1
Ppp1r10,0
Abcf1,0
A930015D03Rik,0
H2-M10.1,0
Trim15,0
Ppp1r11,0
Clic5,0
Runx2,0
Slc35b2,0
F630040K05Rik,0
Gtpbp2,0
Xpo5,0
Yipf3,0
Zfp318,0
Klc4,0
Klhdc3,0
Rpl7l1,0
Tbcc,0
Pot1b,0
Kdm4b,0
Safb2,1
Safb,1
Acer1,0
Alkbh7,0
Khsrp,0
Gpr108,1
Vav1,0
Man2a1,0
Rab12,0
Myl12a,0
Ndc80,0
Ypel5,0
Lclat1,0
Galnt14,0
Yipf4,0
Fez2,0
Prkd3,0
Galm,0
Thada,1
Epas1,0
Socs5,0
Mcfd2,0
Fbxo11,0
Crem,0
Zeb1,0
Arhgap12,0
Epc1,0
Ttc39c,0
Zfp521,0
Kctd1,0
Aqp4,0
Dsg1c,0
B4galt6,0
Trappc8,0
Asxl3,1
Zfp35,0
Ino80c,0
Galnt1,0
Myo7b,0
Iws1,0
Ercc3,0
Tslp,1
Fam53c,0
Kdm3b,0
Pura,0
Hars2,0
Zmat2,0
Pcdhb15,1
Pcdhga9,0
Hdac3,0
Fchsd1,0
Gnpda1,0
Spry4,1
Prelid2,0
Lars,0
Dpysl3,0
Mcc,0
Pggt1b,0
Cdo1,0
Csnk1g3,0
Lmnb1,0
Chsy3,0
Smim3,0
Dctn4,0
Rbm22,0
Synpo,0
Cd74,1
Csf1r,1
Hmgxb3,0
Arhgef37,0
Grpel2,0
Sh3tc2,0
Spink13,0
Wdr7,0
Zfp532,0
Oacyl,0
Cidea,0
Afg3l2,0
Cep192,0
Stard6,1
Lipg,0
BC031181,0
Pias2,1
Setbp1,0
Rbfa,0
Atp9b,0
Cpt1a,0
Ppp1ca,0
Mrpl11,0
Eif1ad,0
Cfl1,0
Snx32,0
Rnaseh2c,0
Ltbp3,0
Frmd8,0
Slc25a45,0
Mrpl49,0
Zfpl1,0
Map4k2,1
Ppp1r14b,0
Vegfb,1
Fermt3,0
Atl3,0
Slc22a8,0
Stx5a,1
Tmem223,0
Gng3,0
1810009A15Rik,0
B3gat3,0
Rom1,1
Asrgl1,0
Fth1,0
Tmem138,0
Tmem132a,0
Ms4a13,0
Ms4a4d,0
Ms4a6d,0
Stx3,0
Zfp91,1
Pcsk5,0
Ostf1,0
Anxa1,0
Trpm3,1
Smc5,0
Pip5k1b,0
Rfx3,0
Slc1a1,0
Cdc37l1,0
Rcl1,0
Cd274,1
Pdcd1lg2,0
Prkg1,0
Asah2,0
Rpl9-ps6,0
Papss2,0
Stambpl1,0
Ch25h,0
Ifit1,0
Slc16a12,0
Htr7,1
Hhex,0
Cep55,0
Ffar4,1
Slc35g1,0
Cyp2c70,0
Tctn3,0
Blnk,1
Sfrp5,1
R3hcc1l,0
Nkx2-3,0
Dnmbp,0
Cpn1,0
Cwf19l1,0
Hif1an,0
Btrc,0
Trim8,0
Wbp1l,0
Pcgf6,0
Pdcd11,0
4833407H14Rik,0
Acsl5,0
Tcf7l2,0
Nrap,0
Gfra1,1
Pdzd8,0
Nudt10,0
Syp,0
Prickle3,0
Tfe3,0
Gripap1,1
Pqbp1,0
Timm17b,0
Eras,0
Wdr13,0
Srpx,1
Rpgr,1
Ddx3x,0
Gpr34,1
Uba1,0
Wdr44,0
Il13ra1,1
Slc25a43,0
Zbtb33,1
Cul4b,0
Gria3,1
Tenm1,0
Zfp280c,0
Slc25a14,0
Plac1,0
Fam122b,0
Mmgt1,0
Arhgef6,1
Atp11c,0
Mtm1,0
Xlr5a,0
Slc6a8,0
Abcd1,0
Idh3g,0
Hcfc1,0
Tktl1,0
Taz,0
Atp6ap1,1
Fam3a,1
Gab3,0
Brcc3,0
Vbp1,0
Tmem47,0
4930595M18Rik,0
Gspt2,0
Zxdb,0
Taf1,0
Dmrtc1a,0
Itm2a,0
Tbx22,0
Rps6ka6,0
Dach2,0
Gprasp1,1
Slc25a53,0
Rnf128,0
Rbm41,0
Tsc22d3,0
Ammecr1,0
Chrdl1,0
Lhfpl1,0
Lrch2,0
Tro,0
Gnl3l,0
Wnk3,0
Phf8,0
Huwe1,0
Gpr143,0
Acot9,0
Mbtps2,0
Map7d2,0
Rai2,0
Pir,0
Gpm6b,0
Trappc2,0
Arhgap6,0
Mid1,0
Uty,0
Ddx3y,0
Usp9y,0
